ParentLoginVisitID,DeidentID,RecID,AENotifiedDt,AdverseEventType,AEOnsetDt,AEPrEnroll,AENotedStdyVisExam,AEIntensity,AERelStdyTrt,AERelStdyTrtUncertain,AERelStdyProc,AEEffectTrt,AESerious,AETrt,AESurg,AESurgDt,AEMedsList,AEOthTrt,AEOutcome,AEResDt,AEDeathCause,AEDeathDt,AEDeath,AEConAnomaly,AELifeThreat,AEHosp,AEDisability,AEOther,Weight,WeightMeas,WeightNotAvail,AERelLabData,AEOthRelHx,AEMedProd,MMAERelStdyTrt,MMAESerious,MMUnexpected,AERelStdyDrugDevice,AERelStdyDrugDeviceUncertain,MCLLTReal
,1,1,2014-01-30 00:00:00,,2014-01-30 00:00:00,No,No,Moderate,,,No,Discontinued temporarily,No,Yes,No,,"Levaquin, Oxycodone,Zofran",No,Complete Recovery,2014-02-08 00:00:00,,,,,,,,,,,,,,,No,No,,Unrelated,,Urinary tract infection
,1,4,2014-02-14 00:00:00,,2014-02-14 00:00:00,No,No,Mild,,,No,Discontinued temporarily,No,Yes,No,,macrobid,No,Complete Recovery,2014-02-21 00:00:00,,,,,,,,,,,,,,,No,No,,Unrelated,,Urinary tract infection
,1,11,2014-06-07 00:00:00,,2014-01-30 00:00:00,No,Yes,Moderate,,,No,No change,No,No,,,,,"Ongoing,medically stable",,,,,,,,,,,,,,,,No,No,,Unrelated,,Endometriosis
,4,2,2012-07-23 00:00:00,,2012-07-22 00:00:00,No,No,Mild,,,No,Discontinued temporarily,No,Yes,No,,"AMOX TR-K CLV 875-125 mg tabs,1 tab 2X Daily for 10 days",No,Complete Recovery,2012-08-01 00:00:00,,,,,,,,,,,,,,,No,No,,Unrelated,,Sinus infection
,4,14,2013-01-02 00:00:00,,2013-01-01 00:00:00,No,No,Mild,,,No,No change,No,No,,,,,Complete Recovery,2013-01-05 00:00:00,,,,,,,,,,,,,,,No,No,,Unrelated,,Cold
,6,18,2015-02-07 00:00:00,,2015-01-30 00:00:00,No,No,Moderate,,,No,No change,No,Yes,No,,Tylenol Cold Relief,No,Complete Recovery,2015-02-02 00:00:00,,,,,,,,,,,,,,,No,No,,Unrelated,,Cold
,7,3,2014-09-28 00:00:00,,2014-09-26 00:00:00,No,No,Moderate,,,No,No change,No,Yes,No,,"Lidocaine patch (i.e., LidoDerm)",No,"Ongoing,medically stable"," ",,,,,,,,,,,,,,,No,No,,Unrelated,,Shoulder pain
,7,9,2014-10-08 00:00:00,,2014-10-01 00:00:00,No,No,Mild,,,No,No change,No,No,,,,,Complete Recovery,2014-10-22 00:00:00,,,,,,,,,,,,,,,No,No,,Unrelated,,Upper respiratory infection
,7,19,2015-08-08 00:00:00,,2015-08-04 00:00:00,No,No,Moderate,,,No,No change,No,Yes,No,,Azithromycin Z-pack,No,Complete Recovery,2015-08-08 00:00:00,,,,,,,,,,,,,,,No,No,,Unrelated,,Cold
,9,5,2014-11-12 00:00:00,,2014-11-12 00:00:00,No,No,Moderate,,,Yes,No change,No,Yes,No,,Humalog insulin,No,Complete Recovery,2014-11-12 00:00:00,,,,,,,,,,,,,,,No,No,,Unrelated,,Ketosis
,9,6,2014-11-29 00:00:00,,2014-11-29 00:00:00,No,No,Mild,,,No,Discontinued temporarily,No,No,,,,,Complete Recovery,2014-12-11 00:00:00,,,,,,,,,,,,,,,No,No,,Unrelated,,Sore throat
,9,7,2014-12-08 00:00:00,,2014-12-02 00:00:00,No,No,Mild,,,No,No change,No,Yes,No,,"pseudoephedrine,30mg",No,Complete Recovery,2014-12-11 00:00:00,,,,,,,,,,,,,,,No,No,,Unrelated,,Cold
,9,10,2014-11-19 00:00:00,,2014-11-19 00:00:00,No,No,Mild,,,No,Discontinued temporarily,No,No,,,,,Complete Recovery,2014-11-19 00:00:00,,,,,,,,,,,,,,,Yes,No,,Unlikely related,,Ketosis
,10,20,2013-07-08 00:00:00,,2013-06-24 00:00:00,No,No,Mild,,,No,No change,No,No,,,,,Complete Recovery,2013-07-01 00:00:00,,,,,,,,,,,,,,,No,No,,Unrelated,,Cold
,11,12,2012-12-18 00:00:00,,2012-11-26 00:00:00,No,No,Mild,,,No,No change,No,Yes,No,,Antibiotic - Subject does not recall exact name of antibiotic taken.,No,Complete Recovery,2012-12-08 00:00:00,,,,,,,,,,,,,,,No,No,,Unrelated,,Tooth infection
,11,13,2012-12-18 00:00:00,,2012-11-26 00:00:00,No,No,Mild,,,No,No change,No,Yes,No,,Subject does not remember the name of antibiotic taken.,No,Complete Recovery,2012-12-08 00:00:00,,,,,,,,,,,,,,,No,No,,Unrelated,,Pneumonia
,13,16,2012-09-07 00:00:00,,2012-09-07 00:00:00,No,No,Mild,,,No,Discontinued temporarily,No,No,,,,,Complete Recovery,2012-09-09 00:00:00,,,,,,,,,,,,,,,Yes,No,,Probably related,,Skin injury
,14,17,2014-05-10 00:00:00,,2014-05-09 00:00:00,No,No,Moderate,,,Yes,Discontinued temporarily,No,No,,,,,Complete Recovery,2014-05-14 00:00:00,,,,,,,,,,,,,,,Yes,No,,Possibly related,,Hyperglycemia
,24,15,2012-08-31 00:00:00,,2012-08-25 00:00:00,No,No,Mild,,,No,No change,No,Yes,No,,p.o advil 200mg twice,No,Complete Recovery,2012-08-26 00:00:00,,,,,,,,,,,,,,,No,No,,Unrelated,,Upper respiratory infection
,29,8,2013-08-24 00:00:00,,2013-08-19 00:00:00,No,No,Mild,,,No,No change,No,Yes,No,,metopimazine,No,Complete Recovery,2013-08-20 00:00:00,,,,,,,,,,,,,,,No,No,,Unrelated,,Nausea