ParentLoginVisitID,DeidentID,RecID,PhCallDt,PrsnSpk,SensorDays,SensorDaysSkinIrritation,SensorDaysAlarmsTooFrequently,SensorDaysInaccurateReadings,SensorDaysTooDifficult,SensorDaysTooBusy,SensorDaysForgetToUse,SensorDaysInfoNotHelpful,SensorDaysFailure,SensorDaysOther,SensorProblems,SensorProblemsConnecting,SensorProblemsDidNotInsert,SensorProblemsBleeding,SensorProblemsPulledOut,SensorProblemsRemoved,SensorProblemsStopped,SensorProblemsOther,SevHypo,SevHyper,AdverseEvent
,1,1,2013-10-06 00:00:00,Subject,7,,,,,,,,,,No,,,,,,,,No,No,No
,1,2,2013-10-13 00:00:00,Subject,7,,,,,,,,,,No,,,,,,,,No,No,No
,1,8,2013-10-20 00:00:00,Subject,7,,,,,,,,,,No,,,,,,,,No,No,No
,2,3,2013-08-29 00:00:00,Subject,3,,,,,,,,,1,No,,,,,,,,No,No,No
,2,9,2013-09-05 00:00:00,Subject,7,,,,,,,,,,No,,,,,,,,No,No,No
,3,4,2014-05-04 00:00:00,Subject,7,,,,,,,,,,No,,,,,,,,No,No,No
,3,5,2014-05-11 00:00:00,Subject,7,,,,,,,,,,No,,,,,,,,No,No,No
,3,10,2014-05-18 00:00:00,Subject,7,,,,,,,,,,No,,,,,,,,No,No,No
,4,6,2012-03-29 00:00:00,Subject,7,,,,,,,,,,No,,,,,,,,No,No,No
,4,7,2012-04-05 00:00:00,Subject,7,,,,,,,,,,No,,,,,,,,No,No,No
,4,11,2012-04-12 00:00:00,Subject,7,,,,,,,,,,No,,,,,,,,No,No,No
,11,12,2012-06-02 00:00:00,Subject,7,,,,,,,,,,No,,,,,,,,No,No,No
,11,13,2012-06-09 00:00:00,Subject,7,,,,,,,,,,No,,,,,,,,No,No,No
,12,14,2013-06-12 00:00:00,Subject,7,,,,,,,,,,No,,,,,,,,No,No,No
,12,17,2013-06-18 00:00:00,Subject,7,,,,,,,,,,No,,,,,,,,No,No,No
,12,20,2013-06-26 00:00:00,Subject,7,,,,,,,,,,No,,,,,,,,No,No,No
,12,23,2013-07-02 00:00:00,Subject,7,,,,,,,,,,No,,,,,,,,No,No,No
,16,16,2012-04-12 00:00:00,Subject,7,,,,,,,,,,No,,,,,,,,No,No,No
,16,18,2012-04-19 00:00:00,Subject,7,,,,,,,,,,No,,,,,,,,No,No,No
,16,21,2012-04-26 00:00:00,Subject,7,,,,,,,,,,No,,,,,,,,No,No,No
,18,15,2012-10-08 00:00:00,Subject,7,,,,,,,,,,No,,,,,,,,No,No,No
,18,19,2012-10-15 00:00:00,Subject,7,,,,,,,,,,No,,,,,,,,No,No,No
,18,22,2012-10-22 00:00:00,Subject,7,,,,,,,,,,No,,,,,,,,No,No,No
,21,31,2014-05-03 00:00:00,Subject,7,,,,,,,,,,No,,,,,,,,No,No,No
,21,32,2014-05-10 00:00:00,Subject,7,,,,,,,,,,No,,,,,,,,No,No,No
,22,29,2014-12-20 00:00:00,Subject,7,,,,,,,,,,No,,,,,,,,No,No,No
,22,30,2014-12-27 00:00:00,Subject,7,,,,,,,,,,No,,,,,,,,No,No,No
,23,24,2014-11-02 00:00:00,Subject,7,,,,,,,,,,No,,,,,,,,No,No,No
,23,25,2014-11-09 00:00:00,Subject,7,,,,,,,,,,No,,,,,,,,No,No,No
,24,26,2012-08-03 00:00:00,Subject,7,,,,,,,,,,No,,,,,,,,No,No,No
,24,27,2012-08-10 00:00:00,Subject,7,,,,,,,,,,No,,,,,,,,No,No,No
,25,28,2014-10-19 00:00:00,Subject,7,,,,,,,,,,No,,,,,,,,No,No,No
,25,33,2014-10-26 00:00:00,Subject,7,,,,,,,,,,No,,,,,,,,No,No,No