ParentLoginVisitID,DeidentID,RecID,PregTestDt,PregTestNotDoneMF,TranslatorBoxNotUsed,DexcomReceiverNotUsed,SensorDays,SubEligibility
539,1,1,2013-12-28 00:00:00,,,,1,Yes
542,2,2,,Surgically sterile,,,1,Yes
545,3,3,,Subject is Male,,,3,Yes
548,4,4,,Surgically sterile,,,5,Yes
551,5,5,,Subject is Male,,,1,Yes
711,6,11,,Subject is Male,,,3,Yes
702,7,8,2014-10-08 00:00:00,,,,5,Yes
705,8,9,,Subject is Male,,,0,Yes
708,9,10,,Surgically sterile,,,2,Yes
713,10,12,,Subject is Male,,,5,Yes
678,11,7,,Subject is Male,,,7,Yes
776,12,15,2013-08-25 00:00:00,,,,5,Yes
756,13,14,,Subject is Male,,,3,Yes
777,14,16,2013-10-04 00:00:00,,,,4,Yes
747,15,13,,Subject is Male,,,2,Yes
789,16,21,,Subject is Male,,,2,Yes
786,17,18,,Subject is Male,,,1,Yes
787,18,19,,Subject is Male,,,2,Yes
788,19,20,,Other,,,2,Yes
785,20,17,,Subject is Male,,,3,Yes
983,21,26,,Subject is Male,,,7,Yes
986,22,27,,Subject is Male,,,7,Yes
994,23,28,2014-12-09 00:00:00,,,,7,Yes
997,24,29,2012-09-10 00:00:00,,,,7,Yes
1002,25,30,2014-11-23 00:00:00,,,,7,Yes
662,26,6,,Subject is Male,,,3,Yes
840,27,22,,Subject is Male,,,2,Yes
843,28,23,,Subject is Male,,,1,Yes
886,29,24,2013-10-24 00:00:00,,,,2,Yes
890,30,25,2012-12-10 00:00:00,,,,1,Yes