ParentLoginVisitID,DeidentID,RecID,TrainingReceived1,TrainingReceived2,ClosedLoopFullyEnabled,QCMeter,QCKetone
588,1,1,1,1,Yes,Yes,Yes
590,2,2,1,1,Yes,Yes,Yes
622,3,5,1,1,Yes,Yes,Yes
592,4,3,1,1,Yes,Yes,Yes
594,5,4,1,1,Yes,Yes,Yes
806,6,9,1,1,Yes,Yes,Yes
811,7,11,1,1,Yes,Yes,Yes
925,8,24,1,1,Yes,Yes,Yes
809,9,10,1,1,Yes,Yes,Yes
861,10,17,1,1,Yes,Yes,Yes
751,11,7,1,1,Yes,Yes,No
880,12,21,1,1,Yes,Yes,Yes
878,13,20,1,1,Yes,Yes,Yes
900,14,22,1,1,Yes,No,No
784,15,8,1,1,Yes,Yes,Yes
837,16,13,1,1,Yes,Yes,Yes
834,17,12,1,1,Yes,Yes,Yes
838,18,14,1,1,Yes,Yes,Yes
839,19,15,1,1,Yes,Yes,Yes
851,20,16,1,1,Yes,Yes,Yes
1008,21,26,1,1,Yes,Yes,Yes
1018,22,27,1,1,Yes,Yes,Yes
1020,23,28,1,1,Yes,Yes,Yes
1022,24,29,1,1,Yes,Yes,Yes
1024,25,30,1,1,Yes,Yes,Yes
743,26,6,1,1,Yes,Yes,Yes
864,27,18,1,1,Yes,Yes,Yes
866,28,19,1,1,Yes,Yes,Yes
928,29,25,1,1,Yes,Yes,Yes
919,30,23,1,1,Yes,Yes,Yes