ParentLoginVisitID,DeidentID,RecID,QuestionnaireCompleted,StudySuppliesReturned,SevHypo,SevHyper,AdverseEvent
898,1,10,Yes,Yes,No,No,No
907,2,13,Yes,Yes,No,No,No
739,3,1,Yes,Yes,No,No,No
905,4,12,Yes,Yes,No,No,No
896,5,9,Yes,Yes,No,No,No
934,6,18,Yes,No,No,No,No
936,7,19,Yes,No,No,No,No
949,8,22,Yes,No,No,No,No
999,9,25,No,Yes,No,No,No
945,10,20,Yes,No,No,No,No
847,11,3,Yes,No,No,No,No
923,12,17,Yes,Yes,No,No,No
912,13,16,Yes,Yes,No,No,No
981,14,24,Yes,No,No,No,No
882,15,7,No,No,No,No,No
894,16,8,Yes,Yes,No,No,No
869,17,4,Yes,Yes,No,No,No
875,18,6,Yes,Yes,No,No,No
874,19,5,Yes,Yes,No,No,No
904,20,11,Yes,Yes,No,No,No
1035,21,26,Yes,Yes,No,No,No
1036,22,27,Yes,Yes,No,No,No
1054,23,28,Yes,Yes,No,No,No
1055,24,29,Yes,Yes,No,No,No
1056,25,30,Yes,Yes,No,No,No
826,26,2,No,Yes,No,No,No
909,27,14,Yes,Yes,No,No,No
910,28,15,Yes,Yes,No,No,No
960,29,23,Yes,Yes,No,No,No
947,30,21,Yes,Yes,No,No,No