ParentLoginVisitID,DeidentID,RecID,InvDevice,DevSerialNumberNone,DevIssueType,DevIssueOnsetDt,DevIssueLocation,DevIssueFrequency,DevIssueEffect,DevIssueReplacedDt,DevIssueAE,DevIssueAELikely
,1,1,Other,,Device malfunction,2014-01-10 00:00:00,Other,Single Event,Study device replaced,2014-01-11 00:00:00,No,Unlikely
,2,49,Dexcom G4 Platinum CGM,,Other,2014-08-28 00:00:00,Home,Single Event,Study device replaced,2014-08-31 00:00:00,No,Unlikely
,3,53,Dexcom G4 Platinum CGM,,Other,2015-05-04 00:00:00,Home,Single Event,Study device replaced,2015-05-06 00:00:00,No,Unlikely
,3,55,Dexcom G4 Platinum CGM,,Other,2015-05-07 00:00:00,Home,Single Event,Study device replaced,2015-05-09 00:00:00,No,Unlikely
,3,63,DiAs (Platform/Algorithm),Unknown,User error,2015-06-17 00:00:00,Home,Single Event,Study device modified/adjusted,2015-06-20 00:00:00,No,Unlikely
,4,2,Other,,Device malfunction,2012-07-06 00:00:00,Home,Single Event,Study device replaced,2012-07-07 00:00:00,No,Unlikely
,4,54,Dexcom G4 Platinum CGM,,Other,2013-03-29 00:00:00,Home,Single Event,Study device replaced,2013-03-31 00:00:00,No,Unlikely
,5,51,Dexcom G4 Platinum CGM,,User error,2014-11-18 00:00:00,Home,Single Event,Study device replaced,,No,Unlikely
,5,52,DiAs (Platform/Algorithm),,User error,2014-11-18 00:00:00,Home,Single Event,Study device replaced,,No,Unlikely
,5,58,Dexcom G4 Platinum CGM,Unknown,User error,2014-11-23 00:00:00,Home,Single Event,Study device replaced,2014-11-26 00:00:00,No,Unlikely
,6,4,DiAs (Platform/Algorithm),,Device malfunction,2014-04-15 00:00:00,Home,Single Event,No change,,No,Unlikely
,6,19,DiAs (Platform/Algorithm),N/A,Device malfunction,2014-05-27 00:00:00,Clinic (outpatient),Single Event,Discontinued permanently,,No,Not assessable
,7,5,DiAs (Platform/Algorithm),,Device malfunction,2014-09-30 00:00:00,Home,Intermittent,No change,,No,Unlikely
,7,15,Other,,Device malfunction,2014-11-02 00:00:00,Home,Continuous,Study device replaced,2014-11-03 00:00:00,No,Not assessable
,7,20,DiAs (Platform/Algorithm),N/A,Device malfunction,2014-11-12 00:00:00,Clinic (outpatient),Single Event,Discontinued temporarily,,No,Not assessable
,7,64,Dexcom G4 Platinum CGM,,Device malfunction,2015-07-20 00:00:00,Home,Intermittent,Study device replaced,2015-07-21 00:00:00,No,Unlikely
,7,69,Other,N/A,Device malfunction,2015-07-19 00:00:00,Home,Single Event,Study device modified/adjusted,,No,Unlikely
,8,14,Roche Spirit Combo Pump,,Device malfunction,2014-04-19 00:00:00,Home,Continuous,Study device replaced,2014-04-20 00:00:00,No,Not assessable
,8,28,DiAs (Platform/Algorithm),N/A,Device malfunction,2014-04-26 00:00:00,Clinic (outpatient),Single Event,Discontinued temporarily,,No,Not assessable
,8,68,Other,N/A,Other,2014-10-01 00:00:00,Home,Intermittent,Study device replaced,2014-10-02 00:00:00,No,Unlikely
,9,21,DiAs (Platform/Algorithm),N/A,Device malfunction,2014-12-12 00:00:00,Clinic (outpatient),Single Event,Discontinued temporarily,,No,Not assessable
,10,8,DiAs (Platform/Algorithm),N/A,Other,2012-09-04 00:00:00,Home,Continuous,Study device modified/adjusted,2012-09-07 00:00:00,No,Possibly
,10,12,Dexcom G4 Platinum CGM,,Device malfunction,2012-08-24 00:00:00,Clinic (outpatient),Single Event,Study device replaced,2012-08-24 00:00:00,No,Unlikely
,10,13,Other,,Device malfunction,2012-09-19 00:00:00,Home,Single Event,Study device replaced,2012-09-19 00:00:00,No,Not assessable
,10,22,DiAs (Platform/Algorithm),N/A,Device malfunction,2012-10-01 00:00:00,Clinic (outpatient),Single Event,Discontinued temporarily,,No,Not assessable
,10,27,DiAs (Platform/Algorithm),N/A,Device malfunction,2012-11-25 00:00:00,Home,Continuous,Study device replaced,2012-11-29 00:00:00,No,Not assessable
,10,29,Other,Unknown,Device malfunction,2012-12-16 00:00:00,Home,Single Event,Study device replaced,2012-12-16 00:00:00,No,Unlikely
,10,33,Other,Unknown,Device malfunction,2012-12-25 00:00:00,Home,Intermittent,Study device replaced,2012-12-26 00:00:00,No,Unlikely
,10,62,Roche Spirit Combo Pump,,Device malfunction,2013-02-18 00:00:00,Home,Single Event,Study device replaced,2013-02-18 00:00:00,No,Unlikely
,10,70,Other,N/A,Device malfunction,2013-02-23 00:00:00,Home,Intermittent,Study device replaced,2013-03-28 00:00:00,No,Unlikely
,11,10,DiAs (Platform/Algorithm),,Device malfunction,2012-08-22 00:00:00,Home,Single Event,No change,,No,Unlikely
,11,11,Other,,Device malfunction,2012-08-20 00:00:00,Home,Single Event,Study device replaced,2012-08-20 00:00:00,No,Possibly
,11,35,Dexcom G4 Platinum CGM,,Device malfunction,2013-01-05 00:00:00,Home,Intermittent,Study device replaced,2013-01-05 00:00:00,No,Unlikely
,11,38,Roche Spirit Combo Pump,,Device malfunction,2013-01-18 00:00:00,Home,Continuous,Study device replaced,2013-01-22 00:00:00,No,Unlikely
,11,50,DiAs (Platform/Algorithm),,Device malfunction,2013-03-18 00:00:00,Home,Intermittent,Study device replaced,2013-03-19 00:00:00,No,Unlikely
,12,23,Dexcom G4 Platinum CGM,,Device malfunction,2013-10-29 00:00:00,Home,Single Event,Study device replaced,2013-10-30 00:00:00,No,Possibly
,12,24,DiAs (Platform/Algorithm),,Device malfunction,2013-10-29 00:00:00,Home,Single Event,Study device modified/adjusted,2013-10-30 00:00:00,No,Possibly
,12,25,Other,,Device malfunction,2013-10-29 00:00:00,Home,Single Event,Study device replaced,2013-10-30 00:00:00,No,Possibly
,12,26,Other,,Device malfunction,2013-11-04 00:00:00,Home,Single Event,Study device replaced,2013-11-04 00:00:00,No,Possibly
,13,36,DiAs (Platform/Algorithm),,User error,2012-09-06 00:00:00,Other,Single Event,Discontinued temporarily,,No,Unlikely
,13,39,Dexcom G4 Platinum CGM,,Device malfunction,2012-09-19 00:00:00,Home,Intermittent,Study device replaced,2012-09-28 00:00:00,No,Unlikely
,13,40,DiAs (Platform/Algorithm),Unknown,Device malfunction,2012-10-04 00:00:00,Home,Intermittent,Discontinued temporarily,,No,Unlikely
,13,48,DiAs (Platform/Algorithm),,Other,2012-11-10 00:00:00,Clinic (outpatient),Single Event,No change,,No,Unlikely
,13,60,DiAs (Platform/Algorithm),Unknown,Other,2012-12-12 00:00:00,Home,Single Event,No change,,No,Unlikely
,13,61,Roche Spirit Combo Pump,Unknown,Other,2012-12-13 00:00:00,Home,Single Event,No change,,No,Unlikely
,14,34,DiAs (Platform/Algorithm),,Other,2014-01-27 00:00:00,Home,Single Event,Study device replaced,2014-01-30 00:00:00,No,Unlikely
,14,37,Dexcom G4 Platinum CGM,,Device malfunction,2014-02-22 00:00:00,Clinic (outpatient),Single Event,Study device replaced,,No,Unlikely
,14,57,Roche Spirit Combo Pump,,Other,2014-05-02 00:00:00,Clinic (outpatient),Single Event,Study device replaced,2014-05-02 00:00:00,No,Unlikely
,14,66,Dexcom G4 Platinum CGM,,Device malfunction,2014-06-14 00:00:00,Home,Single Event,Study device replaced,2014-06-14 00:00:00,No,Unlikely
,15,41,DiAs (Platform/Algorithm),,Device malfunction,2012-11-05 00:00:00,Home,Single Event,No change,,No,Possibly
,15,59,Roche Spirit Combo Pump,,Other,2013-01-02 00:00:00,Home,Intermittent,Study device replaced,,No,Possibly
,16,7,DiAs (Platform/Algorithm),Unknown,Device malfunction,2012-06-02 00:00:00,Home,Continuous,Study device replaced,2012-06-05 00:00:00,No,Unlikely
,17,17,Other,,Device malfunction,2013-10-06 00:00:00,Home,Continuous,Study device replaced,2013-10-06 00:00:00,No,Unlikely
,17,65,Other,,Device malfunction,2014-05-03 00:00:00,Home,Continuous,Study device replaced,2014-05-04 00:00:00,No,Unlikely
,17,73,Other,,Device malfunction,2014-06-16 00:00:00,Home,Intermittent,Study device replaced,2014-06-19 00:00:00,No,Unlikely
,20,56,Other,,Device malfunction,2014-02-23 00:00:00,Home,Continuous,Study device replaced,2014-02-24 00:00:00,No,Unlikely
,20,67,Other,,Device malfunction,2014-05-16 00:00:00,Home,Continuous,Study device replaced,2014-05-16 00:00:00,No,Unlikely
,20,71,Other,,Device malfunction,2014-04-27 00:00:00,Home,Continuous,Study device replaced,2014-04-27 00:00:00,No,Unlikely
,20,72,Other,,Device malfunction,2014-06-25 00:00:00,Home,Intermittent,Study device replaced,2014-06-26 00:00:00,No,Unlikely
,21,42,Other,,Device malfunction,2014-07-03 00:00:00,Home,Single Event,Study device replaced,2014-07-05 00:00:00,No,Unlikely
,21,45,Other,,Other,2014-06-08 00:00:00,Other,Intermittent,Study device replaced,2014-06-08 00:00:00,No,Unlikely
,22,46,Roche Spirit Combo Pump,,Other,2015-02-25 00:00:00,Home,Intermittent,Study device replaced,2015-03-04 00:00:00,No,Unlikely
,23,44,Other,,Device malfunction,2014-12-10 00:00:00,Other,Intermittent,Study device replaced,2014-12-10 00:00:00,No,Unlikely
,24,47,Other,,Device malfunction,2012-10-09 00:00:00,Home,Single Event,Study device replaced,2012-10-10 00:00:00,No,Unlikely
,25,43,Other,,Device malfunction,2014-11-18 00:00:00,Home,Intermittent,Study device replaced,2014-11-20 00:00:00,No,Unlikely
,26,3,Other,,Device malfunction,2013-10-08 00:00:00,Home,Single Event,Study device replaced,2013-10-10 00:00:00,No,Unlikely
,26,6,DiAs (Platform/Algorithm),,Device malfunction,2013-10-17 00:00:00,Home,Single Event,Discontinued temporarily,,No,Unlikely
,26,9,Dexcom G4 Platinum CGM,,Device malfunction,2013-10-26 00:00:00,Home,Intermittent,No change,,No,Unlikely
,28,18,DiAs (Platform/Algorithm),,Device malfunction,2013-03-28 00:00:00,Home,Single Event,Study device modified/adjusted,,No,Unlikely
,29,30,DiAs (Platform/Algorithm),,Device malfunction,2013-11-07 00:00:00,Home,Continuous,Study device replaced,2013-11-09 00:00:00,No,Possibly
,29,31,Roche Spirit Combo Pump,,Device malfunction,2013-11-07 00:00:00,Home,Intermittent,Study device replaced,2013-11-09 00:00:00,No,Possibly
,29,32,DiAs (Platform/Algorithm),,Device malfunction,2013-11-27 00:00:00,Home,Intermittent,No change,,No,Not assessable
,30,16,Dexcom G4 Platinum CGM,,Device malfunction,2012-11-16 00:00:00,Home,Single Event,Study device replaced,2012-11-19 00:00:00,No,Unlikely