DeidentID,RecID,SiteID,SelectedMode
1,1,1,Open-Loop Only
1,2,1,Open-Loop Only
1,3,1,Overnight-only Closed-Loop
1,4,1,24-hour Closed-Loop
1,5,1,Open-Loop Only
1,6,1,Overnight-only Closed-Loop
1,7,1,24-hour Closed-Loop
1,8,1,Open-Loop Only
1,9,1,Overnight-only Closed-Loop
1,10,1,24-hour Closed-Loop
1,11,1,Open-Loop Only
1,12,1,24-hour Closed-Loop
1,13,1,Open-Loop Only
3,14,1,Overnight-only Closed-Loop
1,15,1,Overnight-only Closed-Loop
2,16,1,Overnight-only Closed-Loop
4,17,1,Overnight-only Closed-Loop
5,18,1,Overnight-only Closed-Loop
1,19,1,24-hour Closed-Loop
2,20,1,24-hour Closed-Loop
3,21,1,24-hour Closed-Loop
4,22,1,24-hour Closed-Loop
5,23,1,24-hour Closed-Loop
1,24,1,Overnight-only Closed-Loop
2,25,1,Overnight-only Closed-Loop
3,26,1,Overnight-only Closed-Loop
4,27,1,Overnight-only Closed-Loop
5,28,1,Overnight-only Closed-Loop
26,29,13,Open-Loop Only
7,30,3,Open-Loop Only
8,31,3,Open-Loop Only
6,32,3,Open-Loop Only
6,33,3,Open-Loop Only
9,34,3,Open-Loop Only
9,35,3,Open-Loop Only
10,36,3,Open-Loop Only
11,37,4,Open-Loop Only
26,38,13,24-hour Closed-Loop
26,39,13,Overnight-only Closed-Loop
26,40,13,24-hour Closed-Loop
11,41,4,24-hour Closed-Loop
11,42,4,Overnight-only Closed-Loop
16,43,10,Open-Loop Only
17,44,10,Open-Loop Only
18,45,10,Open-Loop Only
19,46,10,Open-Loop Only
20,47,10,Open-Loop Only
13,48,4,Open-Loop Only
15,49,4,Open-Loop Only
7,50,3,Overnight-only Closed-Loop
8,51,3,Overnight-only Closed-Loop
9,52,3,Overnight-only Closed-Loop
6,53,3,Overnight-only Closed-Loop
6,54,3,Overnight-only Closed-Loop
12,55,4,Open-Loop Only
14,56,4,Open-Loop Only
18,57,10,Overnight-only Closed-Loop
17,58,10,Overnight-only Closed-Loop
19,59,10,Overnight-only Closed-Loop
20,60,10,Overnight-only Closed-Loop
16,61,10,Overnight-only Closed-Loop
15,62,4,24-hour Closed-Loop
15,63,4,Overnight-only Closed-Loop
7,64,3,24-hour Closed-Loop
7,65,3,24-hour Closed-Loop
13,66,4,Overnight-only Closed-Loop
13,67,4,24-hour Closed-Loop
14,68,4,Overnight-only Closed-Loop
14,69,4,24-hour Closed-Loop
12,70,4,Overnight-only Closed-Loop
12,71,4,24-hour Closed-Loop
20,72,10,Overnight-only Closed-Loop
20,73,10,24-hour Closed-Loop
20,74,10,Open-Loop Only
27,75,13,Open-Loop Only
27,76,13,Overnight-only Closed-Loop
27,77,13,24-hour Closed-Loop
28,78,13,Open-Loop Only
28,79,13,Overnight-only Closed-Loop
28,80,13,24-hour Closed-Loop
18,81,10,Overnight-only Closed-Loop
17,82,10,24-hour Closed-Loop
10,83,3,24-hour Closed-Loop
29,84,13,Open-Loop Only
29,85,13,Overnight-only Closed-Loop
29,86,13,24-hour Closed-Loop
30,87,13,24-hour Closed-Loop
30,88,13,Overnight-only Closed-Loop
30,89,13,Open-Loop Only
1,90,1,24-hour Closed-Loop
1,91,1,24-hour Closed-Loop
2,92,1,24-hour Closed-Loop
3,93,1,24-hour Closed-Loop
4,94,1,24-hour Closed-Loop
5,95,1,24-hour Closed-Loop
1,96,1,24-hour Closed-Loop
1,97,1,24-hour Closed-Loop
1,98,1,24-hour Closed-Loop
8,99,3,24-hour Closed-Loop
8,100,3,24-hour Closed-Loop
18,101,10,24-hour Closed-Loop
6,102,3,24-hour Closed-Loop
12,103,4,24-hour Closed-Loop
14,104,4,24-hour Closed-Loop
13,105,4,24-hour Closed-Loop
13,106,4,24-hour Closed-Loop
11,107,4,24-hour Closed-Loop
8,108,3,24-hour Closed-Loop
10,109,3,24-hour Closed-Loop
10,110,3,24-hour Closed-Loop
21,111,12,24-hour Closed-Loop
21,112,12,24-hour Closed-Loop
20,113,10,24-hour Closed-Loop
21,114,12,24-hour Closed-Loop
21,115,12,24-hour Closed-Loop
21,116,12,Open-Loop Only
21,117,12,Overnight-only Closed-Loop
15,118,4,24-hour Closed-Loop
22,119,12,Open-Loop Only
22,120,12,Overnight-only Closed-Loop
22,121,12,24-hour Closed-Loop
24,122,12,Open-Loop Only
24,123,12,Overnight-only Closed-Loop
24,124,12,24-hour Closed-Loop
23,125,12,Open-Loop Only
23,126,12,Overnight-only Closed-Loop
23,127,12,24-hour Closed-Loop
6,128,3,24-hour Closed-Loop
6,129,3,24-hour Closed-Loop
6,130,3,24-hour Closed-Loop
6,131,3,24-hour Closed-Loop
25,132,12,Open-Loop Only
25,133,12,Overnight-only Closed-Loop
25,134,12,24-hour Closed-Loop
20,135,10,24-hour Closed-Loop