ParentLoginVisitID,DeidentID,RecID,SubEligibility,ExtendedConsentSubject,ExtendedConsentCompanion,PregTestDt,PregTestNotDoneMF,QCMeter,QCKetone
908,2,4,1,2014-05-03 00:00:00,2014-05-03 00:00:00,,Surgically sterile,Yes,Yes
895,3,1,1,2015-01-02 00:00:00,2015-01-02 00:00:00,,Subject is Male,Yes,Yes
906,4,3,1,2012-11-27 00:00:00,2012-11-27 00:00:00,,Surgically sterile,Yes,Yes
897,5,2,1,2014-07-17 00:00:00,2014-07-17 00:00:00,,Subject is Male,Yes,Yes
935,6,5,1,2014-08-10 00:00:00,2014-08-10 00:00:00,,Subject is Male,Yes,Yes
937,7,6,1,2015-01-29 00:00:00,2015-01-29 00:00:00,2015-02-23 00:00:00,,Yes,Yes
950,8,11,1,2014-08-10 00:00:00,2014-08-10 00:00:00,,Subject is Male,Yes,Yes
946,10,10,1,2013-01-14 00:00:00,2013-01-14 00:00:00,,Subject is Male,Yes,Yes
942,11,8,1,2012-12-18 00:00:00,2012-12-18 00:00:00,,Subject is Male,Yes,Yes
938,13,7,1,2012-08-17 00:00:00,2012-08-17 00:00:00,,Subject is Male,No,No
989,14,12,1,2014-01-29 00:00:00,2014-02-07 00:00:00,2014-02-22 00:00:00,,No,No
943,15,9,1,2012-09-18 00:00:00,2012-09-18 00:00:00,,Subject is Male,Yes,Yes
1004,17,14,1,2014-01-23 00:00:00,2014-01-23 00:00:00,,Subject is Male,Yes,Yes
1000,20,13,1,2014-01-26 00:00:00,2014-01-26 00:00:00,,Subject is Male,Yes,Yes