ParentLoginVisitID,DeidentID,RecID,PhCallDt,PrsnSpk,SystemProblems,MeterHighOrLow,SevHypo,SevHyper,AdverseEvent,NonPContType,IssuesDiscussed
,4,1,2012-11-29 00:00:00,Subject,No,No,No,No,No,Phone,Yes
,2,2,2014-05-05 00:00:00,Subject,No,No,No,No,No,Phone,Yes
,5,3,2014-07-20 00:00:00,Subject,No,Yes,No,No,No,Phone,Yes
,3,4,2015-01-04 00:00:00,Subject,No,No,No,No,No,Phone,Yes
,2,5,2014-05-07 00:00:00,Subject,No,No,No,No,No,Phone,Yes
,3,6,2015-01-07 00:00:00,Subject,No,Yes,No,No,No,Phone,Yes
,4,7,2012-12-02 00:00:00,Subject,No,No,No,No,No,Phone,Yes
,5,8,2014-07-23 00:00:00,Subject,No,No,No,No,No,Phone,Yes
,2,9,2014-05-12 00:00:00,Subject,No,No,No,No,No,Phone,Yes
,3,10,2015-01-11 00:00:00,Subject,No,No,No,No,No,Phone,Yes
,4,11,2012-12-06 00:00:00,Subject,No,No,No,No,No,Phone,Yes
,5,12,2014-07-27 00:00:00,Subject,No,No,No,No,No,Phone,Yes
,2,13,2014-05-15 00:00:00,Subject,No,No,No,No,No,Phone,Yes
,3,14,2015-01-14 00:00:00,Subject,No,No,No,No,No,Office Visit,Yes
,4,15,2012-12-09 00:00:00,Subject,No,No,No,No,No,Phone,Yes
,5,16,2014-07-31 00:00:00,Subject,Yes,No,No,No,No,Phone,Yes
,3,17,2015-01-18 00:00:00,Subject,No,No,No,No,No,Email,Yes
,2,18,2014-05-19 00:00:00,Subject,No,No,No,No,No,Email,Yes
,4,19,2012-12-13 00:00:00,Subject,No,No,No,No,No,Email,Yes
,5,20,2014-08-03 00:00:00,Subject,No,No,No,No,No,Email,Yes
,2,21,2014-05-26 00:00:00,Subject,No,No,No,No,No,Phone,Yes
,3,22,2015-01-25 00:00:00,Subject,No,No,No,No,No,Office Visit,Yes
,4,23,2012-12-20 00:00:00,Subject,No,No,No,No,No,Phone,Yes
,5,24,2014-08-10 00:00:00,Subject,No,No,No,No,No,Text,Yes
,2,25,2014-05-30 00:00:00,Subject,No,No,No,No,No,Office Visit,Yes
,4,26,2012-12-24 00:00:00,Subject,No,No,No,No,No,Office Visit,Yes
,5,27,2014-08-14 00:00:00,Subject,No,No,No,No,No,Office Visit,Yes
,13,28,2012-08-19 00:00:00,Subject,Yes,No,No,No,No,Text,Yes
,11,29,2012-12-19 00:00:00,Subject,Yes,No,No,No,No,Phone,Yes
,10,30,2013-01-17 00:00:00,Subject,Yes,No,No,No,No,Phone,Yes
,7,31,2015-02-28 00:00:00,Subject,Yes,No,No,No,No,Phone,Yes
,8,32,2014-08-13 00:00:00,Subject,Yes,No,No,No,No,Phone,Yes
,6,33,2014-09-12 00:00:00,Subject,Yes,No,No,No,No,Phone,Yes
,2,34,2014-06-05 00:00:00,Subject,No,No,No,No,No,Text,Yes
,3,35,2015-02-04 00:00:00,Subject,No,No,No,No,No,Text,Yes
,4,36,2012-12-30 00:00:00,Subject,No,No,No,No,No,Text,Yes
,5,37,2014-08-20 00:00:00,Subject,No,No,No,No,No,Email,Yes
,6,38,2014-09-19 00:00:00,Subject,Yes,No,No,No,No,Phone,Yes
,7,39,2015-03-07 00:00:00,Subject,Yes,No,No,No,No,Office Visit,Yes
,4,40,2013-01-05 00:00:00,Subject,No,No,No,No,No,Email,Yes
,11,41,2012-12-22 00:00:00,Subject,No,No,No,No,No,Phone,Yes
,11,42,2012-12-26 00:00:00,Subject,No,No,No,No,No,Text,Yes
,11,43,2012-12-29 00:00:00,Subject,No,Yes,No,No,No,Text,Yes
,13,44,2012-08-22 00:00:00,Subject,No,No,No,No,No,Text,Yes
,13,45,2012-08-26 00:00:00,Subject,Yes,No,No,No,No,Text,Yes
,15,46,2012-09-26 00:00:00,Subject,No,No,No,No,No,Phone,Yes
,15,47,2012-09-29 00:00:00,Subject,No,No,No,No,No,Text,Yes
,13,48,2012-08-29 00:00:00,Subject,No,No,No,No,No,Text,Yes
,2,50,2014-06-12 00:00:00,Subject,No,No,No,No,No,Email,Yes
,5,51,2014-08-27 00:00:00,Subject,No,No,No,No,No,Text,Yes
,3,52,2015-02-11 00:00:00,Subject,No,No,No,No,No,Text,Yes
,15,53,2012-09-21 00:00:00,Subject,No,No,No,No,No,Phone,Yes
,11,54,2013-01-02 00:00:00,Subject,Yes,No,No,No,No,Phone,Yes
,15,55,2012-10-03 00:00:00,Subject,No,No,No,No,No,Text,Yes
,13,56,2012-09-02 00:00:00,Subject,Yes,No,No,No,No,Text,Yes
,2,57,2014-06-18 00:00:00,Subject,No,No,No,No,No,Email,Yes
,3,58,2015-02-17 00:00:00,Subject,No,No,No,No,No,Email,Yes
,4,59,2013-01-12 00:00:00,Subject,No,No,No,No,No,Email,Yes
,5,60,2014-09-03 00:00:00,Subject,No,No,No,No,No,Phone,Yes
,13,61,2012-09-06 00:00:00,Subject,No,No,No,No,No,Text,Yes
,11,62,2013-01-05 00:00:00,Subject,Yes,No,No,No,No,Office Visit,Yes
,11,63,2013-01-09 00:00:00,Subject,Yes,No,No,No,No,Phone,Yes
,13,64,2012-09-09 00:00:00,Subject,Yes,No,No,No,No,Phone,Yes
,15,65,2012-10-10 00:00:00,Subject,Yes,No,No,No,No,Text,Yes
,4,66,2013-01-19 00:00:00,Subject,No,No,No,No,No,Email,Yes
,3,67,2015-02-24 00:00:00,Subject,Yes,No,No,No,No,Email,Yes
,2,68,2014-06-25 00:00:00,Subject,No,No,No,No,No,Email,Yes
,5,69,2014-09-10 00:00:00,Subject,No,No,No,No,No,Phone,Yes
,11,70,2013-01-19 00:00:00,Subject,Yes,No,No,No,No,Phone,Yes
,15,71,2012-10-20 00:00:00,Subject,No,No,No,No,No,Email,Yes
,14,72,2014-02-25 00:00:00,Subject,No,No,No,No,No,Email,Yes
,2,73,2014-07-03 00:00:00,Subject,Yes,No,No,No,No,Email,Yes
,3,74,2015-03-04 00:00:00,Subject,No,No,No,No,No,Email,Yes
,4,75,2013-01-27 00:00:00,Subject,No,No,No,No,No,Email,Yes
,5,76,2014-09-17 00:00:00,Subject,No,No,No,No,No,Email,Yes
,11,77,2013-01-22 00:00:00,Subject,Yes,No,No,No,No,Office Visit,Yes
,14,78,2014-03-02 00:00:00,Subject,No,Yes,No,No,No,Text,Yes
,15,79,2012-10-25 00:00:00,Subject,No,No,No,No,No,Email,Yes
,13,80,2012-09-22 00:00:00,Subject,Yes,No,No,No,No,Phone,Yes
,8,81,2014-08-19 00:00:00,Subject,Yes,No,No,No,No,Phone,Yes
,8,82,2014-08-23 00:00:00,Subject,Yes,No,No,No,No,Phone,Yes
,8,83,2014-08-23 00:00:00,Subject,Yes,No,No,No,No,Phone,Yes
,8,84,2014-08-30 00:00:00,Subject,Yes,No,No,No,No,Phone,Yes
,8,85,2014-09-06 00:00:00,Subject,No,No,No,No,No,Phone,Yes
,8,86,2014-09-13 00:00:00,Subject,Yes,No,No,No,No,Phone,Yes
,10,87,2013-01-21 00:00:00,Subject,No,No,No,No,No,Text,Yes
,10,88,2013-01-25 00:00:00,Subject,Yes,No,No,No,No,Phone,Yes
,10,89,2013-01-28 00:00:00,Subject,Yes,No,No,No,No,Phone,Yes
,10,90,2013-01-28 00:00:00,Subject,Yes,No,No,No,No,Phone,Yes
,10,91,2013-02-04 00:00:00,Subject,No,No,No,No,No,Text,Yes
,10,92,2013-02-11 00:00:00,Subject,Yes,No,No,No,No,Phone,Yes
,10,93,2013-02-18 00:00:00,Subject,Yes,No,No,No,No,Phone,Yes
,11,94,2013-01-29 00:00:00,Subject,No,No,No,No,No,Text,Yes
,15,95,2012-10-30 00:00:00,Subject,No,No,No,No,No,Phone,Yes
,20,96,2014-01-30 00:00:00,Subject,Yes,No,No,No,No,Phone,Yes
,10,97,2013-02-25 00:00:00,Subject,Yes,No,No,No,No,Phone,Yes
,8,98,2014-09-20 00:00:00,Subject,No,No,No,No,No,Phone,Yes
,17,99,2014-01-27 00:00:00,Subject,No,No,No,No,No,Phone,Yes
,20,100,2014-02-03 00:00:00,Subject,No,No,No,No,No,Phone,Yes
,2,101,2014-07-08 00:00:00,Subject,No,No,No,No,No,Phone,Yes
,2,102,2014-07-16 00:00:00,Subject,No,No,No,No,No,Phone,Yes
,3,103,2015-03-09 00:00:00,Subject,No,No,No,No,No,Phone,Yes
,3,104,2015-03-17 00:00:00,Subject,Yes,No,No,No,No,Office Visit,Yes
,4,105,2013-02-01 00:00:00,Subject,No,Yes,No,No,No,Phone,Yes
,5,106,2014-09-22 00:00:00,Subject,No,No,No,No,No,Phone,Yes
,5,107,2014-10-01 00:00:00,Subject,Yes,No,No,No,No,Office Visit,Yes
,17,108,2014-01-30 00:00:00,Subject,No,Yes,No,No,No,Phone,Yes
,11,109,2013-02-06 00:00:00,Subject,No,No,No,No,No,Text,Yes
,15,110,2012-11-07 00:00:00,Subject,Yes,No,No,No,No,Email,Yes
,20,111,2014-02-06 00:00:00,Subject,No,No,No,No,No,Phone,Yes
,20,112,2014-02-10 00:00:00,Subject,No,No,No,No,No,Phone,Yes
,17,113,2014-02-03 00:00:00,Subject,No,No,No,No,No,Phone,Yes
,13,114,2012-10-03 00:00:00,Subject,Yes,No,No,No,No,Office Visit,Yes
,13,115,2012-10-12 00:00:00,Subject,Yes,No,No,No,No,Phone,Yes
,11,116,2013-02-12 00:00:00,Subject,No,No,No,No,No,Text,Yes
,14,117,2014-03-21 00:00:00,Subject,No,No,No,No,No,Text,Yes
,15,118,2012-11-13 00:00:00,Subject,No,No,No,No,No,Text,Yes
,17,119,2014-02-07 00:00:00,Subject,No,No,No,No,No,Phone,Yes
,20,120,2014-02-14 00:00:00,Subject,No,No,No,No,No,Phone,Yes
,2,121,2014-07-23 00:00:00,Subject,No,No,No,No,No,Text,Yes
,3,122,2015-03-24 00:00:00,Subject,No,No,No,No,No,Office Visit,Yes
,4,123,2013-02-16 00:00:00,Subject,No,No,No,No,No,Email,Yes
,5,124,2014-10-07 00:00:00,Subject,No,No,No,No,No,Email,Yes
,2,125,2014-07-30 00:00:00,Subject,No,No,No,No,No,Email,Yes
,14,126,2014-03-26 00:00:00,Subject,Yes,No,No,No,No,Phone,Yes
,11,127,2013-02-20 00:00:00,Subject,No,No,No,No,No,Phone,Yes
,13,128,2012-10-20 00:00:00,Subject,Yes,No,No,No,No,Text,Yes
,14,129,2014-03-29 00:00:00,Subject,Yes,No,No,No,No,Text,Yes
,6,130,2014-09-11 00:00:00,Subject,Yes,No,No,No,No,Text,Yes
,15,131,2012-11-20 00:00:00,Subject,No,No,No,No,No,Text,Yes
,15,132,2012-11-27 00:00:00,Subject,Yes,No,No,No,No,Text,Yes
,11,133,2013-02-26 00:00:00,Subject,Yes,No,No,No,No,Text,Yes
,2,134,2014-08-07 00:00:00,Subject,No,No,No,No,No,Email,Yes
,4,135,2013-03-03 00:00:00,Subject,No,No,No,No,No,Email,Yes
,5,136,2014-10-22 00:00:00,Subject,No,No,No,No,No,Text,Yes
,17,137,2014-02-14 00:00:00,Subject,No,No,No,No,No,Phone,Yes
,13,138,2012-10-28 00:00:00,Subject,No,No,No,No,No,Text,Yes
,3,139,2015-03-29 00:00:00,Subject,No,No,No,No,No,Phone,Yes
,4,140,2013-02-23 00:00:00,Subject,No,No,No,No,No,Email,Yes
,4,141,2013-02-11 00:00:00,Subject,Yes,Yes,No,No,No,Office Visit,Yes
,2,142,2014-08-14 00:00:00,Subject,Yes,Yes,No,No,No,Office Visit,Yes
,4,143,2013-03-10 00:00:00,Subject,Yes,No,No,No,No,Office Visit,Yes
,5,144,2014-10-29 00:00:00,Subject,No,No,No,No,No,Office Visit,Yes
,11,145,2013-03-05 00:00:00,Subject,No,No,No,No,No,Phone,Yes
,14,146,2014-04-10 00:00:00,Subject,Yes,Yes,No,No,No,Phone,Yes
,15,148,2012-12-04 00:00:00,Subject,Yes,Yes,No,No,No,Phone,Yes
,4,149,2013-03-14 00:00:00,Subject,No,No,No,No,No,Email,Yes
,5,150,2014-11-02 00:00:00,Subject,No,No,No,No,No,Email,Yes
,13,151,2012-11-04 00:00:00,Subject,No,No,No,No,No,Text,Yes
,2,152,2014-08-19 00:00:00,Subject,No,No,No,No,No,Email,Yes
,3,153,2015-04-20 00:00:00,Subject,No,No,No,No,No,Email,Yes
,20,154,2014-02-21 00:00:00,Subject,No,No,No,No,No,Phone,Yes
,20,155,2014-03-07 00:00:00,Subject,No,No,No,No,No,Phone,Yes
,4,156,2013-03-23 00:00:00,Subject,No,No,No,No,No,Email,Yes
,5,157,2014-11-10 00:00:00,Subject,No,Yes,No,No,No,Email,Yes
,11,158,2013-03-13 00:00:00,Subject,Yes,No,No,No,No,Phone,Yes
,14,159,2014-04-19 00:00:00,Subject,No,No,No,No,No,Text,Yes
,15,160,2012-12-12 00:00:00,Subject,No,No,No,No,No,Text,Yes
,2,161,2014-08-28 00:00:00,Subject,Yes,No,No,No,No,Email,Yes
,6,162,2014-09-17 00:00:00,Subject,Yes,No,No,No,No,Text,Yes
,6,163,2014-09-22 00:00:00,Subject,Yes,No,No,No,No,Text,Yes
,6,164,2014-09-30 00:00:00,Subject,Yes,No,No,No,No,Phone,Yes
,7,165,2015-03-18 00:00:00,Subject,Yes,No,No,No,No,Phone,Yes
,7,166,2015-02-24 00:00:00,Subject,Yes,No,No,No,No,Phone,Yes
,7,167,2015-03-02 00:00:00,Subject,Yes,No,No,No,No,Phone,Yes
,3,168,2015-05-01 00:00:00,Subject,No,No,No,No,No,Email,Yes
,17,169,2014-02-28 00:00:00,Subject,No,No,No,No,No,Phone,Yes
,17,170,2014-03-07 00:00:00,Subject,No,No,No,No,No,Phone,Yes
,17,171,2014-03-14 00:00:00,Subject,Yes,No,No,No,No,Phone,Yes
,20,172,2014-03-14 00:00:00,Subject,No,No,No,No,No,Phone,Yes
,11,173,2013-03-19 00:00:00,Subject,Yes,No,No,No,No,Office Visit,Yes
,13,174,2012-11-17 00:00:00,Subject,No,No,No,No,No,Text,Yes
,14,175,2014-04-25 00:00:00,Subject,Yes,No,No,No,No,Text,Yes
,3,176,2015-05-05 00:00:00,Subject,Yes,No,No,No,No,Email,Yes
,5,177,2014-11-19 00:00:00,Subject,Yes,No,No,No,No,Phone,Yes
,4,178,2013-04-01 00:00:00,Subject,No,No,No,No,No,Email,Yes
,10,179,2013-03-19 00:00:00,Subject,Yes,No,No,No,No,Office Visit,Yes
,10,180,2013-03-25 00:00:00,Subject,Yes,No,No,No,No,Phone,Yes
,10,181,2013-04-01 00:00:00,Subject,Yes,No,No,No,No,Phone,Yes
,10,182,2013-04-08 00:00:00,Subject,Yes,No,No,No,No,Phone,Yes
,10,183,2013-03-04 00:00:00,Subject,Yes,No,No,No,No,Phone,Yes
,10,184,2013-03-11 00:00:00,Subject,Yes,No,No,No,No,Phone,Yes
,6,185,2014-10-28 00:00:00,Subject,Yes,No,No,No,No,Email,No
,6,186,2014-11-01 00:00:00,Subject,Yes,No,No,No,No,Text,Yes
,6,187,2014-11-26 00:00:00,Subject,Yes,No,No,No,No,Text,Yes
,15,188,2012-12-26 00:00:00,Subject,Yes,No,No,No,No,Text,Yes
,7,189,2015-04-16 00:00:00,Subject,Yes,No,No,No,No,Text,No
,7,190,2015-04-20 00:00:00,Subject,Yes,No,No,No,No,Text,Yes
,7,191,2015-04-30 00:00:00,Subject,Yes,No,No,No,No,Text,Yes
,7,192,2015-04-27 00:00:00,Subject,Yes,No,No,No,No,Phone,Yes
,7,193,2015-05-07 00:00:00,Subject,Yes,No,No,No,No,Text,Yes
,7,194,2015-05-11 00:00:00,Subject,Yes,No,No,No,No,Text,Yes
,7,195,2015-05-14 00:00:00,Subject,Yes,No,No,No,No,Text,Yes
,7,196,2015-05-17 00:00:00,Subject,Yes,No,No,No,No,Text,Yes
,8,197,2014-09-21 00:00:00,Subject,No,No,No,No,No,Phone,Yes
,8,198,2014-09-28 00:00:00,Subject,Yes,No,No,No,No,Phone,Yes
,8,199,2014-10-05 00:00:00,Subject,Yes,No,No,No,No,Phone,Yes
,8,200,2014-10-13 00:00:00,Subject,No,No,No,No,No,Phone,Yes
,8,201,2014-10-18 00:00:00,Subject,No,No,No,No,No,Phone,Yes
,10,202,2013-02-23 00:00:00,Subject,Yes,No,No,No,No,Text,No
,8,203,2014-10-19 00:00:00,Subject,Yes,No,No,No,No,Text,Yes
,8,204,2014-10-25 00:00:00,Subject,No,No,No,No,No,Phone,Yes
,8,205,2014-11-01 00:00:00,Subject,No,No,No,No,No,Phone,Yes
,8,206,2014-09-14 00:00:00,Subject,Yes,No,No,No,No,Text,Yes
,8,207,2014-09-15 00:00:00,Subject,No,No,No,No,No,Phone,Yes
,11,208,2013-03-28 00:00:00,Subject,No,No,No,No,No,Office Visit,Yes
,13,209,2012-11-26 00:00:00,Subject,No,No,No,No,No,Text,Yes
,8,210,2014-10-18 00:00:00,Subject,No,No,No,No,No,Phone,Yes
,8,212,2014-11-08 00:00:00,Subject,No,No,No,No,No,Phone,Yes
,8,213,2014-11-15 00:00:00,Subject,No,No,No,No,No,Phone,Yes
,8,214,2014-11-22 00:00:00,Subject,No,No,No,No,No,Phone,Yes
,10,215,2013-04-15 00:00:00,Subject,Yes,No,No,No,No,Text,Yes
,10,216,2013-04-22 00:00:00,Subject,No,No,No,No,No,Phone,Yes
,6,217,2014-12-12 00:00:00,Subject,Yes,No,No,No,No,Text,Yes
,6,218,2014-12-03 00:00:00,Subject,Yes,No,No,No,No,Text,Yes
,2,219,2014-09-11 00:00:00,Subject,No,No,No,No,No,Email,Yes
,3,220,2015-05-13 00:00:00,Subject,No,No,No,No,No,Email,Yes
,4,221,2013-04-08 00:00:00,Subject,No,No,No,No,No,Email,Yes
,5,222,2014-11-26 00:00:00,Subject,Yes,No,No,No,No,Email,Yes
,11,223,2013-04-04 00:00:00,Subject,Yes,No,No,No,No,Phone,Yes
,13,224,2012-12-03 00:00:00,Subject,Yes,No,No,No,No,Text,Yes
,14,225,2014-05-10 00:00:00,Subject,Yes,Yes,No,No,No,Text,Yes
,15,226,2013-01-02 00:00:00,Subject,Yes,No,No,No,No,Text,Yes
,2,227,2014-09-17 00:00:00,Subject,No,No,No,No,No,Email,Yes
,4,229,2013-04-11 00:00:00,Subject,Yes,No,No,No,No,Phone,Yes
,3,230,2015-05-19 00:00:00,Subject,No,No,No,No,No,Email,Yes
,5,231,2014-12-02 00:00:00,Subject,No,No,No,No,No,Email,Yes
,2,232,2014-09-22 00:00:00,Subject,Yes,No,No,No,No,Office Visit,Yes
,3,233,2015-05-24 00:00:00,Subject,No,No,No,No,No,Office Visit,Yes
,4,234,2013-04-18 00:00:00,Subject,Yes,No,No,No,No,Office Visit,Yes
,20,235,2014-04-04 00:00:00,Subject,No,No,No,No,No,Phone,Yes
,11,236,2013-04-10 00:00:00,Subject,Yes,No,No,No,No,Office Visit,Yes
,13,237,2012-12-09 00:00:00,Subject,No,No,No,No,No,Text,Yes
,14,238,2014-05-16 00:00:00,Subject,Yes,Yes,No,No,No,Text,Yes
,15,239,2013-01-09 00:00:00,Subject,Yes,No,No,No,No,Text,Yes
,5,240,2014-12-09 00:00:00,Subject,No,No,No,No,No,Office Visit,Yes
,7,241,2015-06-06 00:00:00,Subject,Yes,No,No,No,No,Text,No
,20,242,2014-04-18 00:00:00,Subject,Yes,No,No,No,No,Phone,Yes
,20,243,2014-04-11 00:00:00,Subject,No,No,No,No,No,Phone,Yes
,11,244,2013-04-16 00:00:00,Subject,No,No,No,No,No,Phone,Yes
,15,245,2013-01-16 00:00:00,Subject,Yes,No,No,No,No,Text,Yes
,3,246,2015-06-01 00:00:00,Subject,No,No,No,No,No,Email,Yes
,2,247,2014-09-30 00:00:00,Subject,No,No,No,No,No,Text,Yes
,4,248,2013-04-26 00:00:00,Subject,No,No,No,No,No,Text,Yes
,5,249,2014-12-15 00:00:00,Subject,No,No,No,No,No,Email,Yes
,2,250,2014-10-06 00:00:00,Subject,Yes,No,No,No,No,Email,Yes
,4,251,2013-05-02 00:00:00,Subject,No,No,No,No,No,Email,Yes
,11,252,2013-04-25 00:00:00,Subject,Yes,No,No,No,No,Office Visit,Yes
,14,253,2014-06-01 00:00:00,Subject,No,No,No,No,No,Text,Yes
,15,254,2013-01-24 00:00:00,Subject,Yes,No,No,No,No,Email,Yes
,13,255,2012-12-25 00:00:00,Subject,No,No,No,No,No,Text,Yes
,5,256,2014-12-22 00:00:00,Subject,No,No,No,No,No,Email,Yes
,14,257,2014-06-07 00:00:00,Subject,Yes,No,No,No,No,Text,Yes
,11,258,2013-04-30 00:00:00,Subject,Yes,Yes,No,No,No,Office Visit,Yes
,14,259,2014-05-23 00:00:00,Subject,No,No,No,No,No,Text,Yes
,15,260,2013-01-28 00:00:00,Subject,Yes,Yes,No,No,No,Phone,Yes
,13,261,2012-12-30 00:00:00,Subject,No,Yes,No,No,No,Text,Yes
,4,262,2013-05-12 00:00:00,Subject,Yes,No,No,No,No,Email,Yes
,3,263,2015-06-17 00:00:00,Subject,No,No,No,No,No,Email,Yes
,2,264,2014-10-16 00:00:00,Subject,No,No,No,No,No,Email,Yes
,5,265,2014-12-31 00:00:00,Subject,No,No,No,No,No,Email,Yes
,8,266,2014-12-19 00:00:00,Subject,No,No,No,No,No,Text,Yes
,11,267,2013-05-07 00:00:00,Subject,No,No,No,No,No,Text,Yes
,15,268,2013-02-05 00:00:00,Subject,No,No,No,No,No,Text,Yes
,13,269,2013-01-04 00:00:00,Subject,No,No,No,No,No,Text,Yes
,14,270,2014-06-16 00:00:00,Subject,Yes,No,No,No,No,Phone,Yes
,15,271,2013-02-12 00:00:00,Subject,No,No,No,No,No,Text,Yes
,14,272,2014-06-21 00:00:00,Subject,No,Yes,No,No,No,Text,Yes
,11,274,2013-05-14 00:00:00,Subject,No,No,No,No,No,Text,Yes
,13,275,2013-01-13 00:00:00,Subject,Yes,Yes,No,No,No,Text,Yes
,2,276,2014-10-23 00:00:00,Subject,No,No,No,No,No,Office Visit,No
,8,277,2014-12-04 00:00:00,Subject,Yes,No,No,No,No,Phone,Yes
,8,278,2014-12-31 00:00:00,Subject,No,No,No,No,No,Text,Yes
,10,279,2013-06-09 00:00:00,Subject,No,No,No,No,No,Office Visit,Yes
,17,280,2014-04-25 00:00:00,Subject,No,No,No,No,No,Phone,Yes
,17,281,2014-05-02 00:00:00,Subject,Yes,No,No,No,No,Phone,Yes
,17,282,2014-05-09 00:00:00,Subject,Yes,No,No,No,No,Phone,Yes
,17,283,2014-05-16 00:00:00,Subject,Yes,No,No,No,No,Phone,Yes
,20,284,2014-05-02 00:00:00,Subject,Yes,No,No,No,No,Phone,Yes
,20,285,2014-05-09 00:00:00,Subject,No,No,No,No,No,Phone,Yes
,20,286,2014-05-17 00:00:00,Subject,Yes,No,No,No,No,Phone,Yes
,20,287,2014-05-23 00:00:00,Subject,Yes,No,No,No,No,Phone,Yes
,14,288,2014-06-30 00:00:00,Subject,Yes,No,No,No,No,Text,Yes
,20,289,2014-05-30 00:00:00,Subject,Yes,No,No,No,No,Phone,Yes
,14,290,2014-07-08 00:00:00,Subject,No,No,No,No,No,Text,Yes
,17,291,2014-05-31 00:00:00,Subject,No,No,No,No,No,Text,Yes
,20,292,2014-06-07 00:00:00,Subject,No,No,No,No,No,Text,Yes
,8,293,2014-11-30 00:00:00,Subject,No,No,No,No,No,Text,Yes
,8,294,2014-12-07 00:00:00,Subject,No,No,No,No,No,Text,Yes
,8,295,2014-12-14 00:00:00,Subject,No,No,No,No,No,Text,Yes
,8,296,2014-12-20 00:00:00,Subject,No,No,No,No,No,Text,Yes
,8,297,2014-12-30 00:00:00,Subject,No,No,No,No,No,Text,Yes
,10,298,2013-05-06 00:00:00,Subject,No,No,No,No,No,Text,Yes
,10,299,2013-05-13 00:00:00,Subject,No,No,No,No,No,Text,Yes
,10,300,2013-05-20 00:00:00,Subject,No,No,No,No,No,Text,Yes
,10,301,2013-05-27 00:00:00,Subject,No,No,No,No,No,Text,Yes
,10,302,2013-06-06 00:00:00,Subject,No,No,No,No,No,Text,Yes
,7,303,2015-06-10 00:00:00,Subject,Yes,No,No,No,No,Text,Yes
,7,304,2015-06-21 00:00:00,Subject,Yes,No,No,No,No,Text,Yes
,7,305,2015-07-07 00:00:00,Subject,Yes,No,No,No,No,Text,Yes
,7,306,2015-07-19 00:00:00,Subject,Yes,No,No,No,No,Text,Yes
,7,307,2015-08-04 00:00:00,Subject,Yes,Yes,No,No,No,Phone,Yes
,8,308,2015-01-16 00:00:00,Subject,Yes,No,No,No,No,Phone,Yes
,10,309,2013-06-23 00:00:00,Subject,Yes,No,No,No,No,Phone,Yes
,14,310,2014-07-11 00:00:00,Subject,No,No,No,No,No,Phone,Yes
,20,311,2014-06-28 00:00:00,Subject,Yes,No,No,No,No,Phone,Yes
,17,312,2014-06-21 00:00:00,Subject,Yes,No,No,No,No,Text,Yes
,17,313,2014-06-08 00:00:00,Subject,No,No,No,No,No,Phone,Yes
,17,314,2014-06-16 00:00:00,Subject,Yes,No,No,No,No,Phone,Yes
,20,315,2014-06-24 00:00:00,Subject,Yes,No,No,No,No,Phone,Yes
,7,316,2015-07-21 00:00:00,Subject,Yes,No,No,No,No,Office Visit,Yes