DeidentID,RecID,DeviceModel,Ketone,Units,IsQCtest,IsQCtestJaeb,DataDtTm
1,1,Abbott BG Meter,2.40,US,False,True,2013-11-17 17:34:00
1,2,Abbott BG Meter,.20,US,False,False,2013-11-14 19:31:00
1,3,Abbott BG Meter,.20,US,False,False,2013-11-14 18:38:00
1,4,Abbott BG Meter,4.10,US,False,True,2013-11-04 12:43:00
1,5,Abbott BG Meter,2.30,US,False,True,2013-11-04 12:42:00
1,6,Abbott BG Meter,.70,US,False,True,2013-11-04 12:41:00
1,7,Abbott BG Meter,4.30,US,False,True,2013-09-29 15:01:00
1,8,Abbott BG Meter,2.30,US,False,True,2013-09-29 15:00:00
1,9,Abbott BG Meter,.70,US,False,True,2013-09-29 14:27:00
1,10,Abbott BG Meter,4.60,US,False,True,2013-12-28 19:23:00
1,11,Abbott BG Meter,.80,US,False,True,2013-12-28 19:23:00
1,12,Abbott BG Meter,2.40,US,False,True,2013-12-28 19:20:00
1,13,Abbott BG Meter,2.30,US,False,True,2013-12-23 16:50:00
1,14,Abbott BG Meter,4.30,US,False,True,2013-12-16 15:21:00
1,15,Abbott BG Meter,2.40,US,False,True,2013-12-16 15:21:00
1,16,Abbott BG Meter,.70,US,False,True,2013-12-16 15:20:00
2,17,Abbott BG Meter,4.30,US,False,True,2013-09-27 13:15:00
2,18,Abbott BG Meter,2.30,US,False,True,2013-09-27 13:14:00
2,19,Abbott BG Meter,.70,US,False,True,2013-09-27 13:13:00
2,20,Abbott BG Meter,.10,US,False,False,2013-08-26 19:14:00
2,21,Abbott BG Meter,4.60,US,False,True,2013-08-26 15:01:00
2,22,Abbott BG Meter,2.60,US,False,True,2013-08-26 15:00:00
2,23,Abbott BG Meter,.80,US,False,True,2013-08-26 14:59:00
2,24,Abbott BG Meter,.40,US,False,False,2013-11-09 12:13:00
2,25,Abbott BG Meter,4.40,US,False,True,2013-11-09 09:18:00
2,26,Abbott BG Meter,2.30,US,False,True,2013-11-09 09:17:00
2,27,Abbott BG Meter,.70,US,False,True,2013-11-09 09:16:00
3,28,Abbott BG Meter,.40,US,False,False,2014-06-06 15:38:00
3,29,Abbott BG Meter,.40,US,False,False,2014-06-03 09:16:00
3,30,Abbott BG Meter,4.50,US,False,True,2014-05-25 18:33:00
3,31,Abbott BG Meter,.80,US,False,True,2014-05-25 18:32:00
3,32,Abbott BG Meter,2.50,US,False,True,2014-05-25 18:32:00
3,33,Abbott BG Meter,.30,US,False,False,2014-05-03 14:51:00
3,34,Abbott BG Meter,.10,US,False,False,2014-04-27 19:10:00
3,35,Abbott BG Meter,.80,US,False,True,2014-04-27 15:17:00
3,36,Abbott BG Meter,4.60,US,False,True,2014-04-27 15:16:00
3,37,Abbott BG Meter,2.50,US,False,True,2014-04-27 15:15:00
3,38,Abbott BG Meter,4.70,US,False,True,2014-07-11 09:24:00
3,39,Abbott BG Meter,2.30,US,False,True,2014-07-11 09:23:00
3,40,Abbott BG Meter,.70,US,False,True,2014-07-11 09:22:00
4,41,Abbott BG Meter,2.60,US,False,True,2012-05-12 17:40:00
4,42,Abbott BG Meter,3.80,US,False,True,2012-04-23 13:16:00
4,43,Abbott BG Meter,.70,US,False,True,2012-04-23 13:14:00
4,44,Abbott BG Meter,2.40,US,False,True,2012-04-23 13:05:00
4,45,Abbott BG Meter,.10,US,False,False,2012-03-22 19:11:00
4,46,Abbott BG Meter,.60,US,False,True,2012-03-22 15:21:00
4,47,Abbott BG Meter,4.30,US,False,True,2012-03-22 15:20:00
4,48,Abbott BG Meter,2.40,US,False,True,2012-03-22 15:19:00
4,49,Abbott BG Meter,2.60,US,False,True,2012-06-13 09:16:00
4,50,Abbott BG Meter,4.70,US,False,True,2012-06-05 09:18:00
4,51,Abbott BG Meter,2.60,US,False,True,2012-06-05 09:17:00
4,52,Abbott BG Meter,.80,US,False,True,2012-06-05 09:16:00
5,53,Abbott BG Meter,.00,US,False,False,2013-12-12 09:49:00
5,54,Abbott BG Meter,.20,US,False,False,2014-01-01 08:10:00
5,55,Abbott BG Meter,.20,US,False,False,2014-01-01 06:14:00
5,56,Abbott BG Meter,4.20,US,False,True,2013-12-12 13:13:00
5,57,Abbott BG Meter,.70,US,False,True,2013-12-12 13:12:00
5,58,Abbott BG Meter,.00,US,False,False,2013-12-12 13:10:00
5,59,Abbott BG Meter,2.50,US,False,True,2013-12-12 09:51:00
5,60,Abbott BG Meter,4.90,US,False,True,2014-02-05 10:38:00
5,61,Abbott BG Meter,.80,US,False,True,2014-02-05 10:37:00
5,62,Abbott BG Meter,2.60,US,False,True,2014-02-05 10:36:00
5,63,Abbott BG Meter,.20,US,False,False,2014-01-25 04:28:00
5,64,Abbott BG Meter,4.30,US,False,True,2014-01-23 15:28:00
5,65,Abbott BG Meter,2.40,US,False,True,2014-01-23 15:27:00
5,66,Abbott BG Meter,.70,US,False,True,2014-01-23 15:27:00
1,67,Abbott BG Meter,.70,US,False,True,2014-01-21 11:12:00
1,68,Abbott BG Meter,4.40,US,False,True,2014-01-21 11:11:00
1,69,Abbott BG Meter,2.40,US,False,True,2014-01-21 11:09:00
2,70,Abbott BG Meter,.80,US,False,True,2013-12-14 11:14:00
2,71,Abbott BG Meter,3.20,US,False,True,2013-12-14 11:12:00
2,72,Abbott BG Meter,2.50,US,False,True,2013-12-14 11:11:00
2,73,Abbott BG Meter,4.70,US,False,True,2013-11-21 15:07:00
2,74,Abbott BG Meter,2.50,US,False,True,2013-11-21 15:06:00
2,75,Abbott BG Meter,.80,US,False,True,2013-11-21 15:05:00
4,76,Abbott BG Meter,5.00,US,False,True,2012-07-10 11:16:00
4,77,Abbott BG Meter,.70,US,False,True,2012-07-10 11:15:00
4,78,Abbott BG Meter,2.50,US,False,True,2012-07-10 11:14:00
4,79,Abbott BG Meter,.10,US,False,False,2012-07-05 23:27:00
4,80,Abbott BG Meter,2.40,US,False,True,2012-07-01 10:23:00
4,81,Abbott BG Meter,.20,US,False,False,2012-07-01 10:22:00
4,82,Abbott BG Meter,4.20,US,False,True,2012-06-17 14:48:00
4,83,Abbott BG Meter,2.40,US,False,True,2012-06-17 14:47:00
4,84,Abbott BG Meter,.70,US,False,True,2012-06-17 14:47:00
5,85,Abbott BG Meter,.80,US,False,True,2014-02-28 11:41:00
5,86,Abbott BG Meter,2.50,US,False,True,2014-02-28 11:41:00
5,87,Abbott BG Meter,4.20,US,False,True,2014-02-28 11:40:00
5,88,Abbott BG Meter,.00,US,False,False,2014-02-28 11:36:00
5,89,Abbott BG Meter,.00,US,False,False,2014-02-28 11:35:00
5,90,Abbott BG Meter,.20,US,False,False,2014-02-21 04:43:00
5,91,Abbott BG Meter,.20,US,False,False,2014-02-16 20:41:00
5,92,Abbott BG Meter,.10,US,False,False,2014-02-13 17:41:00
3,93,Abbott BG Meter,.80,US,True,True,2014-08-21 08:12:00
3,94,Abbott BG Meter,2.50,US,True,True,2014-08-21 08:10:00
3,95,Abbott BG Meter,4.70,US,True,True,2014-08-21 08:09:00
1,96,Abbott BG Meter,.10,US,False,False,2014-02-11 14:44:00
1,97,Abbott BG Meter,.10,US,False,False,2014-01-29 17:11:00
3,98,Abbott BG Meter,.10,US,False,False,2014-07-23 21:24:00
3,99,Abbott BG Meter,4.90,US,False,True,2014-07-23 18:02:00
3,100,Abbott BG Meter,2.60,US,False,True,2014-07-23 18:00:00
3,101,Abbott BG Meter,.70,US,False,True,2014-07-23 17:59:00
4,102,Abbott BG Meter,2.40,US,False,True,2012-08-07 12:37:00
5,103,Abbott BG Meter,.10,US,False,False,2014-03-10 22:43:00
5,104,Abbott BG Meter,.10,US,False,False,2014-03-10 20:56:00
6,105,Abbott BG Meter,2.70,US,True,True,2014-04-20 02:00:00
6,106,Abbott BG Meter,4.50,US,False,True,2014-04-12 13:18:00
6,107,Abbott BG Meter,.80,US,False,True,2014-04-12 13:17:00
6,108,Abbott BG Meter,4.80,US,True,True,2014-04-03 21:51:00
6,109,Abbott BG Meter,2.60,US,True,True,2014-04-03 21:47:00
6,110,Abbott BG Meter,.80,US,True,True,2014-04-03 21:46:00
6,111,Abbott BG Meter,.20,US,False,False,2014-04-02 18:47:00
7,112,Abbott BG Meter,4.40,US,False,True,2014-10-08 20:27:00
7,113,Abbott BG Meter,.70,US,False,True,2014-10-08 20:26:00
7,114,Abbott BG Meter,.80,US,False,True,2014-10-08 20:26:00
7,115,Abbott BG Meter,2.60,US,False,True,2014-09-28 19:49:00
7,116,Abbott BG Meter,.20,US,False,False,2014-09-20 18:44:00
7,117,Abbott BG Meter,4.80,US,False,True,2014-09-10 15:53:00
7,118,Abbott BG Meter,2.70,US,False,True,2014-09-10 13:45:00
7,119,Abbott BG Meter,.80,US,False,True,2014-09-10 13:44:00
8,120,Abbott BG Meter,.10,US,False,False,2014-03-23 12:11:00
8,121,Abbott BG Meter,2.60,US,True,True,2014-03-22 21:10:00
8,122,Abbott BG Meter,5.00,US,True,True,2014-03-22 21:08:00
8,123,Abbott BG Meter,.80,US,True,True,2014-03-22 21:07:00
8,124,Abbott BG Meter,2.60,US,True,True,2014-03-21 00:57:00
8,125,Abbott BG Meter,2.60,US,True,True,2014-03-21 00:52:00
8,126,Abbott BG Meter,2.60,US,True,True,2014-03-12 00:34:00
8,127,Abbott BG Meter,2.60,US,False,True,2014-03-12 00:32:00
9,128,Abbott BG Meter,4.90,US,False,True,2014-11-07 23:54:00
9,129,Abbott BG Meter,.80,US,False,True,2014-11-07 23:53:00
9,130,Abbott BG Meter,.80,US,True,True,2014-10-29 16:08:00
9,131,Abbott BG Meter,4.60,US,True,True,2014-10-29 16:07:00
16,132,Abbott BG Meter,.10,US,False,False,2012-04-19 16:32:00
16,133,Abbott BG Meter,.10,US,False,False,2012-04-20 09:10:00
16,134,Abbott BG Meter,.10,US,False,False,2012-05-01 11:20:00
16,135,Abbott BG Meter,.20,US,False,False,2012-05-04 01:06:00
16,136,Abbott BG Meter,.10,US,False,False,2012-05-05 00:29:00
16,137,Abbott BG Meter,.10,US,False,False,2012-05-06 22:16:00
16,138,Abbott BG Meter,.10,US,False,False,2012-05-20 00:19:00
16,139,Abbott BG Meter,.10,US,False,False,2012-06-02 01:50:00
16,140,Abbott BG Meter,.10,US,False,False,2012-06-06 00:11:00
16,141,Abbott BG Meter,.10,US,False,False,2012-06-09 23:13:00
16,142,Abbott BG Meter,.10,US,False,False,2012-06-12 12:13:00
16,143,Abbott BG Meter,.20,US,False,False,2012-06-15 04:16:00
16,144,Abbott BG Meter,.10,US,False,False,2012-06-15 18:25:00
16,145,Abbott BG Meter,.10,US,False,False,2012-06-21 12:56:00
18,146,Abbott BG Meter,.10,US,False,False,2012-10-15 20:51:00
18,147,Abbott BG Meter,.20,US,False,False,2012-12-05 16:56:00
18,148,Abbott BG Meter,.10,US,False,False,2012-12-06 13:46:00
18,149,Abbott BG Meter,.20,US,False,False,2012-12-06 22:38:00
19,150,Abbott BG Meter,.00,US,False,False,2014-07-11 23:48:00
19,151,Abbott BG Meter,.00,US,False,False,2014-07-12 16:27:00
19,152,Abbott BG Meter,.00,US,False,False,2014-07-27 03:27:00
19,153,Abbott BG Meter,.10,US,False,False,2014-07-27 06:32:00
20,154,Abbott BG Meter,.80,US,False,True,2013-07-24 21:11:00
20,155,Abbott BG Meter,4.30,US,False,True,2013-07-24 21:13:00
20,156,Abbott BG Meter,.10,US,False,False,2013-08-18 22:58:00
13,157,Abbott BG Meter,2.70,US,True,True,2012-03-28 09:26:00
13,158,Abbott BG Meter,4.90,US,True,True,2012-03-28 09:25:00
6,159,Abbott BG Meter,2.70,US,True,True,2014-05-18 13:20:00
6,160,Abbott BG Meter,2.60,US,True,True,2014-05-09 22:30:00
6,161,Abbott BG Meter,2.60,US,True,True,2014-04-30 18:29:00
6,162,Abbott BG Meter,4.40,US,False,True,2014-04-26 21:22:00
6,163,Abbott BG Meter,.80,US,False,True,2014-04-26 21:22:00
7,164,Abbott BG Meter,.80,US,False,True,2014-10-31 12:25:00
10,165,Abbott BG Meter,4.90,US,False,True,2012-08-27 23:54:00
10,166,Abbott BG Meter,.80,US,False,True,2012-08-27 23:53:00
10,167,Abbott BG Meter,.80,US,True,True,2012-08-18 16:08:00
10,168,Abbott BG Meter,4.60,US,True,True,2012-08-18 16:07:00
16,169,Abbott BG Meter,.10,US,False,False,2012-04-22 17:52:00
16,170,Abbott BG Meter,.10,US,False,False,2012-05-26 04:26:00
16,171,Abbott BG Meter,.10,US,False,False,2012-05-28 01:29:00
16,172,Abbott BG Meter,.10,US,False,False,2012-06-28 17:59:00
16,173,Abbott BG Meter,.30,US,False,False,2012-06-29 04:03:00
16,174,Abbott BG Meter,.10,US,False,False,2012-06-29 16:59:00
16,175,Abbott BG Meter,.10,US,False,False,2012-06-30 02:06:00
16,176,Abbott BG Meter,.10,US,False,False,2012-06-30 03:05:00
16,177,Abbott BG Meter,.10,US,False,False,2012-07-26 08:16:00
16,178,Abbott BG Meter,.10,US,False,False,2012-07-27 01:55:00
16,179,Abbott BG Meter,.00,US,False,False,2012-07-27 17:06:00
16,180,Abbott BG Meter,.10,US,False,False,2012-08-03 10:51:00
16,181,Abbott BG Meter,.10,US,False,False,2012-08-07 02:23:00
16,182,Abbott BG Meter,.10,US,False,False,2012-08-11 12:23:00
16,183,Abbott BG Meter,.10,US,False,False,2012-08-21 08:48:00
16,184,Abbott BG Meter,.20,US,False,False,2012-08-21 16:40:00
16,185,Abbott BG Meter,.10,US,False,False,2012-08-28 10:24:00
16,186,Abbott BG Meter,.10,US,False,False,2012-09-03 21:41:00
16,187,Abbott BG Meter,.10,US,False,False,2012-09-04 02:10:00
17,188,Abbott BG Meter,4.50,US,False,True,2013-07-18 20:22:00
17,189,Abbott BG Meter,4.20,US,False,True,2013-07-18 20:34:00
17,190,Abbott BG Meter,.10,US,False,False,2013-08-25 22:48:00
18,191,Abbott BG Meter,.10,US,False,False,2012-11-22 02:12:00
18,192,Abbott BG Meter,5.30,US,False,True,2013-02-01 09:35:00
18,193,Abbott BG Meter,.10,US,False,False,2013-03-01 00:01:00
19,194,Abbott BG Meter,.70,US,False,True,2014-07-13 06:20:00
19,195,Abbott BG Meter,.00,US,False,False,2014-08-16 08:18:00
19,196,Abbott BG Meter,4.60,US,False,True,2014-08-20 23:01:00
20,197,Abbott BG Meter,.10,US,False,False,2013-07-29 11:13:00
20,198,Abbott BG Meter,.10,US,False,False,2013-08-03 04:21:00
8,199,Abbott BG Meter,4.70,US,False,True,2014-07-10 08:18:00
8,200,Abbott BG Meter,.20,US,False,False,2014-06-29 05:15:00
8,201,Abbott BG Meter,.10,US,False,False,2014-05-02 23:26:00
8,202,Abbott BG Meter,.10,US,False,False,2014-04-24 21:51:00
8,203,Abbott BG Meter,2.50,US,True,True,2014-04-24 21:50:00
8,204,Abbott BG Meter,.10,US,False,False,2014-03-31 16:50:00
8,205,Abbott BG Meter,.20,US,False,False,2014-03-30 06:07:00
8,206,Abbott BG Meter,.10,US,False,False,2014-03-24 01:04:00
8,207,Abbott BG Meter,2.70,US,False,True,2014-03-02 22:41:00
12,208,Abbott BG Meter,.80,US,True,True,2013-07-28 09:04:00
12,209,Abbott BG Meter,2.60,US,True,True,2013-07-28 09:02:00
12,210,Abbott BG Meter,.80,US,True,True,2013-07-04 08:21:00
12,211,Abbott BG Meter,2.70,US,True,True,2013-07-04 08:20:00
12,212,Abbott BG Meter,4.80,US,True,True,2013-07-04 08:19:00
12,213,Abbott BG Meter,2.40,US,True,True,2013-08-25 23:21:00
12,214,Abbott BG Meter,.80,US,True,True,2013-08-25 23:20:00
27,215,Abbott BG Meter,.70,US,False,True,2013-01-31 09:23:00
27,216,Abbott BG Meter,2.40,US,False,True,2013-01-31 09:23:00
27,217,Abbott BG Meter,4.30,US,False,True,2013-01-31 09:24:00
27,218,Abbott BG Meter,.10,US,False,False,2013-02-01 14:03:00
27,219,Abbott BG Meter,.20,US,False,False,2013-02-02 15:16:00
27,220,Abbott BG Meter,.10,US,False,False,2013-02-03 09:54:00
27,221,Abbott BG Meter,.10,US,False,False,2013-02-04 01:48:00
27,222,Abbott BG Meter,.10,US,False,False,2013-02-04 12:31:00
27,223,Abbott BG Meter,.20,US,False,False,2013-02-04 15:11:00
27,224,Abbott BG Meter,.20,US,False,False,2013-02-06 23:19:00
27,225,Abbott BG Meter,.20,US,False,False,2013-02-07 15:49:00
27,226,Abbott BG Meter,.10,US,False,False,2013-02-08 13:51:00
27,227,Abbott BG Meter,.10,US,False,False,2013-02-13 21:30:00
27,228,Abbott BG Meter,.10,US,False,False,2013-02-15 21:23:00
27,229,Abbott BG Meter,.10,US,False,False,2013-02-17 14:44:00
27,230,Abbott BG Meter,.10,US,False,False,2013-03-02 11:31:00
27,231,Abbott BG Meter,.10,US,False,False,2013-03-02 15:35:00
27,232,Abbott BG Meter,.10,US,False,False,2013-03-14 21:48:00
27,233,Abbott BG Meter,.10,US,False,False,2013-03-15 16:33:00
27,234,Abbott BG Meter,.40,US,False,False,2013-03-16 13:50:00
27,235,Abbott BG Meter,.40,US,False,False,2013-03-16 15:29:00
27,236,Abbott BG Meter,.10,US,False,False,2013-03-21 22:24:00
27,237,Abbott BG Meter,.10,US,False,False,2013-03-24 16:47:00
27,238,Abbott BG Meter,.10,US,False,False,2013-03-26 16:13:00
27,239,Abbott BG Meter,.20,US,False,False,2013-03-30 21:27:00
27,240,Abbott BG Meter,.10,US,False,False,2013-04-01 11:55:00
27,241,Abbott BG Meter,.10,US,False,False,2013-04-04 14:52:00
27,242,Abbott BG Meter,.10,US,False,False,2013-04-05 15:01:00
27,243,Abbott BG Meter,.10,US,False,False,2013-04-09 16:29:00
27,244,Abbott BG Meter,.10,US,False,False,2013-04-10 17:52:00
27,245,Abbott BG Meter,.10,US,False,False,2013-04-10 22:28:00
27,246,Abbott BG Meter,.20,US,False,False,2013-04-11 01:29:00
27,247,Abbott BG Meter,.20,US,False,False,2013-04-14 15:45:00
27,248,Abbott BG Meter,.20,US,False,False,2013-04-16 16:45:00
27,249,Abbott BG Meter,.20,US,False,False,2013-04-18 01:01:00
27,250,Abbott BG Meter,.10,US,False,False,2013-04-18 18:17:00
27,251,Abbott BG Meter,.40,US,False,False,2013-04-18 21:10:00
27,252,Abbott BG Meter,.20,US,False,False,2013-04-18 23:28:00
28,253,Abbott BG Meter,.20,US,False,False,2013-02-02 12:34:00
28,254,Abbott BG Meter,.70,US,False,True,2013-02-03 09:32:00
28,255,Abbott BG Meter,2.40,US,False,True,2013-02-03 09:32:00
28,256,Abbott BG Meter,4.40,US,False,True,2013-02-03 09:33:00
29,257,Abbott BG Meter,.70,US,False,True,2013-08-17 11:45:00
29,258,Abbott BG Meter,2.70,US,False,True,2013-08-17 11:46:00
29,259,Abbott BG Meter,4.80,US,False,True,2013-08-17 11:48:00
29,260,Abbott BG Meter,.10,US,False,False,2013-08-17 16:27:00
29,261,Abbott BG Meter,.30,US,False,False,2013-08-28 22:48:00
29,263,Abbott BG Meter,.20,US,False,False,2013-09-11 21:06:00
29,264,Abbott BG Meter,.10,US,False,False,2013-10-20 12:12:00
29,265,Abbott BG Meter,.70,US,False,True,2013-10-24 10:19:00
29,266,Abbott BG Meter,.10,US,False,False,2013-10-26 07:00:00
29,267,Abbott BG Meter,.20,US,False,False,2013-11-08 13:30:00
29,268,Abbott BG Meter,.20,US,False,False,2013-11-12 08:25:00
29,269,Abbott BG Meter,.20,US,False,False,2013-11-12 11:08:00
29,270,Abbott BG Meter,.10,US,False,False,2013-11-12 11:44:00
29,271,Abbott BG Meter,.30,US,False,False,2013-11-26 23:03:00
29,272,Abbott BG Meter,.30,US,False,False,2013-11-29 09:12:00
29,273,Abbott BG Meter,.20,US,False,False,2013-12-04 08:39:00
30,274,Abbott BG Meter,.70,US,False,True,2012-10-08 09:35:00
30,275,Abbott BG Meter,2.50,US,False,True,2012-10-08 09:36:00
30,276,Abbott BG Meter,4.40,US,False,True,2012-10-08 09:37:00
30,277,Abbott BG Meter,2.70,US,False,True,2012-10-08 09:53:00
30,278,Abbott BG Meter,.70,US,False,False,2012-10-16 08:29:00
30,279,Abbott BG Meter,.60,US,False,False,2012-10-23 17:08:00
30,280,Abbott BG Meter,1.30,US,False,False,2012-11-19 22:58:00
30,281,Abbott BG Meter,.10,US,False,False,2012-11-20 01:27:00
30,282,Abbott BG Meter,1.00,US,False,False,2012-12-13 11:32:00
30,283,Abbott BG Meter,.20,US,False,False,2012-12-13 12:42:00
30,284,Abbott BG Meter,4.70,US,False,True,2013-01-02 08:30:00
30,285,Abbott BG Meter,.10,US,False,False,2013-01-03 00:56:00
30,286,Abbott BG Meter,.20,US,False,False,2013-01-07 20:36:00
2,287,Abbott BG Meter,4.70,US,True,True,2014-06-14 00:44:00
2,288,Abbott BG Meter,.90,US,True,True,2014-06-14 00:44:00
2,289,Abbott BG Meter,2.70,US,True,True,2014-06-14 00:42:00
2,290,Abbott BG Meter,2.60,US,True,True,2014-06-08 09:27:00
2,291,Abbott BG Meter,3.00,US,True,True,2014-06-03 10:12:00
2,292,Abbott BG Meter,4.70,US,False,True,2014-05-23 20:21:00
2,293,Abbott BG Meter,2.60,US,True,True,2014-05-23 20:20:00
2,294,Abbott BG Meter,.80,US,True,True,2014-05-23 20:19:00
2,295,Abbott BG Meter,2.60,US,True,True,2014-05-17 23:14:00
2,296,Abbott BG Meter,2.70,US,True,True,2014-05-17 23:12:00
2,297,Abbott BG Meter,2.70,US,True,True,2014-05-10 12:56:00
2,298,Abbott BG Meter,2.70,US,False,True,2014-05-10 12:54:00
2,299,Abbott BG Meter,4.90,US,True,True,2014-05-03 15:00:00
2,300,Abbott BG Meter,2.70,US,True,True,2014-05-03 14:59:00
2,301,Abbott BG Meter,.80,US,True,True,2014-05-03 14:58:00
3,302,Abbott BG Meter,2.20,US,True,True,2015-02-18 13:57:00
3,303,Abbott BG Meter,.80,US,True,True,2015-02-18 13:56:00
3,304,Abbott BG Meter,4.70,US,True,True,2015-02-18 13:55:00
3,305,Abbott BG Meter,.30,US,False,False,2015-01-29 21:15:00
3,306,Abbott BG Meter,2.40,US,False,True,2015-01-27 10:46:00
3,307,Abbott BG Meter,2.20,US,False,True,2015-01-16 22:10:00
3,308,Abbott BG Meter,4.40,US,True,True,2015-01-02 06:47:00
3,309,Abbott BG Meter,2.40,US,True,True,2015-01-02 06:47:00
3,310,Abbott BG Meter,.80,US,True,True,2015-01-02 06:46:00
3,311,Abbott BG Meter,.70,US,False,True,2015-01-02 06:45:00
4,312,Abbott BG Meter,4.70,US,False,True,2013-01-14 14:52:00
4,313,Abbott BG Meter,2.70,US,True,True,2013-01-14 14:51:00
4,314,Abbott BG Meter,.80,US,True,True,2013-01-14 14:51:00
4,315,Abbott BG Meter,4.80,US,True,True,2012-12-24 09:48:00
4,316,Abbott BG Meter,2.60,US,True,True,2012-12-24 09:47:00
4,317,Abbott BG Meter,2.40,US,False,True,2012-12-24 09:47:00
4,318,Abbott BG Meter,.80,US,True,True,2012-12-24 09:45:00
4,319,Abbott BG Meter,2.70,US,True,True,2012-12-18 22:22:00
4,320,Abbott BG Meter,2.50,US,True,True,2012-12-12 23:51:00
4,321,Abbott BG Meter,2.60,US,True,True,2012-12-04 11:09:00
4,322,Abbott BG Meter,4.80,US,True,True,2012-11-27 15:00:00
4,323,Abbott BG Meter,2.80,US,True,True,2012-11-27 14:59:00
4,324,Abbott BG Meter,.80,US,True,True,2012-11-27 14:58:00
5,325,Abbott BG Meter,4.60,US,False,True,2014-09-04 15:28:00
5,326,Abbott BG Meter,2.40,US,False,True,2014-09-04 15:27:00
5,327,Abbott BG Meter,.80,US,False,True,2014-09-04 15:27:00
5,328,Abbott BG Meter,.30,US,False,False,2014-09-01 01:12:00
5,329,Abbott BG Meter,.10,US,False,False,2014-08-29 06:25:00
5,330,Abbott BG Meter,4.40,US,False,True,2014-08-14 08:52:00
5,331,Abbott BG Meter,2.30,US,False,True,2014-08-14 08:52:00
5,332,Abbott BG Meter,.80,US,False,True,2014-08-14 08:51:00
5,333,Abbott BG Meter,.20,US,False,False,2014-08-12 22:31:00
5,334,Abbott BG Meter,.10,US,False,False,2014-08-01 17:13:00
5,335,Abbott BG Meter,.20,US,False,False,2014-07-30 04:30:00
5,336,Abbott BG Meter,.20,US,False,False,2014-07-27 05:32:00
5,337,Abbott BG Meter,.20,US,False,False,2014-07-26 05:31:00
5,338,Abbott BG Meter,.20,US,False,False,2014-07-22 22:56:00
5,339,Abbott BG Meter,.20,US,False,False,2014-07-21 10:28:00
5,340,Abbott BG Meter,4.70,US,False,True,2014-07-18 08:59:00
5,341,Abbott BG Meter,2.70,US,True,True,2014-07-18 08:58:00
5,342,Abbott BG Meter,.80,US,True,True,2014-07-18 08:58:00
11,343,Abbott BG Meter,.70,US,True,True,2013-01-05 18:12:00
11,344,Abbott BG Meter,2.60,US,True,True,2013-01-05 18:11:00
15,345,Abbott BG Meter,2.40,US,True,True,2012-10-07 11:22:00
15,346,Abbott BG Meter,4.60,US,True,True,2012-10-07 11:21:00
15,347,Abbott BG Meter,2.40,US,True,True,2012-06-01 18:32:00
15,348,Abbott BG Meter,.80,US,True,True,2012-06-01 18:30:00
15,349,Abbott BG Meter,.20,US,False,False,2012-05-22 23:56:00
15,350,Abbott BG Meter,4.60,US,True,True,2012-04-28 09:24:00
15,351,Abbott BG Meter,2.60,US,True,True,2012-04-28 09:22:00
15,352,Abbott BG Meter,2.60,US,True,True,2012-04-14 13:17:00
15,353,Abbott BG Meter,4.60,US,True,True,2012-04-14 13:14:00
21,354,Abbott BG Meter,.80,US,False,True,2014-05-30 21:43:00
21,355,Abbott BG Meter,1.60,US,False,True,2014-05-29 03:05:00
21,356,Abbott BG Meter,1.40,US,False,True,2014-05-29 02:02:00
21,357,Abbott BG Meter,.80,US,True,True,2014-05-24 14:11:00
21,358,Abbott BG Meter,.20,US,False,False,2014-05-24 13:21:00
21,359,Abbott BG Meter,.10,US,False,False,2014-05-20 23:53:00
22,370,Abbott BG Meter,.80,US,True,True,2015-01-11 00:41:00
22,371,Abbott BG Meter,4.80,US,False,True,2015-01-25 10:50:00
22,372,Abbott BG Meter,.80,US,False,True,2015-01-25 10:49:00
22,373,Abbott BG Meter,4.90,US,True,True,2015-01-17 10:26:00
22,374,Abbott BG Meter,.80,US,True,True,2015-01-17 09:22:00
22,375,Abbott BG Meter,.20,US,False,False,2015-01-26 22:39:00
24,378,Abbott BG Meter,.80,US,True,True,2012-08-29 22:08:00
24,379,Abbott BG Meter,.80,US,True,True,2012-08-24 21:31:00
3,380,Abbott BG Meter,2.50,US,False,True,2015-03-24 11:54:00
3,381,Abbott BG Meter,4.40,US,False,True,2015-03-24 11:51:00
4,382,Abbott BG Meter,4.70,US,True,True,2013-02-11 09:00:00
4,383,Abbott BG Meter,2.60,US,True,True,2013-02-11 08:59:00
4,384,Abbott BG Meter,.80,US,True,True,2013-02-11 08:58:00
5,385,Abbott BG Meter,.20,US,False,False,2014-09-25 05:20:00
5,386,Abbott BG Meter,.20,US,False,False,2014-09-24 06:11:00
5,387,Abbott BG Meter,.20,US,False,False,2014-09-07 22:33:00
25,388,Abbott BG Meter,.20,US,False,False,2014-11-18 16:36:00
25,389,Abbott BG Meter,5.10,US,True,True,2014-11-17 06:49:00
25,390,Abbott BG Meter,.80,US,True,True,2014-11-17 06:48:00
25,391,Abbott BG Meter,.90,US,True,True,2014-11-09 08:38:00
25,392,Abbott BG Meter,4.70,US,True,True,2014-11-02 08:22:00
25,393,Abbott BG Meter,.80,US,True,True,2014-11-02 08:22:00
25,394,Abbott BG Meter,1.00,US,True,True,2014-11-02 06:57:00
25,395,Abbott BG Meter,.80,US,True,True,2014-10-26 06:02:00
25,396,Abbott BG Meter,.30,US,False,False,2014-10-25 22:29:00
25,397,Abbott BG Meter,.80,US,True,True,2014-10-19 08:03:00
25,398,Abbott BG Meter,.80,US,True,True,2014-10-12 06:48:00
25,399,Abbott BG Meter,4.90,US,True,True,2014-10-12 06:46:00
25,400,Abbott BG Meter,.80,US,True,True,2014-11-23 16:47:00
25,401,Abbott BG Meter,4.80,US,True,True,2014-11-23 16:42:00
6,402,Abbott BG Meter,2.40,US,True,True,2014-10-03 22:44:00
6,403,Abbott BG Meter,.10,US,False,False,2014-10-02 01:19:00
6,404,Abbott BG Meter,2.30,US,True,True,2014-09-24 22:25:00
6,405,Abbott BG Meter,.20,US,False,False,2014-09-23 06:34:00
6,406,Abbott BG Meter,2.30,US,True,True,2014-09-19 20:58:00
6,407,Abbott BG Meter,2.70,US,True,True,2014-09-10 23:21:00
6,408,Abbott BG Meter,4.40,US,True,True,2014-09-07 18:05:00
6,409,Abbott BG Meter,.70,US,True,True,2014-09-07 18:04:00
6,410,Abbott BG Meter,.20,US,False,False,2014-07-29 18:32:00
6,411,Abbott BG Meter,.20,US,False,False,2014-07-25 22:28:00
6,412,Abbott BG Meter,.10,US,False,False,2014-07-20 10:20:00
6,413,Abbott BG Meter,.20,US,False,False,2014-05-22 04:23:00
6,414,Abbott BG Meter,4.40,US,True,True,2014-05-21 10:09:00
6,415,Abbott BG Meter,.80,US,True,True,2014-05-21 10:08:00
6,416,Abbott BG Meter,.10,US,False,False,2014-05-21 09:32:00
6,417,Abbott BG Meter,4.30,US,True,True,2014-11-11 11:34:00
6,418,Abbott BG Meter,.80,US,True,True,2014-11-11 11:33:00
6,419,Abbott BG Meter,2.60,US,True,True,2014-11-09 23:16:00
6,420,Abbott BG Meter,2.60,US,True,True,2014-10-31 20:38:00
6,421,Abbott BG Meter,.10,US,False,False,2014-10-29 01:30:00
6,422,Abbott BG Meter,3.50,US,True,True,2014-10-25 20:58:00
6,423,Abbott BG Meter,2.50,US,True,True,2014-10-21 16:38:00
6,424,Abbott BG Meter,1.20,US,True,True,2014-10-18 12:57:00
6,425,Abbott BG Meter,2.60,US,True,True,2014-10-10 15:48:00
6,426,Abbott BG Meter,.10,US,False,False,2014-10-07 08:00:00
6,427,Abbott BG Meter,.70,US,False,False,2014-10-07 05:51:00
6,428,Abbott BG Meter,.60,US,False,False,2014-10-07 05:48:00
6,429,Abbott BG Meter,.80,US,False,True,2014-10-06 10:44:00
6,430,Abbott BG Meter,4.30,US,False,True,2014-10-06 10:43:00
7,431,Abbott BG Meter,4.40,US,False,True,2015-02-17 06:26:00
7,432,Abbott BG Meter,.80,US,False,True,2015-02-17 06:25:00
7,433,Abbott BG Meter,.20,US,False,False,2015-01-25 06:14:00
7,434,Abbott BG Meter,4.60,US,True,True,2015-01-18 06:37:00
7,435,Abbott BG Meter,.80,US,True,True,2015-01-18 06:36:00
7,436,Abbott BG Meter,.20,US,False,False,2015-01-18 06:34:00
7,437,Abbott BG Meter,.10,US,False,False,2015-01-18 06:34:00
7,438,Abbott BG Meter,.10,US,False,False,2015-01-06 16:12:00
7,439,Abbott BG Meter,.40,US,False,False,2014-11-27 19:55:00
7,440,Abbott BG Meter,.20,US,False,False,2014-11-10 17:40:00
7,441,Abbott BG Meter,1.30,US,False,False,2014-11-10 16:33:00
7,442,Abbott BG Meter,.20,US,False,False,2014-11-07 20:36:00
7,443,Abbott BG Meter,.70,US,False,False,2014-11-07 18:28:00
7,444,Abbott BG Meter,.10,US,False,False,2014-11-05 17:24:00
7,445,Abbott BG Meter,.20,US,False,False,2014-10-31 15:28:00
7,446,Abbott BG Meter,.60,US,False,False,2014-10-31 14:20:00
7,447,Abbott BG Meter,4.60,US,False,True,2014-10-31 13:04:00
7,448,Abbott BG Meter,.80,US,False,True,2014-10-31 13:03:00
8,449,Abbott BG Meter,.20,US,False,False,2014-08-05 01:21:00
8,450,Abbott BG Meter,.20,US,False,False,2014-08-04 20:53:00
8,451,Abbott BG Meter,.10,US,False,False,2014-07-28 23:23:00
8,452,Abbott BG Meter,.10,US,False,False,2014-07-21 20:08:00
8,453,Abbott BG Meter,4.80,US,False,True,2014-07-20 15:55:00
8,454,Abbott BG Meter,.80,US,False,True,2014-07-20 15:54:00
8,455,Abbott BG Meter,.20,US,False,False,2014-07-20 15:51:00
9,456,Abbott BG Meter,.20,US,False,False,2014-12-06 02:15:00
9,457,Abbott BG Meter,.20,US,False,False,2014-12-04 00:13:00
9,458,Abbott BG Meter,.20,US,False,False,2014-11-26 01:06:00
9,459,Abbott BG Meter,.20,US,False,False,2014-11-25 05:43:00
9,460,Abbott BG Meter,.20,US,False,False,2014-11-20 04:37:00
9,461,Abbott BG Meter,1.80,US,False,False,2014-11-20 02:13:00
9,462,Abbott BG Meter,.20,US,False,False,2014-11-19 09:33:00
9,463,Abbott BG Meter,1.30,US,False,False,2014-11-19 06:07:00
9,464,Abbott BG Meter,1.10,US,False,False,2014-11-19 06:04:00
9,465,Abbott BG Meter,.20,US,False,False,2014-11-14 10:35:00
9,466,Abbott BG Meter,1.60,US,False,False,2014-11-13 08:03:00
9,467,Abbott BG Meter,.50,US,False,False,2014-11-12 22:58:00
9,468,Abbott BG Meter,1.20,US,False,False,2014-11-12 22:18:00
9,469,Abbott BG Meter,1.30,US,False,False,2014-11-12 22:16:00
9,470,Abbott BG Meter,.60,US,False,False,2014-11-12 21:06:00
9,471,Abbott BG Meter,1.10,US,False,False,2014-11-12 19:04:00
9,472,Abbott BG Meter,.90,US,False,False,2014-11-12 18:01:00
9,473,Abbott BG Meter,1.60,US,False,False,2014-11-12 12:27:00
9,474,Abbott BG Meter,2.40,US,False,False,2014-11-12 10:57:00
9,475,Abbott BG Meter,3.20,US,False,False,2014-11-12 10:09:00
9,476,Abbott BG Meter,4.90,US,False,False,2014-11-12 08:58:00
9,477,Abbott BG Meter,5.10,US,False,False,2014-11-12 08:28:00
9,478,Abbott BG Meter,6.40,US,False,False,2014-11-12 07:40:00
9,479,Abbott BG Meter,7.90,US,False,False,2014-11-12 07:01:00
9,480,Abbott BG Meter,7.40,US,False,False,2014-11-12 06:36:00
9,481,Abbott BG Meter,7.30,US,False,False,2014-11-12 05:43:00
9,482,Abbott BG Meter,7.30,US,False,False,2014-11-12 05:40:00
9,483,Abbott BG Meter,.20,US,False,False,2015-03-06 21:08:00
9,484,Abbott BG Meter,.20,US,False,False,2015-02-05 11:47:00
9,485,Abbott BG Meter,4.40,US,True,True,2014-12-08 14:10:00
9,486,Abbott BG Meter,.80,US,True,True,2014-12-08 14:09:00
9,487,Abbott BG Meter,.20,US,False,False,2014-12-08 13:54:00
10,488,Abbott BG Meter,4.60,US,True,True,2012-11-25 11:22:00
10,489,Abbott BG Meter,.80,US,True,True,2012-11-25 11:22:00
10,490,Abbott BG Meter,.30,US,False,False,2012-11-25 11:11:00
10,491,Abbott BG Meter,4.60,US,True,True,2012-08-31 22:17:00
10,492,Abbott BG Meter,.80,US,True,True,2012-08-31 22:16:00
10,493,Abbott BG Meter,4.60,US,False,True,2012-08-24 19:01:00
10,494,Abbott BG Meter,.70,US,False,True,2012-08-24 19:00:00
14,495,Abbott BG Meter,4.30,US,True,True,2014-04-02 08:30:00
14,496,Abbott BG Meter,.80,US,False,True,2014-04-02 08:29:00
14,497,Abbott BG Meter,.10,US,False,False,2014-02-01 12:38:00
14,498,Abbott BG Meter,.10,US,False,False,2013-12-14 15:13:00
14,499,Abbott BG Meter,.10,US,False,False,2013-12-13 22:38:00
14,500,Abbott BG Meter,.10,US,False,False,2013-12-11 15:26:00
14,501,Abbott BG Meter,.20,US,False,False,2013-10-08 10:52:00
14,502,Abbott BG Meter,2.50,US,True,True,2013-10-04 23:18:00
14,503,Abbott BG Meter,.80,US,True,True,2013-10-04 23:17:00
14,504,Abbott BG Meter,.80,US,True,True,2013-09-06 09:07:00
14,505,Abbott BG Meter,2.70,US,True,True,2013-09-06 09:06:00
14,506,Abbott BG Meter,.10,US,False,False,2013-09-04 14:21:00
14,507,Abbott BG Meter,.10,US,False,False,2013-08-16 21:43:00
14,508,Abbott BG Meter,.80,US,True,True,2013-08-13 08:17:00
14,509,Abbott BG Meter,2.70,US,True,True,2013-08-13 08:16:00
14,510,Abbott BG Meter,4.80,US,True,True,2013-08-13 08:15:00
21,511,Abbott BG Meter,4.90,US,True,True,2014-05-17 11:30:00
21,512,Abbott BG Meter,.80,US,True,True,2014-05-17 11:29:00
21,513,Abbott BG Meter,.20,US,False,False,2014-05-13 02:52:00
21,514,Abbott BG Meter,.80,US,True,True,2014-05-10 08:37:00
21,515,Abbott BG Meter,.10,US,False,False,2014-05-08 21:16:00
21,516,Abbott BG Meter,.20,US,False,False,2014-05-08 14:18:00
21,517,Abbott BG Meter,.20,US,False,False,2014-05-04 10:24:00
21,518,Abbott BG Meter,.80,US,True,True,2014-05-03 10:57:00
21,519,Abbott BG Meter,.20,US,False,False,2014-04-28 23:43:00
21,520,Abbott BG Meter,.20,US,False,False,2014-04-28 18:09:00
21,521,Abbott BG Meter,4.40,US,True,True,2014-04-26 12:43:00
21,522,Abbott BG Meter,.80,US,True,True,2014-04-26 12:42:00
21,523,Abbott BG Meter,5.00,US,True,True,2014-04-26 06:22:00
21,524,Abbott BG Meter,.80,US,True,True,2014-04-26 06:15:00
21,525,Abbott BG Meter,.30,US,False,False,2014-06-06 19:56:00
21,526,Abbott BG Meter,.80,US,True,True,2014-05-31 08:48:00
21,527,Abbott BG Meter,4.70,US,True,True,2014-05-31 08:46:00
21,528,Abbott BG Meter,.20,US,False,False,2014-06-17 18:34:00
21,529,Abbott BG Meter,.40,US,False,False,2014-06-11 14:33:00
21,530,Abbott BG Meter,4.70,US,True,True,2014-06-08 10:23:00
21,531,Abbott BG Meter,.80,US,True,True,2014-06-08 10:23:00
21,532,Abbott BG Meter,.20,US,False,False,2014-07-16 00:36:00
21,533,Abbott BG Meter,.80,US,True,True,2014-07-12 21:46:00
21,534,Abbott BG Meter,.60,US,False,True,2014-07-11 15:29:00
21,535,Abbott BG Meter,.80,US,True,True,2014-07-06 14:46:00
21,536,Abbott BG Meter,.30,US,False,False,2014-07-06 14:45:00
21,537,Abbott BG Meter,.20,US,False,False,2014-07-03 22:16:00
21,538,Abbott BG Meter,4.90,US,True,True,2014-06-28 10:00:00
21,539,Abbott BG Meter,.80,US,True,True,2014-06-28 09:59:00
22,540,Abbott BG Meter,.80,US,True,True,2015-01-03 09:54:00
22,541,Abbott BG Meter,4.40,US,True,True,2015-01-03 09:53:00
22,542,Abbott BG Meter,.20,US,False,False,2014-12-29 00:43:00
22,543,Abbott BG Meter,.70,US,True,True,2014-12-27 22:25:00
22,544,Abbott BG Meter,.80,US,True,True,2014-12-21 00:18:00
22,545,Abbott BG Meter,4.90,US,True,True,2014-12-13 14:02:00
22,546,Abbott BG Meter,.80,US,True,True,2014-12-13 14:01:00
23,562,Abbott BG Meter,4.80,US,True,True,2014-11-16 11:13:00
23,563,Abbott BG Meter,.80,US,True,True,2014-11-16 11:12:00
23,564,Abbott BG Meter,5.00,US,False,True,2014-11-16 11:12:00
23,565,Abbott BG Meter,1.10,US,False,True,2014-11-13 07:34:00
23,566,Abbott BG Meter,.80,US,True,True,2014-11-09 19:19:00
23,567,Abbott BG Meter,.30,US,False,False,2014-11-05 09:14:00
23,568,Abbott BG Meter,.80,US,True,True,2014-11-02 19:56:00
23,569,Abbott BG Meter,.60,US,False,True,2014-10-27 05:58:00
23,570,Abbott BG Meter,.80,US,True,True,2014-10-26 12:45:00
23,571,Abbott BG Meter,5.00,US,True,True,2014-10-26 12:44:00
23,572,Abbott BG Meter,1.00,US,True,True,2015-01-09 10:37:00
23,573,Abbott BG Meter,1.00,US,False,True,2014-12-29 12:47:00
23,574,Abbott BG Meter,5.10,US,True,True,2014-12-29 12:44:00
23,575,Abbott BG Meter,4.40,US,True,True,2014-12-09 10:14:00
23,576,Abbott BG Meter,.80,US,True,True,2014-12-09 10:13:00
24,577,Abbott BG Meter,4.70,US,True,True,2012-08-17 12:32:00
24,578,Abbott BG Meter,.80,US,True,True,2012-08-17 12:31:00
24,579,Abbott BG Meter,.70,US,True,True,2012-08-10 13:48:00
24,580,Abbott BG Meter,.80,US,False,False,2012-08-06 21:45:00
24,581,Abbott BG Meter,.00,US,True,True,2012-08-03 12:59:00
24,582,Abbott BG Meter,.00,US,True,True,2012-08-03 12:58:00
24,583,Abbott BG Meter,4.70,US,False,True,2012-07-27 13:32:00
24,584,Abbott BG Meter,.80,US,True,True,2012-07-27 13:32:00
24,585,Abbott BG Meter,4.50,US,True,True,2012-09-09 10:10:00
24,586,Abbott BG Meter,.80,US,True,True,2012-09-09 10:10:00
24,587,Abbott BG Meter,.20,US,False,False,2012-10-12 02:17:00
25,588,Abbott BG Meter,.90,US,False,True,2014-12-09 23:15:00
25,589,Abbott BG Meter,.30,US,False,False,2014-12-06 23:05:00
25,590,Abbott BG Meter,5.20,US,True,True,2014-12-05 20:14:00
25,591,Abbott BG Meter,.20,US,False,False,2014-12-01 19:46:00
25,592,Abbott BG Meter,.20,US,False,False,2015-01-01 00:54:00
25,593,Abbott BG Meter,.90,US,True,True,2015-01-01 00:52:00
25,594,Abbott BG Meter,.80,US,True,True,2014-12-27 12:48:00
8,595,Abbott BG Meter,3.70,US,False,True,2014-08-10 14:49:00
8,596,Abbott BG Meter,.70,US,False,True,2014-08-10 14:48:00
11,597,Abbott BG Meter,.70,US,True,True,2012-08-15 13:21:00
11,598,Abbott BG Meter,2.70,US,True,True,2012-08-15 13:20:00
11,599,Abbott BG Meter,.20,US,False,False,2012-08-11 15:29:00
11,600,Abbott BG Meter,2.70,US,True,True,2012-07-26 09:55:00
11,601,Abbott BG Meter,.80,US,True,True,2012-07-15 15:18:00
11,602,Abbott BG Meter,4.90,US,True,True,2012-07-15 15:16:00
11,603,Abbott BG Meter,.80,US,True,True,2012-06-22 12:26:00
11,604,Abbott BG Meter,2.60,US,True,True,2012-06-22 12:25:00
11,605,Abbott BG Meter,4.90,US,True,True,2012-06-22 12:23:00
11,606,Abbott BG Meter,.80,US,True,True,2013-03-06 16:03:00
11,607,Abbott BG Meter,2.60,US,True,True,2013-03-06 16:02:00
17,608,Abbott BG Meter,5.30,US,False,True,2014-01-23 10:07:00
20,609,Abbott BG Meter,.60,US,False,True,2014-03-01 20:00:00
6,610,Abbott BG Meter,2.70,US,True,True,2014-12-07 09:57:00
6,611,Abbott BG Meter,2.70,US,True,True,2014-11-27 23:24:00
6,612,Abbott BG Meter,2.70,US,True,True,2014-11-22 23:38:00
6,613,Abbott BG Meter,2.80,US,True,True,2014-11-17 07:37:00
7,614,Abbott BG Meter,4.50,US,False,True,2015-04-28 09:48:00
7,615,Abbott BG Meter,.80,US,True,True,2015-04-28 09:48:00
13,616,Abbott BG Meter,2.60,US,True,True,2012-08-29 08:40:00
13,617,Abbott BG Meter,4.50,US,True,True,2012-10-28 17:34:00
13,618,Abbott BG Meter,.80,US,True,True,2012-10-28 17:29:00
13,619,Abbott BG Meter,.10,US,False,False,2012-08-24 01:03:00
13,620,Abbott BG Meter,.80,US,False,True,2012-04-21 11:08:00
13,621,Abbott BG Meter,2.40,US,True,True,2012-04-21 11:07:00
13,622,Abbott BG Meter,.10,US,False,False,2012-03-10 21:47:00
13,623,Abbott BG Meter,.80,US,False,True,2012-03-05 10:35:00
13,624,Abbott BG Meter,2.70,US,True,True,2012-03-05 10:33:00
13,625,Abbott BG Meter,5.10,US,True,True,2012-03-05 10:32:00
8,626,Abbott BG Meter,.20,US,False,False,2014-11-08 23:03:00
8,627,Abbott BG Meter,.20,US,False,False,2014-09-28 19:32:00
8,628,Abbott BG Meter,.10,US,False,False,2014-09-15 22:16:00
8,629,Abbott BG Meter,.20,US,False,False,2014-09-15 08:08:00
8,630,Abbott BG Meter,.20,US,False,False,2014-09-11 21:10:00
8,631,Abbott BG Meter,4.20,US,False,True,2014-09-11 09:51:00
8,632,Abbott BG Meter,.80,US,False,True,2014-09-11 09:51:00
25,633,Abbott BG Meter,.60,US,False,False,2014-11-24 13:27:59.903000000
29,634,Abbott BG Meter,.20,US,False,False,2013-08-29 06:45:00
20,635,Abbott BG Meter,.30,US,False,False,2014-02-11 01:37:00
20,636,Abbott BG Meter,.60,US,False,False,2014-02-11 03:03:00
21,649,Abbott BG Meter,4.80,US,False,True,2014-06-08 10:50:00
21,650,Abbott BG Meter,.80,US,False,True,2014-06-08 10:49:00
23,651,Abbott BG Meter,4.60,US,True,True,2014-11-30 08:27:00
23,652,Abbott BG Meter,.80,US,True,True,2014-11-30 08:26:00
24,653,Abbott BG Meter,.90,US,True,True,2012-08-31 08:32:00
24,654,Abbott BG Meter,4.90,US,True,True,2012-08-31 08:31:00
25,655,Abbott BG Meter,.60,US,False,False,2014-11-24 13:28:00
21,656,Abbott BG Meter,4.70,US,True,True,2014-07-20 10:26:00
21,657,Abbott BG Meter,.80,US,True,True,2014-07-20 10:21:00
22,658,Abbott BG Meter,4.90,US,True,True,2015-02-16 10:20:00
22,659,Abbott BG Meter,4.60,US,False,True,2015-02-16 10:19:00
22,660,Abbott BG Meter,.80,US,True,True,2015-02-16 10:17:00
22,661,Abbott BG Meter,4.60,US,True,True,2015-03-10 09:50:00
22,662,Abbott BG Meter,.80,US,True,True,2015-03-10 09:49:00
23,663,Abbott BG Meter,4.80,US,True,True,2015-01-19 10:06:00
23,664,Abbott BG Meter,.80,US,True,True,2015-01-19 10:05:00
24,665,Abbott BG Meter,5.20,US,True,True,2012-09-30 14:18:00
24,666,Abbott BG Meter,.80,US,True,True,2012-09-30 14:17:00
24,667,Abbott BG Meter,5.80,US,False,True,2012-09-30 14:17:00
24,668,Abbott BG Meter,.80,US,False,True,2012-09-30 14:15:00
24,669,Abbott BG Meter,4.70,US,True,True,2012-10-22 10:22:00
24,670,Abbott BG Meter,.80,US,True,True,2012-10-22 10:21:00
25,671,Abbott BG Meter,.80,US,True,True,2014-12-12 09:58:00
25,672,Abbott BG Meter,4.80,US,True,True,2014-12-12 09:56:00
4,673,Abbott BG Meter,4.30,US,True,True,2013-03-10 13:15:00
4,674,Abbott BG Meter,2.30,US,True,True,2013-03-10 13:11:00
4,675,Abbott BG Meter,.70,US,True,True,2013-03-10 13:10:00
4,676,Abbott BG Meter,2.60,US,True,True,2013-03-05 22:20:00
5,677,Abbott BG Meter,4.80,US,True,True,2014-10-29 22:10:00
5,678,Abbott BG Meter,2.60,US,True,True,2014-10-29 22:09:00
5,679,Abbott BG Meter,.90,US,True,True,2014-10-29 22:08:00
5,680,Abbott BG Meter,1.10,US,True,True,2014-10-29 22:07:00
5,681,Abbott BG Meter,.20,US,False,False,2014-10-27 21:43:00
5,682,Abbott BG Meter,.20,US,False,False,2014-10-11 22:04:00
5,683,Abbott BG Meter,.20,US,False,False,2014-10-03 05:55:00
5,684,Abbott BG Meter,4.20,US,True,True,2014-10-01 11:12:00
5,685,Abbott BG Meter,2.40,US,True,True,2014-10-01 11:11:00
5,686,Abbott BG Meter,.70,US,True,True,2014-10-01 11:10:00
5,687,Abbott BG Meter,4.70,US,True,True,2014-12-09 12:04:00
5,688,Abbott BG Meter,.80,US,False,True,2014-12-09 12:03:00
5,689,Abbott BG Meter,2.60,US,False,True,2014-12-09 11:42:00
11,690,Abbott BG Meter,2.70,US,True,True,2013-04-13 10:32:00
11,691,Abbott BG Meter,4.60,US,False,True,2013-04-13 10:30:00
14,692,Abbott BG Meter,2.60,US,True,True,2014-05-02 12:47:00
14,693,Abbott BG Meter,4.60,US,False,True,2014-05-02 12:46:00
14,694,Abbott BG Meter,.10,US,False,False,2014-04-22 06:35:00
14,695,Abbott BG Meter,4.60,US,True,True,2014-05-27 08:55:00
14,696,Abbott BG Meter,2.70,US,True,True,2014-05-27 08:54:00
14,697,Abbott BG Meter,.10,US,False,False,2014-05-22 10:51:00
14,698,Abbott BG Meter,.10,US,False,False,2014-05-10 07:59:00
15,699,Abbott BG Meter,4.70,US,True,True,2012-12-17 12:07:00
15,700,Abbott BG Meter,2.60,US,True,True,2012-12-17 12:06:00
15,701,Abbott BG Meter,2.60,US,True,True,2013-01-28 17:02:00
15,702,Abbott BG Meter,.80,US,True,True,2013-01-28 17:01:00
4,703,Abbott BG Meter,4.40,US,True,True,2013-04-18 15:50:00
4,704,Abbott BG Meter,2.60,US,True,True,2013-04-18 15:49:00
4,705,Abbott BG Meter,.80,US,True,True,2013-04-18 15:48:00
20,706,Abbott BG Meter,.20,US,False,False,2014-04-24 08:30:00
20,707,Abbott BG Meter,.10,US,False,False,2014-04-25 15:09:00
11,708,Abbott BG Meter,.80,US,True,True,2013-05-21 10:00:00
11,709,Abbott BG Meter,2.60,US,True,True,2013-05-21 09:59:00
15,710,Abbott BG Meter,4.50,US,True,True,2012-11-07 20:08:00
15,711,Abbott BG Meter,2.70,US,True,True,2012-11-07 20:07:00
13,712,Abbott BG Meter,4.60,US,True,True,2013-01-23 16:50:00
13,713,Abbott BG Meter,2.60,US,True,True,2013-01-23 16:49:00
14,714,Abbott BG Meter,.80,US,True,True,2014-07-05 08:12:00
14,715,Abbott BG Meter,4.80,US,True,True,2014-07-05 08:11:00
14,716,Abbott BG Meter,.20,US,False,False,2014-06-30 13:16:00
14,717,Abbott BG Meter,.10,US,False,False,2014-06-03 05:48:00
14,718,Abbott BG Meter,.80,US,True,True,2014-07-24 11:31:00
14,719,Abbott BG Meter,4.80,US,True,True,2014-07-24 11:30:00
6,720,Abbott BG Meter,5.10,US,True,True,2014-12-07 11:13:00
6,721,Abbott BG Meter,1.60,US,True,True,2014-12-07 11:11:00
6,722,Abbott BG Meter,.90,US,True,True,2014-12-07 11:11:00
7,723,Abbott BG Meter,.70,US,False,True,2015-05-27 09:47:00
7,724,Abbott BG Meter,4.80,US,False,True,2015-05-27 09:46:00
7,728,Abbott BG Meter,.40,US,False,False,2015-07-31 07:51:00
7,729,Abbott BG Meter,.60,US,False,False,2015-07-22 07:34:00
7,730,Abbott BG Meter,.30,US,False,False,2015-07-21 23:06:00
7,731,Abbott BG Meter,.70,US,False,False,2015-07-21 22:44:00
7,732,Abbott BG Meter,.20,US,False,False,2015-07-20 08:56:00
7,733,Abbott BG Meter,1.40,US,False,False,2015-07-20 07:52:00
7,734,Abbott BG Meter,1.70,US,False,False,2015-07-20 06:32:00
7,735,Abbott BG Meter,.30,US,False,False,2015-07-10 15:29:00
7,736,Abbott BG Meter,.40,US,False,False,2015-07-10 14:41:00
7,737,Abbott BG Meter,.80,US,False,True,2015-06-30 13:31:00
7,738,Abbott BG Meter,4.40,US,False,True,2015-06-30 13:30:00
7,739,Abbott BG Meter,4.50,US,False,True,2015-06-30 13:30:00
8,740,Abbott BG Meter,4.60,US,False,True,2014-12-19 18:09:00
8,741,Abbott BG Meter,.70,US,False,True,2014-12-19 18:09:00
8,742,Abbott BG Meter,4.60,US,True,True,2014-11-14 18:59:00
8,743,Abbott BG Meter,.70,US,True,True,2014-11-14 18:58:00
10,744,Abbott BG Meter,4.50,US,False,True,2013-01-14 17:24:00
10,745,Abbott BG Meter,.80,US,True,True,2013-01-14 17:23:00