ParentLoginVisitID,DeidentID,RecID,MedDose,MedUnit,MedDoseUnk,MedRoute,MedLocSide,MedFreqType,MedFreqNum,MedFreqPer,MedFreqUnk,MedInd,ParentLoginIDMedCondition,ParentLoginIDAdvEvent,MedStartTrtCat,MedStartDt,MedStartDtApprox,MedStopDt,MedStopDtApprox,MedOngoing,MedStartPreEnrRange,MedStartMonth,MedStartYear,MedStopMonth,MedStopYear,MedStopDtUnk,ParentLogInIDPreExisting,MedStartDtUnk,MedCondNotReqd,PreExistCondNotReqd,DrugName,AdvEventNotReqd,ParentLoginIDMedCondition2,ParentLogInIDPreExisting2,ParentLoginIDAdvEvent2
,1,1,20,mg,,PO,,Fixed Regimen,1,Day,,Prior to enrollment,1667,,On treatment at time of enrollment,,,,,1,5 years to < 10 years,,,,,,,,,,Prozac,,,,
,1,2,0.5,mg,,PO,,As Needed,,,,Prior to enrollment,1669,,On treatment at time of enrollment,,,,,1,5 years to < 10 years,,,,,,,,,,Ativan,,,,
,1,3,50,mg,,PO,,Fixed Regimen,1,Day,,Prior to enrollment,1668,,On treatment at time of enrollment,,,,,1,1 year to < 5 years,,,,,,,,,,Losartan,,,,
,1,24,,,1,PO,,As Needed,,,,New,2119,,Treatment started after enrollment,2013-12-14 00:00:00,,2013-12-14 00:00:00,,,,,,,,,,,,,Tussionex,,,,
,1,30,500,mg,,PO,,Fixed Regimen,2,Day,,New,,,Treatment started after enrollment,2014-01-30 00:00:00,,2014-02-08 00:00:00,,,,,,,,,,,1,,Levofloxacin,,,,
,1,31,5,mg,,PO,,As Needed,,,,New,,,Treatment started after enrollment,2014-01-30 00:00:00,,2014-02-08 00:00:00,,,,,,,,,,,1,,Oxycodone,,,,
,1,32,4,mg,,PO,,As Needed,,,,New,,,Treatment started after enrollment,2014-01-30 00:00:00,,2014-02-08 00:00:00,,,,,,,,,,,1,,Zofran,,,,
,1,39,1.5/30,mg,,PO,,Fixed Regimen,1,Day,,New,,,Treatment started after enrollment,2014-02-06 00:00:00,,,,1,,,,,,,,,1,,Loestrin FE,,,,
,1,41,,,1,PO,,Fixed Regimen,,,1,New,,,Treatment started after enrollment,2014-02-14 00:00:00,,2014-02-21 00:00:00,,,,,,,,,,,1,,Macrobid,,,,
,2,4,125,mcg,,PO,,Fixed Regimen,1,Day,,Prior to enrollment,1678,,On treatment at time of enrollment,,,,,1,5 years to < 10 years,,,,,,,,,,Synthroid,,,,
,2,55,875,mg,,PO,,Fixed Regimen,2,Day,,New,,,Treatment started after enrollment,2014-10-10 00:00:00,,,,1,,,,,,,,,1,,Amoxicillin,,,,
,3,5,5,mg,,PO,,Fixed Regimen,1,Day,,Prior to enrollment,1737,,On treatment at time of enrollment,,,,,1,3 months to < 6 months,,,,,,,,,,Crestor,,,,
,3,6,20,mg,,PO,,Fixed Regimen,1,Day,,Prior to enrollment,1740,,On treatment at time of enrollment,,,,,1,Unknown,,,,,,,,,,Omeprazole,,,,
,3,7,200,mg,,PO,,As Needed,,,,Prior to enrollment,1736,,On treatment at time of enrollment,,,,,1,>=10 years,,,,,,,,,,Aleve,,,,
,3,23,,,1,PO,,One Time Treatment,,,,New,,,Treatment started after enrollment,,,,,,,,,,,1,,1,1,,Prednisone,,,,
,4,12,88,mcg,,PO,,Fixed Regimen,1,Day,,Prior to enrollment,1684,,On treatment at time of enrollment,,,,,1,>=10 years,,,,,,,,,,Levothyroxine Sodium,,,,
,4,13,40,mg,,IM,,Fixed Regimen,2,Week,,Prior to enrollment,1683,,On treatment at time of enrollment,,,,,1,5 years to < 10 years,,,,,,,,,,Humira,,,,
,4,14,10,mg,,PO,,Fixed Regimen,1,Week,,Prior to enrollment,1683,,On treatment at time of enrollment,,,,,1,5 years to < 10 years,,,,,,,,,,Methotrexate Sodium,,,,
,4,15,10,mg,,PO,,Fixed Regimen,1,Day,,Prevention,,,On treatment at time of enrollment,,,,,1,5 years to < 10 years,,,,,,,,,,Folic Acid,,,,
,4,16,750,mg,,PO,,As Needed,,,,Prior to enrollment,1683,,On treatment at time of enrollment,,,,,1,5 years to < 10 years,,,,,,,,,,nabumetone,,,,
,4,17,20,mg,,PO,,Fixed Regimen,1,Day,,Prevention,,,On treatment at time of enrollment,,,,,1,5 years to < 10 years,,,,,,,,,,Prilosec,,,,
,4,18,81,mg,,PO,,Fixed Regimen,1,Day,,Prevention,,,On treatment at time of enrollment,,,,,1,5 years to < 10 years,,,,,,,,,,Aspirin,,,,
,4,19,10,mg,,PO,,Fixed Regimen,1,Day,,Prior to enrollment,1685,,On treatment at time of enrollment,,,,,1,>=10 years,,,,,,,,,,Zetia,,,,
,4,20,,,1,PO,,Fixed Regimen,1,Day,,Prevention,,,On treatment at time of enrollment,,,,,1,1 year to < 5 years,,,,,,,,,,Vitamin B 12,,,,
,4,21,,,1,PO,,Fixed Regimen,1,Day,,Prevention,,,On treatment at time of enrollment,,,,,1,1 year to < 5 years,,,,,,,,,,Sunkist Vitamin C,,,,
,4,22,,,1,PO,,Fixed Regimen,1,Day,,Prevention,,,On treatment at time of enrollment,,,,,1,1 year to < 5 years,,,,,,,,,,vitamin D3,,,,
,4,36,875-125,mg,,PO,,Fixed Regimen,2,Day,,New,,,Treatment started after enrollment,2012-07-22 00:00:00,,2012-08-01 00:00:00,,,,,,,,,,,1,,Amoxicillin / Clavulanate,,,,
,5,8,139,mcg,,PO,,Fixed Regimen,1,Day,,Prior to enrollment,1835,,On treatment at time of enrollment,,,,,1,5 years to < 10 years,,,,,,,,,,Levothyroxine Sodium,,,,
,5,9,,,1,SC,,Fixed Regimen,1,Month,,Prior to enrollment,1840,,On treatment at time of enrollment,,,,,1,5 years to < 10 years,,,,,,,,,,Allergy Shot - Homeopathic,,,,
,5,10,20,mg,,PO,,Fixed Regimen,1,Day,,Prevention,,,On treatment at time of enrollment,,,,,1,5 years to < 10 years,,,,,,,,,,Simvastatin,,,,
,5,11,5,mg,,PO,,Fixed Regimen,1,Day,,Prevention,,,On treatment at time of enrollment,,,,,1,5 years to < 10 years,,,,,,,,,,Lisinopril,,,,
,6,56,325mg,tablet,,PO,,As Needed,,,,New,6012,,Treatment started after enrollment,2015-01-30 00:00:00,,2015-02-02 00:00:00,,,,,,,,,,,,,Tylenol Cold Relief,,,,
,7,27,500,mg,,PO,,Fixed Regimen,2,Day,,Prior to enrollment,2588,,On treatment at time of enrollment,,,2015-04-02 00:00:00,,,Unknown,,,,,,,,,,Tetracycline / Troleandomycin,,,,
,7,40,,,1,Topical - skin,,As Needed,,,,New,,,Treatment started after enrollment,2014-09-26 00:00:00,,2014-09-29 00:00:00,,,,,,,,,,,1,,Lidoderm,,,,
,7,57,,,1,PO,,Fixed Regimen,1,Day,,New,6036,,Treatment started after enrollment,2015-08-04 00:00:00,,2015-08-08 00:00:00,,,,,,,,,,,,,ZPAK,,,,
,9,45,30,mg,,PO,,As Needed,,,,New,,3661,Treatment started after enrollment,2014-12-02 00:00:00,,2014-12-11 00:00:00,,,,,,,,,,,,,Pseudoephedrine,,,,
,9,47,,,1,PO,,As Needed,,,,New,,3614,Treatment started after enrollment,2014-11-29 00:00:00,,2014-11-29 00:00:00,,,,,,,,,,,,,Nyquil Cold & Flu,,,,
,11,25,20,mg,,PO,,Fixed Regimen,1,Day,,Prior to enrollment,2319,,On treatment at time of enrollment,,,,,1,5 years to < 10 years,,,,,,,,,,Simvastatin,,,,
,12,26,10,mg,,PO,,Fixed Regimen,1,Day,,Prior to enrollment,2316,,On treatment at time of enrollment,,,,,1,6 months to < 1 year,,,,,,,,,,Lipitor,,,,
,13,33,100,mg,,PO,,Fixed Regimen,1,Day,,Prior to enrollment,2616,,On treatment at time of enrollment,,,,,1,1 year to < 5 years,,,,,,,,,,Losartan,,,,
,14,28,1600,mg,,PO,,Fixed Regimen,1,Day,,Prior to enrollment,2732,,On treatment at time of enrollment,,,,,1,>=10 years,,,,,,,,,,Asacol,,,,
,14,29,30,mg,,PO,,Fixed Regimen,2,Day,,Prior to enrollment,2734,,On treatment at time of enrollment,,,,,1,1 year to < 5 years,,,,,,,,,,Domperidone,,,,
,14,48,200,mg,,PO,,Fixed Regimen,1,Day,,Prior to enrollment,3812,,On treatment at time of enrollment,,,,,1,1 year to < 5 years,,,,,,,,,,Wellbutrin,,,,
,14,49,40,mg,,PO,,Fixed Regimen,1,Day,,Prior to enrollment,3812,,On treatment at time of enrollment,,,,,1,1 year to < 5 years,,,,,,,,,,Celexa,,,,
,14,50,10,mg,,PO,,Fixed Regimen,1,Day,,Prevention,,,On treatment at time of enrollment,,,,,1,1 year to < 5 years,,,,,,,,,,Lisinopril,,,,
,14,51,125,mg,,PO,,Fixed Regimen,1,Day,,Prior to enrollment,3813,,On treatment at time of enrollment,,,,,1,1 year to < 5 years,,,,,,,,,,Nortriptyline,,,,
,14,52,240,mg,,PO,,Fixed Regimen,1,Day,,Prior to enrollment,3813,,On treatment at time of enrollment,,,,,1,1 year to < 5 years,,,,,,,,,,Verapamil,,,,
,14,53,10,mg,,PO,,As Needed,,,,Prior to enrollment,3814,,On treatment at time of enrollment,,,,,1,1 year to < 5 years,,,,,,,,,,Singulair,,,,
,15,34,40,mg,,PO,,Fixed Regimen,1,Day,,Prevention,,,On treatment at time of enrollment,,,,,1,5 years to < 10 years,,,,,,,,,,Lisinopril,,,,
,15,35,25,mg,,PO,,Fixed Regimen,1,Day,,Prevention,,,On treatment at time of enrollment,,,,,1,1 year to < 5 years,,,,,,,,,,Spironolactone,,,,
,19,37,150,mcg,,PO,,Fixed Regimen,1,Day,,Prior to enrollment,2868,,On treatment at time of enrollment,,,,,1,5 years to < 10 years,,,,,,,,,,Euthyrox,,,,
,20,38,10,mg,,PO,,Fixed Regimen,1,Day,,Prior to enrollment,2872,,On treatment at time of enrollment,,,,,1,5 years to < 10 years,,,,,,,,,,rosuvastatin,,,,
,28,42,80,mg,,PO,,Fixed Regimen,1,Day,,Prior to enrollment,3434,,On treatment at time of enrollment,,,,,1,>=10 years,,,,,,,,,,valsartan,,,,
,28,43,5,mg,,PO,,Fixed Regimen,1,Day,,Prior to enrollment,3435,,On treatment at time of enrollment,,,,,1,>=10 years,,,,,,,,,,Crestor,,,,
,28,44,20,mg,,PO,,One Time Treatment,,,,New,,,Treatment started after enrollment,2013-01-24 00:00:00,,2013-01-25 00:00:00,,,,,,,,,,,1,,prednisolone,,,,
,29,46,7.5,mg,,PO,,One Time Treatment,,,,New,,3667,Treatment started after enrollment,2013-08-19 00:00:00,,2013-08-20 00:00:00,,,,,,,,,,,,,metopimazine,,,,
,29,54,400,mg,,PO,,As Needed,,,,New,4175,,Treatment started after enrollment,2013-09-20 00:00:00,,2013-09-20 00:00:00,,,,,,,,,,,,,Ibuprofen,,,,