ParentLoginVisitID,DeidentID,RecID,MCLLTReal,MedCondPreStart,MedCondPreStartCat,MedCondPreStartTreat,MedCondDiagDt,MedCondDiagDtApprox,MedCondDiagDtUnk,MedCondTrt,MedCondResDt,MedCondResDtApprox,MedCondStatus,MedCondDiagMonth,MedCondDiagYear,MedCondCurrTreatMed
,1,1,Anxiety,Yes,5 years to < 10 years,,,,,,,,,,,Yes
,1,2,Hypertension,Yes,1 year to < 5 years,,,,,,,,,,,Yes
,1,3,Panic attack,Yes,5 years to < 10 years,,,,,,,,,,,Yes
,1,17,Cough,No,,,2013-12-14 00:00:00,,,Medication,,,,,,
,2,4,Hypothyroidism,Yes,5 years to < 10 years,,,,,,,,,,,Yes
,2,36,Ear infection,No,,,2014-10-08 00:00:00,,,Medication,,,,,,
,3,9,Hip replacement,Yes,5 years to < 10 years,,,,,,,,,,,No
,3,10,Arthritis NOS,Yes,>=10 years,,,,,,,,,,,Yes
,3,11,Hyperlipidemia,Yes,3 months to < 6 months,,,,,,,,,,,Yes
,3,12,Hepatitis C,Yes,>=10 years,,,,,,,,,,,No
,3,13,Diabetic peripheral neuropathy,Yes,Unknown,,,,,,,,,,,No
,3,14,Heartburn,Yes,Unknown,,,,,,,,,,,Yes
,4,5,Rheumatoid arthritis,Yes,5 years to < 10 years,,,,,,,,,,,Yes
,4,6,Hypothyroidism,Yes,5 years to < 10 years,,,,,,,,,,,Yes
,4,7,Hyperlipidemia,Yes,5 years to < 10 years,,,,,,,,,,,Yes
,4,8,Drug allergy,Yes,>=10 years,,,,,,,,,,,No
,5,15,Hypothyroidism,Yes,5 years to < 10 years,,,,,,,,,,,Yes
,5,16,Seasonal allergy,Yes,5 years to < 10 years,,,,,,,,,,,Yes
,6,37,Cold,No,,,2014-01-30 00:00:00,,,Medication,,,,,,
,7,20,Acne,Yes,Unknown,,,,,,,,,,,Yes
,7,38,Cold,No,,,2015-08-04 00:00:00,,,Medication,,,,,,
,10,39,Cold,No,,,2013-06-24 00:00:00,,,None,,,,,,
,11,19,Hyperlipidemia,Yes,5 years to < 10 years,,,,,,,,,,,Yes
,12,18,Hypertension,Yes,6 months to < 1 year,,,,,,,,,,,Yes
,13,21,Hypertension,Yes,1 year to < 5 years,,,,,,,,,,,Yes
,14,22,Ulcerative colitis,Yes,>=10 years,,,,,,,,,,,Yes
,14,23,Gastroparesis,Yes,1 year to < 5 years,,,,,,,,,,,Yes
,14,32,Depression,Yes,1 year to < 5 years,,,,,,,,,,,Yes
,14,33,Migraine headache,Yes,1 year to < 5 years,,,,,,,,,,,Yes
,14,34,Seasonal allergy,Yes,1 year to < 5 years,,,,,,,,,,,Yes
,19,24,Hypothyroidism,Yes,5 years to < 10 years,,,,,,,,,,,Yes
,20,25,Hypercholesterolemia,Yes,5 years to < 10 years,,,,,,,,,,,Yes
,28,28,Hypertension,Yes,>=10 years,,,,,,,,,,,Yes
,28,29,Hypercholesteremia,Yes,>=10 years,,,,,,,,,,,Yes
,29,31,Nausea,No,,,2013-08-19 00:00:00,,,Medication,,,,,,
,29,35,Gastroenteritis,No,,,2013-09-20 00:00:00,,,Medication,,,,,,