ParentLoginVisitID,DeidentID,RecID,PregTestDt,PregTestNotDoneMF,TranslatorBoxNotUsed,DexcomReceiverNotUsed,SubEligibility
510,1,1,2013-12-16 00:00:00,,,,Yes
513,2,2,,Surgically sterile,,,Yes
516,3,3,,Subject is Male,,,Yes
519,4,4,,Surgically sterile,,,Yes
522,5,5,,Subject is Male,,,Yes
665,6,10,,Subject is Male,,,Yes
668,7,11,2014-09-28 00:00:00,,,,Yes
644,8,8,,Subject is Male,,,Yes
653,9,9,,Surgically sterile,,,Yes
683,10,12,,Subject is Male,,,Yes
642,11,7,,Subject is Male,,,Yes
696,12,15,2013-07-28 00:00:00,,,,Yes
687,13,13,,Subject is Male,,,Yes
700,14,16,2013-09-06 00:00:00,,,,Yes
689,15,14,,Subject is Male,,,Yes
720,16,17,,Subject is Male,,,Yes
722,17,18,,Subject is Male,,,Yes
724,18,19,,Subject is Male,,,Yes
726,19,20,,Other,,,Yes
728,20,21,,Subject is Male,,,Yes
965,21,26,,Subject is Male,,,Yes
968,22,27,,Subject is Male,,,Yes
971,23,28,2014-11-30 00:00:00,,,,Yes
974,24,29,2012-08-31 00:00:00,,,,Yes
991,25,30,2014-11-17 00:00:00,,,,Yes
637,26,6,,Subject is Male,,,Yes
795,27,22,,Subject is Male,,,Yes
797,28,23,,Subject is Male,,,Yes
867,29,24,2013-10-17 00:00:00,,,,Yes
871,30,25,2012-12-03 00:00:00,,,,Yes