ParentLoginVisitID,DeidentID,RecID,TranslatorBoxNotUsed,DexcomReceiverNotUsed,ClosedLoopDisabled,QCMeter,QCKetone
511,1,1,,,Yes,Yes,Yes
514,2,2,,,Yes,Yes,Yes
517,3,3,,,Yes,Yes,Yes
520,4,4,,,Yes,Yes,Yes
523,5,5,,,Yes,Yes,Yes
666,6,10,,,Yes,Yes,Yes
669,7,11,,,Yes,Yes,Yes
645,8,7,,,Yes,Yes,No
654,9,9,,,Yes,Yes,Yes
684,10,12,,,Yes,Yes,Yes
649,11,8,,,Yes,Yes,Yes
697,12,15,,,Yes,Yes,Yes
691,13,14,,,Yes,Yes,Yes
701,14,16,,,Yes,Yes,Yes
690,15,13,,,Yes,Yes,Yes
721,16,17,,,Yes,No,No
723,17,18,,,Yes,No,No
725,18,19,,,Yes,No,No
727,19,20,,,Yes,No,No
729,20,21,,,Yes,No,No
966,21,26,,,Yes,Yes,Yes
969,22,27,,,Yes,Yes,Yes
972,23,28,,,Yes,Yes,Yes
975,24,29,,,Yes,Yes,Yes
992,25,30,,,Yes,Yes,Yes
638,26,6,,,Yes,No,No
796,27,22,,,Yes,Yes,Yes
798,28,23,,,Yes,Yes,Yes
868,29,24,,,Yes,Yes,No
872,30,25,,,Yes,Yes,No