ParentLoginVisitID,DeidentID,RecID,DiAsStatus,PreExistMedCond,ConComMed,SevHypo,SevHyper,AdverseEvent
538,1,1,Success,No,No,No,No,No
541,2,2,Success,No,No,No,No,No
544,3,3,Success,No,No,No,No,No
547,4,4,Success,No,No,No,No,No
550,5,5,Success,No,No,No,No,No
710,6,11,Success,No,No,No,No,No
692,7,8,Success,No,No,No,No,No
704,8,9,Success,No,No,No,No,No
707,9,10,Success,No,No,No,No,No
712,10,12,Success,No,No,No,No,No
677,11,7,Success,No,No,No,No,No
732,12,13,Success,No,No,No,No,No
733,13,14,Success,No,No,No,No,No
741,14,16,Success,No,No,No,No,No
734,15,15,Success,No,No,No,No,No
746,16,19,Success,No,No,No,No,No
752,17,20,Success,No,No,No,No,No
753,18,21,Success,No,No,No,No,No
744,19,17,Success,No,No,No,No,No
745,20,18,Success,No,No,No,No,No
982,21,26,Success,No,No,No,No,No
985,22,27,Success,No,No,No,No,No
993,23,28,Success,No,No,No,No,No
996,24,29,Success,No,No,No,No,No
1001,25,30,Success,No,No,No,No,No
655,26,6,Success,No,No,No,No,No
828,27,23,Success,No,No,No,No,No
827,28,22,Success,No,No,No,No,No
885,29,24,Success,No,No,No,No,No
889,30,25,Success,No,No,No,No,No