ParentLoginVisitID,DeidentID,RecID,TranslatorBoxNotUsed,DexcomReceiverNotUsed,ClosedLoopPartiallyDisabled,QCMeter,QCKetone
540,1,1,,,Yes,Yes,Yes
543,2,2,,,Yes,Yes,Yes
546,3,3,,,Yes,Yes,Yes
549,4,4,,,Yes,Yes,Yes
552,5,5,,,Yes,Yes,Yes
730,6,11,,,Yes,Yes,Yes
703,7,8,,,Yes,Yes,Yes
706,8,9,,,Yes,Yes,Yes
709,9,10,,,Yes,Yes,Yes
731,10,12,,,Yes,Yes,Yes
679,11,7,,,Yes,Yes,Yes
779,12,16,,,Yes,Yes,Yes
764,13,14,,,Yes,Yes,Yes
778,14,15,,,Yes,Yes,Yes
748,15,13,,,Yes,Yes,Yes
815,16,17,,,Yes,Yes,Yes
816,17,18,,,Yes,Yes,Yes
817,18,19,,,Yes,Yes,Yes
818,19,20,,,Yes,Yes,Yes
819,20,21,,,Yes,Yes,Yes
984,21,26,,,Yes,Yes,Yes
987,22,27,,,Yes,Yes,Yes
995,23,28,,,Yes,Yes,Yes
998,24,29,,,Yes,Yes,Yes
1003,25,30,,,Yes,Yes,Yes
663,26,6,,,Yes,Yes,Yes
841,27,22,,,Yes,Yes,Yes
844,28,23,,,Yes,Yes,Yes
887,29,24,,,Yes,Yes,Yes
891,30,25,,,Yes,Yes,Yes