ParentLoginVisitID,DeidentID,RecID,PhCallDt,PrsnSpk,SystemUsed80Pct,SystemProblems,MeterHighOrLow,SystemUseSuccess,SevHypo,SevHyper,AdverseEvent,NonPContType
,1,1,2013-12-31 00:00:00,Subject,Yes,No,No,Yes,No,No,No,Phone
,1,2,2014-01-01 00:00:00,Subject,Yes,No,No,Yes,No,No,No,Phone
,1,7,2014-01-02 00:00:00,Subject,Yes,No,No,Yes,No,No,No,Phone
,1,12,2014-01-03 00:00:00,Subject,Yes,No,No,Yes,No,No,No,Phone
,1,18,2014-01-08 00:00:00,Subject,N/A,No,No,Yes,No,No,No,Text
,1,23,2014-01-06 00:00:00,Subject,N/A,No,No,Yes,No,No,No,Text
,1,78,2014-01-21 00:00:00,Subject,N/A,No,No,Yes,No,No,No,Office Visit
,1,57,2014-01-15 00:00:00,Subject,N/A,No,No,Yes,No,No,No,Text
,1,64,2014-01-16 00:00:00,Subject,N/A,No,No,Yes,No,No,No,Phone
,1,68,2014-01-17 00:00:00,Subject,N/A,No,No,Yes,No,No,No,Email
,1,69,2014-01-18 00:00:00,Subject,N/A,No,No,Yes,No,No,No,Email
,1,76,2014-01-19 00:00:00,Subject,N/A,No,No,Yes,No,No,No,Email
,1,77,2014-01-20 00:00:00,Subject,N/A,No,No,Yes,No,No,No,Phone
,1,24,2014-01-07 00:00:00,Subject,N/A,No,No,Yes,No,No,No,Text
,1,34,2014-01-09 00:00:00,Subject,N/A,No,No,Yes,No,No,No,Phone
,1,39,2014-01-10 00:00:00,Subject,N/A,Yes,No,No,No,No,No,Phone
,1,44,2014-01-11 00:00:00,Subject,N/A,Yes,No,No,No,No,No,Text
,1,51,2014-01-12 00:00:00,Subject,N/A,No,No,Yes,No,No,No,Text
,1,56,2014-01-13 00:00:00,Subject,N/A,No,No,Yes,No,No,No,Phone
,2,3,2013-11-24 00:00:00,Subject,Yes,No,No,Yes,No,No,No,Phone
,2,8,2013-11-25 00:00:00,Subject,Yes,No,No,Yes,No,No,No,Phone
,2,14,2013-11-26 00:00:00,Subject,Yes,No,No,Yes,No,No,No,Phone
,2,19,2013-12-01 00:00:00,Subject,N/A,No,No,Yes,No,No,No,Phone
,2,25,2013-11-29 00:00:00,Subject,N/A,No,No,Yes,No,No,No,Text
,2,26,2013-11-30 00:00:00,Subject,N/A,No,No,Yes,No,No,No,Text
,2,65,2013-12-09 00:00:00,Subject,N/A,No,No,Yes,No,No,No,Email
,2,70,2013-12-10 00:00:00,Subject,N/A,No,No,Yes,No,No,No,Email
,2,71,2013-12-11 00:00:00,Subject,N/A,No,No,Yes,No,No,No,Email
,2,79,2013-12-12 00:00:00,Subject,N/A,No,No,Yes,No,No,No,Phone
,2,35,2013-12-02 00:00:00,Subject,N/A,No,No,Yes,No,No,No,Email
,2,40,2013-12-03 00:00:00,Subject,N/A,No,No,Yes,No,No,No,Email
,2,46,2013-12-04 00:00:00,Subject,N/A,No,Yes,Yes,No,No,No,Email
,2,52,2013-12-05 00:00:00,Subject,N/A,No,No,Yes,No,No,No,Email
,2,58,2013-12-06 00:00:00,Subject,N/A,No,No,Yes,No,No,No,Phone
,2,59,2013-12-08 00:00:00,Subject,N/A,No,No,No,No,No,No,Phone
,3,4,2014-07-26 00:00:00,Subject,Yes,No,No,Yes,No,No,No,Phone
,3,9,2014-07-27 00:00:00,Subject,Yes,No,No,Yes,No,No,No,Phone
,3,15,2014-07-28 00:00:00,Subject,Yes,No,No,Yes,No,No,No,Phone
,3,20,2014-08-02 00:00:00,Subject,N/A,No,No,Yes,No,No,No,Text
,3,27,2014-07-31 00:00:00,Subject,N/A,No,No,Yes,No,No,No,Text
,3,28,2014-08-01 00:00:00,Subject,N/A,No,No,Yes,No,No,No,Text
,3,87,2014-08-17 00:00:00,Subject,N/A,No,No,Yes,No,No,No,Email
,3,88,2014-08-18 00:00:00,Subject,Yes,No,No,Yes,No,No,No,Email
,3,89,2014-08-19 00:00:00,Subject,Yes,No,No,Yes,No,No,No,Phone
,3,90,2014-08-20 00:00:00,Subject,N/A,No,No,Yes,No,No,No,Phone
,3,91,2014-08-21 00:00:00,Subject,N/A,No,No,Yes,No,No,No,Office Visit
,3,36,2014-08-03 00:00:00,Subject,N/A,No,No,Yes,No,No,No,Text
,3,41,2014-08-04 00:00:00,Subject,N/A,No,No,Yes,No,No,No,Email
,3,47,2014-08-05 00:00:00,Subject,N/A,No,No,Yes,No,No,No,Text
,3,53,2014-08-06 00:00:00,Subject,N/A,No,No,Yes,No,No,No,Email
,3,80,2014-08-15 00:00:00,Subject,N/A,No,No,Yes,No,No,No,Text
,3,86,2014-08-16 00:00:00,Subject,N/A,No,No,Yes,No,No,No,Email
,4,5,2012-06-20 00:00:00,Subject,Yes,No,No,Yes,No,No,No,Phone
,4,10,2012-06-21 00:00:00,Subject,Yes,No,No,Yes,No,No,No,Phone
,4,16,2012-06-22 00:00:00,Subject,Yes,No,No,Yes,No,No,No,Phone
,4,21,2012-06-27 00:00:00,Subject,N/A,No,No,Yes,No,No,No,Phone
,4,29,2012-06-25 00:00:00,Subject,N/A,No,No,Yes,No,No,No,Text
,4,30,2012-06-26 00:00:00,Subject,N/A,No,No,Yes,No,No,No,Text
,4,66,2012-07-05 00:00:00,Subject,N/A,No,No,Yes,No,No,No,Email
,4,72,2012-07-06 00:00:00,Subject,N/A,No,No,Yes,No,No,No,Email
,4,73,2012-07-07 00:00:00,Subject,N/A,Yes,No,No,No,No,No,Email
,4,81,2012-07-08 00:00:00,Subject,N/A,No,No,Yes,No,No,No,Email
,4,82,2012-07-09 00:00:00,Subject,N/A,No,No,Yes,No,No,No,Phone
,4,83,2012-07-10 00:00:00,Subject,N/A,No,No,Yes,No,No,No,Office Visit
,4,37,2012-06-28 00:00:00,Subject,N/A,Yes,No,No,No,No,No,Phone
,4,42,2012-06-29 00:00:00,Subject,N/A,No,No,Yes,No,No,No,Email
,4,48,2012-06-30 00:00:00,Subject,N/A,No,No,Yes,No,No,No,Phone
,4,54,2012-07-01 00:00:00,Subject,N/A,No,No,Yes,No,No,No,Email
,4,60,2012-07-02 00:00:00,Subject,N/A,No,No,Yes,No,No,No,Phone
,4,61,2012-07-04 00:00:00,Subject,N/A,No,No,Yes,No,No,No,Email
,5,6,2014-02-08 00:00:00,Subject,Yes,No,No,Yes,No,No,No,Phone
,5,11,2014-02-09 00:00:00,Subject,Yes,No,No,Yes,No,No,No,Phone
,5,17,2014-02-10 00:00:00,Subject,Yes,No,No,Yes,No,No,No,Phone
,5,22,2014-02-15 00:00:00,Subject,N/A,No,No,Yes,No,No,No,Text
,5,31,2014-02-13 00:00:00,Subject,N/A,No,No,Yes,No,No,No,Text
,5,32,2014-02-14 00:00:00,Subject,N/A,No,No,Yes,No,No,No,Text
,5,67,2014-02-23 00:00:00,Subject,N/A,No,No,Yes,No,No,No,Email
,5,74,2014-02-24 00:00:00,Subject,N/A,No,No,Yes,No,No,No,Email
,5,75,2014-02-25 00:00:00,Subject,N/A,No,No,Yes,No,No,No,Email
,5,84,2014-02-26 00:00:00,Subject,N/A,No,No,Yes,No,No,No,Email
,5,85,2014-02-27 00:00:00,Subject,N/A,No,No,Yes,No,No,No,Phone
,5,33,2014-02-16 00:00:00,Subject,N/A,No,No,Yes,No,No,No,Email
,5,43,2014-02-17 00:00:00,Subject,N/A,No,No,Yes,No,No,No,Email
,5,50,2014-02-18 00:00:00,Subject,N/A,No,No,Yes,No,No,No,Text
,5,55,2014-02-19 00:00:00,Subject,N/A,Yes,No,No,No,No,No,Text
,5,62,2014-02-20 00:00:00,Subject,N/A,No,No,Yes,No,No,No,Phone
,5,63,2014-02-22 00:00:00,Subject,N/A,No,No,Yes,No,No,No,Email
,6,128,2014-04-29 00:00:00,Subject,Yes,No,No,Yes,No,No,No,Phone
,6,134,2014-04-30 00:00:00,Subject,Yes,No,No,Yes,No,No,No,Phone
,6,135,2014-05-01 00:00:00,Subject,No,No,No,No,No,No,No,Phone
,6,136,2014-05-02 00:00:00,Subject,Yes,No,No,Yes,No,No,No,Phone
,6,172,2014-05-06 00:00:00,Subject,N/A,No,No,Yes,No,No,No,Text
,6,173,2014-05-07 00:00:00,Subject,N/A,No,No,Yes,No,No,No,Text
,6,241,2014-05-16 00:00:00,Subject,N/A,Yes,No,Yes,No,No,No,Phone
,6,254,2014-05-20 00:00:00,Subject,N/A,No,No,Yes,No,No,No,Text
,6,255,2014-05-21 00:00:00,Subject,N/A,No,No,No,No,No,No,Text
,6,282,2014-05-04 00:00:00,Subject,N/A,No,No,Yes,No,No,No,Text
,6,283,2014-05-19 00:00:00,Subject,No,No,No,No,No,No,No,Text
,6,284,2014-05-17 00:00:00,Subject,N/A,Yes,No,Yes,No,No,No,Phone
,6,227,2014-05-01 00:00:00,Subject,N/A,No,No,Yes,No,No,No,Text
,6,230,2014-05-05 00:00:00,Subject,N/A,No,No,Yes,No,No,No,Phone
,6,233,2014-05-08 00:00:00,Subject,N/A,No,No,Yes,No,No,No,Text
,6,236,2014-05-09 00:00:00,Subject,N/A,No,No,Yes,No,No,No,Text
,6,239,2014-05-12 00:00:00,Subject,N/A,No,No,Yes,No,No,No,Text
,6,240,2014-05-13 00:00:00,Subject,N/A,No,No,Yes,No,No,No,Text
,6,174,2014-05-10 00:00:00,Subject,N/A,No,No,Yes,No,No,No,Text
,6,175,2014-05-11 00:00:00,Subject,N/A,Yes,No,Yes,No,No,No,Phone
,6,176,2014-05-14 00:00:00,Subject,N/A,Yes,No,No,No,No,No,Text
,6,177,2014-05-15 00:00:00,Subject,N/A,Yes,No,No,No,No,No,Text
,6,178,2014-05-18 00:00:00,Subject,N/A,No,No,Yes,No,No,No,Text
,6,222,2014-05-03 00:00:00,Subject,N/A,Yes,No,Yes,No,No,No,Phone
,7,110,2014-10-11 00:00:00,Subject,Yes,No,No,Yes,No,No,No,Phone
,7,111,2014-10-12 00:00:00,Subject,Yes,No,No,Yes,No,No,No,Phone
,7,115,2014-10-13 00:00:00,Subject,Yes,No,No,Yes,No,No,No,Phone
,7,124,2014-10-14 00:00:00,Subject,Yes,No,No,Yes,No,No,No,Phone
,7,129,2014-10-15 00:00:00,Subject,Yes,Yes,No,Yes,No,No,No,Phone
,7,137,2014-10-16 00:00:00,Subject,N/A,No,No,Yes,No,No,No,Phone
,7,237,2014-10-25 00:00:00,Subject,N/A,No,No,Yes,No,No,No,Text
,7,243,2014-10-28 00:00:00,Subject,N/A,No,No,Yes,No,No,No,Text
,7,244,2014-10-29 00:00:00,Subject,N/A,No,No,Yes,No,No,No,Text
,7,183,2014-10-30 00:00:00,Subject,N/A,No,No,Yes,No,No,No,Text
,7,184,2014-10-31 00:00:00,Subject,N/A,No,No,Yes,No,No,No,Office Visit
,7,223,2014-10-19 00:00:00,Subject,N/A,Yes,No,Yes,No,No,No,Phone
,7,228,2014-10-20 00:00:00,Subject,N/A,No,No,Yes,No,No,No,Text
,7,231,2014-10-21 00:00:00,Subject,N/A,No,No,Yes,No,No,No,Phone
,7,234,2014-10-24 00:00:00,Subject,N/A,No,No,Yes,No,No,No,Text
,7,138,2014-10-17 00:00:00,Subject,N/A,Yes,No,Yes,No,No,No,Text
,7,139,2014-10-18 00:00:00,Subject,N/A,No,No,Yes,No,No,No,Phone
,7,179,2014-10-22 00:00:00,Subject,N/A,No,No,Yes,No,No,No,Text
,7,180,2014-10-23 00:00:00,Subject,N/A,No,No,Yes,No,No,No,Text
,7,181,2014-10-26 00:00:00,Subject,N/A,No,No,Yes,No,No,No,Text
,7,182,2014-10-27 00:00:00,Subject,N/A,No,No,Yes,No,No,No,Text
,8,112,2014-03-25 00:00:00,Subject,Yes,No,No,Yes,No,No,No,Phone
,8,113,2014-03-26 00:00:00,Subject,Yes,No,No,Yes,No,No,No,Phone
,8,116,2014-03-27 00:00:00,Subject,Yes,No,No,Yes,No,No,No,Phone
,8,125,2014-03-28 00:00:00,Subject,N/A,No,No,Yes,No,No,No,Phone
,8,130,2014-03-29 00:00:00,Subject,N/A,No,No,Yes,No,No,No,Phone
,8,140,2014-03-30 00:00:00,Subject,N/A,No,No,No,No,No,No,Text
,8,503,2014-07-13 00:00:00,Subject,N/A,No,No,No,No,No,No,Text
,8,504,2014-06-24 00:00:00,Subject,N/A,No,No,Yes,No,No,No,Text
,8,505,2014-07-14 00:00:00,Subject,N/A,No,No,Yes,No,No,No,Text
,8,506,2014-07-15 00:00:00,Subject,N/A,No,No,Yes,No,No,No,Text
,8,507,2014-07-16 00:00:00,Subject,N/A,No,No,Yes,No,No,No,Text
,8,508,2014-07-17 00:00:00,Subject,N/A,No,No,Yes,No,No,No,Text
,8,273,2014-04-23 00:00:00,Subject,N/A,No,No,Yes,No,No,No,Text
,8,274,2014-04-24 00:00:00,Subject,N/A,No,No,Yes,No,No,No,Text
,8,285,2014-04-25 00:00:00,Subject,N/A,No,No,Yes,No,No,No,Text
,8,286,2014-04-21 00:00:00,Subject,N/A,Yes,No,Yes,No,No,No,Text
,8,480,2014-07-11 00:00:00,Subject,N/A,No,No,Yes,No,No,No,Text
,8,481,2014-07-12 00:00:00,Subject,N/A,No,No,Yes,No,No,No,Text
,8,141,2014-03-31 00:00:00,Subject,N/A,No,No,Yes,No,No,No,Phone
,8,142,2014-04-01 00:00:00,Subject,N/A,No,No,No,No,No,No,Phone
,8,224,2014-04-02 00:00:00,Subject,N/A,Yes,No,Yes,No,No,No,Phone
,8,258,2014-04-19 00:00:00,Subject,N/A,Yes,No,No,No,No,No,Phone
,8,259,2014-04-20 00:00:00,Subject,N/A,Yes,No,No,No,No,No,Office Visit
,8,266,2014-04-22 00:00:00,Subject,N/A,No,No,Yes,No,No,No,Text
,9,117,2014-11-12 00:00:00,Subject,No,Yes,No,No,No,No,No,Phone
,9,126,2014-11-13 00:00:00,Subject,Yes,Yes,No,Yes,No,No,No,Phone
,9,131,2014-11-14 00:00:00,Subject,N/A,No,No,Yes,No,No,No,Phone
,9,143,2014-11-15 00:00:00,Subject,N/A,No,No,Yes,No,No,No,Phone
,9,144,2014-11-16 00:00:00,Subject,N/A,No,No,Yes,No,No,No,Text
,9,145,2014-11-17 00:00:00,Subject,N/A,No,No,No,No,No,No,Phone
,9,260,2014-12-05 00:00:00,Subject,N/A,No,No,Yes,No,No,No,Text
,9,261,2014-12-06 00:00:00,Subject,N/A,Yes,No,Yes,No,No,No,Text
,9,267,2014-12-08 00:00:00,Subject,Yes,No,No,Yes,No,No,No,Office Visit
,9,287,2014-12-04 00:00:00,Subject,N/A,No,No,Yes,No,No,No,Text
,9,288,2014-12-07 00:00:00,Subject,N/A,No,No,Yes,No,No,No,Text
,9,235,2014-11-23 00:00:00,Subject,N/A,No,No,Yes,No,No,No,Text
,9,238,2014-11-24 00:00:00,Subject,N/A,Yes,No,No,No,No,No,Phone
,9,247,2014-11-27 00:00:00,Subject,N/A,No,No,Yes,No,No,No,Text
,9,248,2014-11-28 00:00:00,Subject,N/A,No,No,Yes,No,No,No,Text
,9,249,2014-12-01 00:00:00,Subject,N/A,Yes,No,No,No,No,No,Text
,9,250,2014-12-02 00:00:00,Subject,N/A,No,No,No,No,No,No,Text
,9,192,2014-11-29 00:00:00,Subject,N/A,Yes,No,No,No,No,Yes,Text
,9,193,2014-11-30 00:00:00,Subject,N/A,Yes,No,Yes,No,No,No,Text
,9,194,2014-12-03 00:00:00,Subject,N/A,No,No,Yes,No,No,No,Text
,9,225,2014-11-18 00:00:00,Subject,N/A,No,No,No,No,No,No,Phone
,9,229,2014-11-19 00:00:00,Subject,N/A,No,No,Yes,No,No,No,Text
,9,232,2014-11-20 00:00:00,Subject,N/A,No,No,No,No,No,No,Phone
,9,185,2014-11-10 00:00:00,Subject,Yes,No,No,Yes,No,No,No,Phone
,9,186,2014-11-11 00:00:00,Subject,Yes,No,No,Yes,No,No,No,Phone
,9,188,2014-11-21 00:00:00,Subject,N/A,No,No,Yes,No,No,No,Text
,9,189,2014-11-22 00:00:00,Subject,N/A,No,No,Yes,No,No,No,Text
,9,190,2014-11-25 00:00:00,Subject,N/A,No,No,Yes,No,No,No,Text
,9,191,2014-11-26 00:00:00,Subject,N/A,No,Yes,Yes,No,No,No,Text
,10,132,2012-09-03 00:00:00,Subject,No,No,No,No,No,No,No,Phone
,10,146,2012-09-04 00:00:00,Subject,Yes,No,No,Yes,No,No,No,Phone
,10,147,2012-09-05 00:00:00,Subject,Yes,No,No,Yes,No,No,No,Phone
,10,148,2012-09-06 00:00:00,Subject,Yes,No,No,Yes,No,No,No,Phone
,10,195,2012-09-14 00:00:00,Subject,N/A,No,No,Yes,No,No,No,Text
,10,196,2012-09-15 00:00:00,Subject,N/A,No,No,Yes,No,No,No,Text
,10,278,2012-09-29 00:00:00,Subject,N/A,No,No,Yes,No,No,No,Text
,10,279,2012-09-23 00:00:00,Subject,N/A,No,No,Yes,No,No,No,Text
,10,280,2012-09-26 00:00:00,Subject,N/A,No,No,Yes,No,No,No,Text
,10,281,2012-09-30 00:00:00,Subject,N/A,No,No,No,No,No,No,Text
,10,252,2012-09-17 00:00:00,Subject,N/A,No,No,Yes,No,No,No,Text
,10,253,2012-09-20 00:00:00,Subject,N/A,Yes,No,No,No,No,No,Text
,10,262,2012-09-24 00:00:00,Subject,N/A,No,No,Yes,No,No,No,Text
,10,263,2012-09-25 00:00:00,Subject,N/A,No,No,Yes,No,No,No,Text
,10,268,2012-09-27 00:00:00,Subject,Yes,No,No,Yes,No,No,No,Text
,10,277,2012-09-28 00:00:00,Subject,N/A,No,No,Yes,No,No,No,Text
,10,197,2012-09-18 00:00:00,Subject,N/A,No,No,Yes,No,No,No,Text
,10,198,2012-09-19 00:00:00,Subject,N/A,Yes,No,Yes,No,No,No,Text
,10,199,2012-09-22 00:00:00,Subject,N/A,Yes,No,Yes,No,No,No,Text
,10,226,2012-09-07 00:00:00,Subject,N/A,Yes,No,Yes,No,No,No,Phone
,10,242,2012-09-21 00:00:00,Subject,N/A,No,No,No,No,No,No,Text
,10,251,2012-09-16 00:00:00,Subject,N/A,No,No,Yes,No,No,No,Text
,11,101,2012-07-31 00:00:00,Subject,N/A,Yes,No,No,No,No,No,Phone
,11,103,2012-07-29 00:00:00,Subject,Yes,No,No,Yes,No,No,No,Phone
,11,104,2012-07-30 00:00:00,Subject,Yes,No,No,Yes,No,No,No,Phone
,11,105,2012-07-31 00:00:00,Subject,Yes,No,No,Yes,No,No,No,Office Visit
,11,118,2012-08-02 00:00:00,Subject,N/A,No,No,Yes,No,No,No,Phone
,11,119,2012-08-03 00:00:00,Subject,N/A,No,No,Yes,No,No,No,Office Visit
,11,157,2012-08-05 00:00:00,Subject,N/A,No,No,Yes,No,No,No,Phone
,11,158,2012-08-06 00:00:00,Subject,N/A,No,Yes,Yes,No,No,No,Phone
,11,159,2012-08-10 00:00:00,Subject,N/A,No,No,Yes,No,No,No,Phone
,11,160,2012-08-11 00:00:00,Subject,N/A,No,No,Yes,No,No,No,Phone
,11,161,2012-08-12 00:00:00,Subject,N/A,No,No,Yes,No,No,No,Phone
,11,162,2012-08-13 00:00:00,Subject,N/A,No,No,Yes,No,No,No,Phone
,11,120,2012-08-01 00:00:00,Subject,N/A,No,Yes,Yes,No,No,No,Phone
,11,122,2012-08-04 00:00:00,Subject,N/A,Yes,No,Yes,No,No,No,Phone
,11,149,2012-08-08 00:00:00,Subject,N/A,No,No,Yes,No,No,No,Phone
,11,154,2012-08-09 00:00:00,Subject,N/A,No,No,Yes,No,No,No,Phone
,11,155,2012-08-14 00:00:00,Subject,N/A,No,Yes,Yes,No,No,No,Phone
,11,156,2012-08-07 00:00:00,Subject,N/A,No,No,Yes,No,No,No,Phone
,12,216,2013-08-28 00:00:00,Subject,Yes,No,No,Yes,No,No,No,Text
,12,217,2013-08-29 00:00:00,Subject,Yes,No,No,Yes,No,No,No,Phone
,12,404,2013-10-22 00:00:00,Subject,Yes,No,No,Yes,No,No,No,Phone
,12,406,2013-10-23 00:00:00,Subject,N/A,No,No,Yes,No,No,No,Phone
,12,407,2013-10-24 00:00:00,Subject,N/A,No,No,Yes,No,No,No,Text
,12,409,2013-10-25 00:00:00,Subject,N/A,No,No,Yes,No,No,No,Text
,12,452,2013-11-08 00:00:00,Subject,N/A,No,No,Yes,No,No,No,Office Visit
,12,436,2013-11-02 00:00:00,Subject,N/A,No,No,Yes,No,No,No,Text
,12,439,2013-11-03 00:00:00,Subject,N/A,No,No,Yes,No,No,No,Text
,12,442,2013-11-04 00:00:00,Subject,N/A,Yes,No,Yes,No,No,No,Text
,12,444,2013-11-05 00:00:00,Subject,N/A,No,No,Yes,No,No,No,Phone
,12,448,2013-11-06 00:00:00,Subject,N/A,No,No,Yes,No,No,No,Phone
,12,450,2013-11-07 00:00:00,Subject,N/A,No,No,Yes,No,No,No,Text
,12,414,2013-10-27 00:00:00,Subject,N/A,No,No,Yes,No,No,No,Text
,12,424,2013-10-28 00:00:00,Subject,N/A,No,Yes,Yes,No,No,No,Text
,12,425,2013-10-29 00:00:00,Subject,N/A,Yes,Yes,No,No,No,No,Phone
,12,429,2013-10-30 00:00:00,Subject,N/A,Yes,Yes,No,No,No,No,Phone
,12,430,2013-10-31 00:00:00,Subject,N/A,No,No,Yes,No,No,No,Phone
,12,434,2013-11-01 00:00:00,Subject,N/A,No,No,Yes,No,No,No,Text
,13,201,2012-04-24 00:00:00,Subject,No,No,No,No,No,No,No,Phone
,13,203,2012-04-25 00:00:00,Subject,Yes,No,No,Yes,No,No,No,Phone
,13,205,2012-04-26 00:00:00,Subject,Yes,No,No,Yes,No,No,No,Phone
,13,206,2012-04-27 00:00:00,Subject,N/A,No,No,Yes,No,No,No,Text
,13,208,2012-04-28 00:00:00,Subject,N/A,No,No,Yes,No,No,No,Text
,13,210,2012-04-29 00:00:00,Subject,Yes,No,No,Yes,No,No,No,Text
,13,451,2012-07-11 00:00:00,Subject,N/A,No,No,Yes,No,No,No,Office Visit
,13,435,2012-07-05 00:00:00,Subject,N/A,Yes,No,Yes,No,No,No,Phone
,13,437,2012-07-06 00:00:00,Subject,N/A,No,Yes,Yes,No,No,No,Phone
,13,440,2012-07-07 00:00:00,Subject,N/A,No,Yes,Yes,No,No,No,Text
,13,443,2012-07-08 00:00:00,Subject,N/A,No,No,Yes,No,No,No,Text
,13,445,2012-07-09 00:00:00,Subject,N/A,No,Yes,Yes,No,No,No,Email
,13,449,2012-07-10 00:00:00,Subject,N/A,No,No,Yes,No,No,No,Phone
,13,213,2012-04-30 00:00:00,Subject,N/A,No,No,Yes,No,No,No,Text
,13,218,2012-05-01 00:00:00,Subject,N/A,No,No,Yes,No,No,No,Text
,13,219,2012-05-02 00:00:00,Subject,N/A,No,No,Yes,No,No,No,Phone
,13,426,2012-07-02 00:00:00,Subject,N/A,Yes,No,No,No,No,No,Phone
,13,428,2012-07-03 00:00:00,Subject,N/A,No,No,Yes,No,No,No,Text
,13,431,2012-07-04 00:00:00,Subject,N/A,Yes,No,Yes,No,No,No,Text
,14,220,2013-10-07 00:00:00,Subject,Yes,No,No,Yes,No,No,No,Text
,14,221,2013-10-08 00:00:00,Subject,Yes,No,Yes,Yes,No,No,No,Phone
,14,403,2013-11-30 00:00:00,Subject,Yes,Yes,No,Yes,No,No,No,Phone
,14,405,2013-12-01 00:00:00,Subject,N/A,No,No,Yes,No,No,No,Phone
,14,408,2013-12-04 00:00:00,Subject,N/A,No,No,Yes,No,No,No,Text
,14,427,2013-12-09 00:00:00,Subject,N/A,No,No,Yes,No,No,No,Text
,14,453,2013-12-18 00:00:00,Subject,N/A,No,No,Yes,No,No,No,Text
,14,454,2013-12-20 00:00:00,Subject,N/A,No,No,Yes,No,No,No,Phone
,14,466,2013-12-23 00:00:00,Subject,N/A,Yes,No,Yes,No,No,No,Text
,14,469,2013-12-24 00:00:00,Subject,N/A,No,No,Yes,No,No,No,Text
,14,470,2013-12-25 00:00:00,Subject,N/A,No,No,Yes,No,No,No,Text
,14,432,2013-12-10 00:00:00,Subject,N/A,No,Yes,Yes,No,No,No,Text
,14,433,2013-12-11 00:00:00,Subject,N/A,Yes,No,Yes,No,No,No,Text
,14,438,2013-12-12 00:00:00,Subject,N/A,No,No,Yes,No,No,No,Text
,14,441,2013-12-13 00:00:00,Subject,N/A,No,No,Yes,No,No,No,Text
,14,446,2013-12-15 00:00:00,Subject,N/A,No,No,Yes,No,No,No,Text
,14,447,2013-12-16 00:00:00,Subject,N/A,No,No,Yes,No,No,No,Phone
,15,153,2012-05-15 00:00:00,Subject,Yes,No,No,Yes,No,No,No,Phone
,15,163,2012-05-16 00:00:00,Subject,Yes,No,No,Yes,No,No,No,Phone
,15,164,2012-05-17 00:00:00,Subject,Yes,No,No,Yes,No,No,No,Phone
,15,165,2012-05-18 00:00:00,Subject,No,Yes,No,No,No,No,No,Phone
,15,166,2012-05-19 00:00:00,Subject,N/A,No,No,Yes,No,No,No,Phone
,15,167,2012-05-20 00:00:00,Subject,N/A,No,No,Yes,No,No,No,Text
,15,204,2012-05-27 00:00:00,Subject,N/A,No,No,Yes,No,No,No,Text
,15,207,2012-05-28 00:00:00,Subject,N/A,No,No,Yes,No,No,No,Phone
,15,209,2012-05-29 00:00:00,Subject,N/A,No,No,Yes,No,No,No,Phone
,15,211,2012-05-30 00:00:00,Subject,Yes,No,No,Yes,No,No,No,Email
,15,215,2012-05-31 00:00:00,Subject,Yes,No,No,Yes,No,No,No,Email
,15,169,2012-05-21 00:00:00,Subject,Yes,No,No,Yes,No,No,No,Phone
,15,170,2012-05-22 00:00:00,Subject,N/A,No,No,Yes,No,No,No,Phone
,15,171,2012-05-23 00:00:00,Subject,N/A,No,No,Yes,No,No,No,Phone
,15,187,2012-05-24 00:00:00,Subject,N/A,No,No,Yes,No,No,No,Phone
,15,200,2012-05-25 00:00:00,Subject,N/A,No,No,Yes,No,No,No,Phone
,15,202,2012-05-26 00:00:00,Subject,N/A,No,No,Yes,No,No,No,Phone
,16,292,2012-07-26 00:00:00,Subject,Yes,No,No,Yes,No,No,No,Phone
,16,296,2012-07-27 00:00:00,Subject,Yes,Yes,No,Yes,No,No,No,Phone
,16,297,2012-07-28 00:00:00,Subject,Yes,No,No,Yes,No,No,No,Phone
,16,305,2012-07-29 00:00:00,Subject,N/A,No,No,Yes,No,No,No,Phone
,16,306,2012-07-30 00:00:00,Subject,N/A,No,No,Yes,No,No,No,Phone
,16,307,2012-07-31 00:00:00,Subject,N/A,No,No,Yes,No,No,No,Text
,16,353,2012-08-07 00:00:00,Subject,N/A,No,No,Yes,No,No,No,Phone
,16,358,2012-08-08 00:00:00,Subject,N/A,No,No,Yes,No,No,No,Text
,16,359,2012-08-09 00:00:00,Subject,N/A,No,No,Yes,No,No,No,Text
,16,360,2012-08-10 00:00:00,Subject,N/A,No,No,Yes,No,No,No,Text
,16,361,2012-08-11 00:00:00,Subject,N/A,No,No,Yes,No,No,No,Phone
,16,322,2012-08-01 00:00:00,Subject,N/A,No,No,Yes,No,No,No,Phone
,16,328,2012-08-02 00:00:00,Subject,N/A,No,No,Yes,No,No,No,Phone
,16,333,2012-08-03 00:00:00,Subject,N/A,No,No,Yes,No,No,No,Phone
,16,340,2012-08-04 00:00:00,Subject,N/A,No,No,Yes,No,No,No,Text
,16,343,2012-08-05 00:00:00,Subject,N/A,No,No,Yes,No,No,No,Text
,16,348,2012-08-06 00:00:00,Subject,N/A,No,No,Yes,No,No,No,Phone
,17,289,2013-09-21 00:00:00,Subject,Yes,No,No,Yes,No,No,No,Phone
,17,293,2013-09-22 00:00:00,Subject,Yes,No,No,Yes,No,No,No,Phone
,17,298,2013-09-23 00:00:00,Subject,Yes,No,No,Yes,No,No,No,Phone
,17,299,2013-09-24 00:00:00,Subject,N/A,No,No,Yes,No,No,No,Phone
,17,308,2013-09-25 00:00:00,Subject,N/A,No,No,Yes,No,No,No,Phone
,17,309,2013-09-26 00:00:00,Subject,Yes,No,No,Yes,No,No,No,Phone
,17,344,2013-10-02 00:00:00,Subject,N/A,No,No,Yes,No,No,No,Text
,17,349,2013-10-03 00:00:00,Subject,N/A,No,No,Yes,No,No,No,Text
,17,354,2013-10-04 00:00:00,Subject,N/A,No,No,Yes,No,No,No,Phone
,17,362,2013-10-05 00:00:00,Subject,N/A,No,No,Yes,No,No,No,Text
,17,363,2013-10-06 00:00:00,Subject,N/A,Yes,No,Yes,No,No,No,Phone
,17,364,2013-10-07 00:00:00,Subject,N/A,No,No,Yes,No,No,No,Text
,17,310,2013-09-27 00:00:00,Subject,N/A,No,No,Yes,No,No,No,Phone
,17,323,2013-09-28 00:00:00,Subject,N/A,No,No,Yes,No,No,No,Phone
,17,324,2013-09-28 00:00:00,Subject,N/A,No,No,Yes,No,No,No,Phone
,17,329,2013-09-29 00:00:00,Subject,N/A,No,No,Yes,No,No,No,Phone
,17,334,2013-09-30 00:00:00,Subject,N/A,No,No,Yes,No,No,No,Phone
,17,339,2013-10-01 00:00:00,Subject,N/A,No,No,Yes,No,No,No,Text
,18,290,2013-01-20 00:00:00,Subject,Yes,No,No,Yes,No,No,No,Phone
,18,300,2013-01-21 00:00:00,Subject,No,No,No,No,No,No,No,Phone
,18,301,2013-01-22 00:00:00,Subject,Yes,No,No,Yes,No,No,No,Phone
,18,302,2013-01-23 00:00:00,Subject,Yes,No,No,Yes,No,No,No,Phone
,18,314,2013-01-24 00:00:00,Subject,N/A,No,No,No,No,No,No,Phone
,18,315,2013-01-25 00:00:00,Subject,N/A,No,No,Yes,No,No,No,Phone
,18,369,2013-02-07 00:00:00,Subject,N/A,No,No,Yes,No,No,No,Phone
,18,350,2013-02-01 00:00:00,Subject,N/A,No,No,Yes,No,No,No,Text
,18,355,2013-02-02 00:00:00,Subject,N/A,No,No,Yes,No,No,No,Phone
,18,365,2013-02-03 00:00:00,Subject,N/A,No,No,Yes,No,No,No,Text
,18,366,2013-02-04 00:00:00,Subject,N/A,Yes,No,No,No,No,No,Text
,18,367,2013-02-05 00:00:00,Subject,N/A,No,No,Yes,No,No,No,Text
,18,368,2013-02-06 00:00:00,Subject,N/A,No,No,Yes,No,No,No,Text
,18,316,2013-01-26 00:00:00,Subject,N/A,No,No,Yes,No,No,No,Phone
,18,325,2013-01-27 00:00:00,Subject,N/A,No,No,Yes,No,No,No,Phone
,18,330,2013-01-28 00:00:00,Subject,N/A,No,No,Yes,No,No,No,Phone
,18,335,2013-01-29 00:00:00,Subject,N/A,No,No,Yes,No,No,No,Phone
,18,341,2013-01-30 00:00:00,Subject,N/A,No,No,Yes,No,No,No,Text
,18,345,2013-01-31 00:00:00,Subject,N/A,Yes,No,No,No,No,No,Phone
,19,291,2014-09-16 00:00:00,Subject,Yes,No,No,Yes,No,No,No,Phone
,19,294,2014-09-17 00:00:00,Subject,Yes,No,No,Yes,No,No,No,Phone
,19,303,2014-09-18 00:00:00,Subject,Yes,No,No,Yes,No,No,No,Phone
,19,304,2014-09-19 00:00:00,Subject,N/A,No,No,Yes,No,No,No,Phone
,19,311,2014-09-20 00:00:00,Subject,N/A,No,No,Yes,No,No,No,Phone
,19,312,2014-09-21 00:00:00,Subject,N/A,No,No,Yes,No,No,No,Text
,19,351,2014-09-28 00:00:00,Subject,N/A,No,No,Yes,No,No,No,Text
,19,356,2014-09-29 00:00:00,Subject,N/A,No,No,Yes,No,No,No,Phone
,19,370,2014-09-30 00:00:00,Subject,N/A,No,No,Yes,No,No,No,Text
,19,371,2014-10-01 00:00:00,Subject,N/A,No,No,Yes,No,No,No,Text
,19,372,2014-10-02 00:00:00,Subject,N/A,No,No,Yes,No,No,No,Text
,19,313,2014-09-22 00:00:00,Subject,N/A,No,No,Yes,No,No,No,Phone
,19,326,2014-09-23 00:00:00,Subject,N/A,No,No,Yes,No,No,No,Phone
,19,331,2014-09-24 00:00:00,Subject,N/A,No,No,Yes,No,No,No,Phone
,19,336,2014-09-25 00:00:00,Subject,N/A,No,No,Yes,No,No,No,Phone
,19,338,2014-09-26 00:00:00,Subject,N/A,No,No,Yes,No,No,No,Phone
,19,346,2014-09-27 00:00:00,Subject,N/A,No,No,Yes,No,No,No,Phone
,20,295,2013-09-29 00:00:00,Subject,Yes,No,No,Yes,No,No,No,Phone
,20,317,2013-09-30 00:00:00,Subject,Yes,No,No,Yes,No,No,No,Phone
,20,318,2013-10-01 00:00:00,Subject,Yes,No,No,Yes,No,No,No,Phone
,20,319,2013-10-02 00:00:00,Subject,N/A,No,No,Yes,No,No,No,Phone
,20,320,2013-10-03 00:00:00,Subject,N/A,No,No,Yes,No,No,No,Text
,20,321,2013-10-04 00:00:00,Subject,N/A,No,No,Yes,No,No,No,Phone
,20,357,2013-10-11 00:00:00,Subject,N/A,No,No,Yes,No,No,No,Phone
,20,373,2013-10-12 00:00:00,Subject,N/A,No,No,Yes,No,No,No,Text
,20,374,2013-10-13 00:00:00,Subject,N/A,No,No,Yes,No,No,No,Text
,20,375,2013-10-14 00:00:00,Subject,N/A,No,No,Yes,No,No,No,Text
,20,376,2013-10-15 00:00:00,Subject,N/A,No,No,Yes,No,No,No,Phone
,20,377,2013-10-16 00:00:00,Subject,N/A,No,No,Yes,No,No,No,Phone
,20,327,2013-10-05 00:00:00,Subject,N/A,No,No,Yes,No,No,No,Phone
,20,332,2013-10-06 00:00:00,Subject,N/A,No,No,Yes,No,No,No,Phone
,20,337,2013-10-07 00:00:00,Subject,N/A,No,No,Yes,No,No,No,Phone
,20,342,2013-10-08 00:00:00,Subject,N/A,No,No,Yes,No,No,No,Phone
,20,347,2013-10-09 00:00:00,Subject,N/A,Yes,No,Yes,No,No,No,Phone
,20,352,2013-10-10 00:00:00,Subject,N/A,No,No,Yes,No,No,No,Phone
,21,576,2014-06-10 00:00:00,Subject,Yes,No,No,Yes,No,No,No,Phone
,21,577,2014-06-11 00:00:00,Subject,No,Yes,No,No,No,No,No,Phone
,21,578,2014-06-12 00:00:00,Subject,No,Yes,No,No,No,No,No,Phone
,21,579,2014-06-13 00:00:00,Subject,Yes,No,No,Yes,No,No,No,Phone
,21,580,2014-06-14 00:00:00,Subject,Yes,No,No,Yes,No,No,No,Phone
,21,581,2014-06-16 00:00:00,Subject,N/A,No,No,Yes,No,No,No,Phone
,21,588,2014-06-23 00:00:00,Subject,N/A,No,No,Yes,No,No,No,Phone
,21,589,2014-06-24 00:00:00,Subject,N/A,Yes,No,No,No,No,No,Phone
,21,590,2014-06-26 00:00:00,Subject,N/A,No,No,Yes,No,No,No,Phone
,21,592,2014-06-27 00:00:00,Subject,N/A,Yes,No,No,No,No,No,Phone
,21,593,2014-06-15 00:00:00,Subject,No,Yes,No,No,No,No,No,Phone
,21,599,2014-06-25 00:00:00,Subject,N/A,No,No,Yes,No,No,No,Phone
,21,582,2014-06-17 00:00:00,Subject,N/A,Yes,No,No,No,No,No,Phone
,21,583,2014-06-18 00:00:00,Subject,N/A,Yes,No,No,No,No,No,Text
,21,584,2014-06-19 00:00:00,Subject,N/A,Yes,No,No,No,No,No,Phone
,21,585,2014-06-20 00:00:00,Subject,N/A,Yes,No,No,No,No,No,Phone
,21,586,2014-06-21 00:00:00,Subject,N/A,Yes,No,No,No,No,No,Phone
,21,587,2014-06-22 00:00:00,Subject,N/A,No,No,Yes,No,No,No,Phone
,22,509,2015-02-15 00:00:00,Subject,N/A,No,No,Yes,No,No,No,Phone
,22,510,2015-02-14 00:00:00,Subject,N/A,Yes,No,Yes,No,No,No,Phone
,22,511,2015-02-13 00:00:00,Subject,N/A,No,No,Yes,No,No,No,Phone
,22,512,2015-02-12 00:00:00,Subject,N/A,No,No,Yes,No,No,No,Phone
,22,513,2015-02-11 00:00:00,Subject,N/A,No,No,Yes,No,No,No,Phone
,22,514,2015-02-10 00:00:00,Subject,N/A,No,No,Yes,No,No,No,Phone
,22,527,2015-01-28 00:00:00,Subject,No,Yes,No,No,No,No,No,Phone
,22,528,2015-01-27 00:00:00,Subject,Yes,No,No,Yes,No,No,No,Phone
,22,521,2015-02-03 00:00:00,Subject,N/A,No,No,Yes,No,No,No,Phone
,22,522,2015-02-02 00:00:00,Subject,N/A,Yes,No,No,No,No,No,Phone
,22,523,2015-02-01 00:00:00,Subject,Yes,No,No,Yes,No,No,No,Phone
,22,524,2015-01-31 00:00:00,Subject,Yes,No,No,Yes,No,No,No,Phone
,22,525,2015-01-30 00:00:00,Subject,No,Yes,No,No,No,No,No,Phone
,22,526,2015-01-29 00:00:00,Subject,No,Yes,No,No,No,No,No,Phone
,22,515,2015-02-09 00:00:00,Subject,N/A,No,No,Yes,No,No,No,Phone
,22,516,2015-02-08 00:00:00,Subject,N/A,No,No,Yes,No,No,No,Phone
,22,517,2015-02-07 00:00:00,Subject,N/A,Yes,No,Yes,No,No,No,Phone
,22,518,2015-02-06 00:00:00,Subject,N/A,No,No,Yes,No,No,No,Phone
,22,519,2015-02-05 00:00:00,Subject,N/A,Yes,No,No,No,No,No,Phone
,22,520,2015-02-04 00:00:00,Subject,N/A,No,No,Yes,No,No,No,Phone
,23,539,2014-12-11 00:00:00,Subject,No,Yes,No,No,No,No,No,Phone
,23,540,2014-12-12 00:00:00,Subject,Yes,No,No,Yes,No,No,No,Phone
,23,541,2014-12-13 00:00:00,Subject,Yes,No,No,Yes,No,No,No,Phone
,23,542,2014-12-14 00:00:00,Subject,Yes,No,No,Yes,No,No,No,Phone
,23,543,2014-12-15 00:00:00,Subject,N/A,No,No,Yes,No,No,No,Phone
,23,544,2014-12-16 00:00:00,Subject,N/A,Yes,No,Yes,No,No,No,Phone
,23,551,2014-12-23 00:00:00,Subject,N/A,No,No,Yes,No,No,No,Phone
,23,552,2014-12-24 00:00:00,Subject,N/A,Yes,No,No,No,No,No,Phone
,23,553,2014-12-25 00:00:00,Subject,N/A,Yes,No,No,No,No,No,Phone
,23,554,2014-12-26 00:00:00,Subject,N/A,No,No,Yes,No,No,No,Phone
,23,555,2014-12-27 00:00:00,Subject,N/A,Yes,No,No,No,No,No,Office Visit
,23,556,2014-12-28 00:00:00,Subject,N/A,Yes,No,No,No,No,No,Phone
,23,545,2014-12-17 00:00:00,Subject,N/A,No,Yes,Yes,No,No,No,Phone
,23,546,2014-12-18 00:00:00,Subject,N/A,Yes,No,Yes,No,No,No,Phone
,23,547,2014-12-19 00:00:00,Subject,N/A,Yes,No,No,No,No,No,Phone
,23,548,2014-12-20 00:00:00,Subject,N/A,Yes,Yes,No,No,No,No,Phone
,23,549,2014-12-21 00:00:00,Subject,N/A,No,No,Yes,No,No,No,Phone
,23,550,2014-12-22 00:00:00,Subject,N/A,Yes,Yes,Yes,No,No,No,Phone
,24,557,2012-09-11 00:00:00,Subject,Yes,No,No,Yes,No,No,No,Phone
,24,558,2012-09-12 00:00:00,Subject,Yes,No,No,Yes,No,No,No,Phone
,24,559,2012-09-13 00:00:00,Subject,Yes,No,No,Yes,No,No,No,Phone
,24,560,2012-09-14 00:00:00,Subject,N/A,No,No,Yes,No,No,No,Phone
,24,561,2012-09-15 00:00:00,Subject,N/A,No,No,Yes,No,No,No,Phone
,24,562,2012-09-16 00:00:00,Subject,N/A,No,No,Yes,No,No,No,Phone
,24,569,2012-09-23 00:00:00,Subject,N/A,Yes,No,Yes,No,No,No,Phone
,24,570,2012-09-24 00:00:00,Subject,N/A,Yes,No,Yes,No,No,No,Phone
,24,571,2012-09-25 00:00:00,Subject,N/A,No,No,Yes,No,No,No,Phone
,24,572,2012-09-26 00:00:00,Subject,N/A,No,No,Yes,No,No,No,Phone
,24,573,2012-09-27 00:00:00,Subject,N/A,Yes,No,Yes,No,No,No,Phone
,24,574,2012-09-28 00:00:00,Subject,N/A,No,No,Yes,No,No,No,Phone
,24,563,2012-09-17 00:00:00,Subject,N/A,No,No,Yes,No,No,No,Phone
,24,564,2012-09-18 00:00:00,Subject,N/A,Yes,No,No,No,No,No,Phone
,24,565,2012-09-19 00:00:00,Subject,N/A,Yes,No,No,No,No,No,Phone
,24,566,2012-09-20 00:00:00,Subject,N/A,No,No,Yes,No,No,No,Phone
,24,567,2012-09-21 00:00:00,Subject,N/A,Yes,No,No,No,No,No,Phone
,24,568,2012-09-22 00:00:00,Subject,N/A,Yes,No,No,No,No,No,Phone
,25,529,2014-11-26 00:00:00,Subject,Yes,No,No,Yes,No,No,No,Phone
,25,530,2014-11-27 00:00:00,Subject,Yes,No,No,Yes,No,No,No,Phone
,25,531,2014-11-28 00:00:00,Subject,N/A,No,No,Yes,No,No,No,Phone
,25,532,2014-11-29 00:00:00,Subject,N/A,No,No,Yes,No,No,No,Phone
,25,533,2014-12-01 00:00:00,Subject,N/A,No,No,Yes,No,No,No,Phone
,25,534,2014-12-02 00:00:00,Subject,N/A,No,No,Yes,No,No,No,Phone
,25,595,2014-12-08 00:00:00,Subject,N/A,No,No,Yes,No,No,No,Phone
,25,596,2014-12-09 00:00:00,Subject,N/A,No,No,Yes,No,No,No,Phone
,25,597,2014-12-10 00:00:00,Subject,N/A,No,No,Yes,No,No,No,Phone
,25,598,2014-12-11 00:00:00,Subject,N/A,No,No,Yes,No,No,No,Office Visit
,25,600,2014-11-30 00:00:00,Subject,N/A,No,No,Yes,No,No,No,Phone
,25,535,2014-12-03 00:00:00,Subject,N/A,No,No,Yes,No,No,No,Phone
,25,536,2014-12-04 00:00:00,Subject,N/A,No,No,Yes,No,No,No,Phone
,25,537,2014-12-05 00:00:00,Subject,N/A,No,No,Yes,No,No,No,Phone
,25,538,2014-12-06 00:00:00,Subject,N/A,Yes,No,Yes,No,No,No,Phone
,25,575,2014-12-07 00:00:00,Subject,N/A,No,No,Yes,No,No,No,Phone
,25,594,2014-11-25 00:00:00,Subject,Yes,No,No,Yes,No,No,No,Phone
,26,114,2013-10-25 00:00:00,Subject,Yes,No,No,Yes,No,No,No,Email
,26,121,2013-10-26 00:00:00,Subject,Yes,Yes,No,Yes,No,No,No,Email
,26,133,2013-10-27 00:00:00,Subject,No,Yes,No,No,No,No,No,Email
,26,151,2013-10-29 00:00:00,Subject,No,Yes,No,No,No,No,No,Email
,26,152,2013-10-30 00:00:00,Subject,Yes,No,No,Yes,No,No,No,Phone
,26,99,2013-10-19 00:00:00,Subject,Yes,No,No,Yes,No,No,No,Email
,26,100,2013-10-20 00:00:00,Subject,Yes,No,No,Yes,No,No,No,Email
,26,106,2013-10-21 00:00:00,Subject,Yes,No,No,Yes,No,No,No,Email
,26,107,2013-10-22 00:00:00,Subject,Yes,No,No,Yes,No,No,No,Email
,26,108,2013-10-23 00:00:00,Subject,Yes,No,No,Yes,No,No,No,Email
,26,109,2013-10-24 00:00:00,Subject,Yes,Yes,No,Yes,No,No,No,Email
,26,93,2013-10-13 00:00:00,Subject,Yes,No,No,Yes,No,No,No,Email
,26,94,2013-10-14 00:00:00,Subject,Yes,No,No,Yes,No,No,No,Email
,26,95,2013-10-15 00:00:00,Subject,Yes,No,No,Yes,No,No,No,Email
,26,96,2013-10-16 00:00:00,Subject,Yes,No,No,Yes,No,No,No,Email
,26,97,2013-10-17 00:00:00,Subject,Yes,Yes,No,Yes,No,No,No,Email
,26,98,2013-10-18 00:00:00,Subject,Yes,No,No,Yes,No,No,No,Email
,26,92,2013-10-12 00:00:00,Subject,Yes,Yes,No,Yes,No,No,No,Email
,27,378,2013-03-09 00:00:00,Subject,Yes,No,No,Yes,No,No,No,Email
,27,379,2013-03-10 00:00:00,Subject,Yes,No,No,Yes,No,No,No,Email
,27,380,2013-03-11 00:00:00,Subject,Yes,No,No,Yes,No,No,No,Email
,27,381,2013-03-12 00:00:00,Subject,No,No,No,No,No,No,No,Email
,27,382,2013-03-13 00:00:00,Subject,Yes,Yes,No,Yes,No,No,No,Email
,27,391,2013-03-14 00:00:00,Subject,Yes,No,Yes,Yes,No,No,No,Email
,27,417,2013-03-27 00:00:00,Subject,Yes,No,No,Yes,No,No,No,Email
,27,410,2013-03-21 00:00:00,Subject,Yes,No,No,Yes,No,No,No,Email
,27,411,2013-03-22 00:00:00,Subject,Yes,No,No,Yes,No,No,No,Email
,27,412,2013-03-23 00:00:00,Subject,Yes,No,No,Yes,No,No,No,Email
,27,413,2013-03-24 00:00:00,Subject,No,Yes,No,No,No,No,No,Email
,27,415,2013-03-25 00:00:00,Subject,Yes,No,No,Yes,No,No,No,Email
,27,416,2013-03-26 00:00:00,Subject,Yes,No,No,Yes,No,No,No,Email
,27,392,2013-03-15 00:00:00,Subject,Yes,No,No,Yes,No,No,No,Email
,27,393,2013-03-16 00:00:00,Subject,Yes,No,Yes,Yes,No,No,No,Email
,27,394,2013-03-17 00:00:00,Subject,Yes,No,Yes,Yes,No,No,No,Email
,27,395,2013-03-18 00:00:00,Subject,Yes,No,No,Yes,No,No,No,Phone
,27,396,2013-03-19 00:00:00,Subject,Yes,No,No,Yes,No,No,No,Phone
,27,397,2013-03-20 00:00:00,Subject,Yes,No,No,Yes,No,No,No,Phone
,28,383,2013-03-12 00:00:00,Subject,Yes,No,No,Yes,No,No,No,Email
,28,384,2013-03-13 00:00:00,Subject,Yes,No,No,Yes,No,No,No,Email
,28,385,2013-03-14 00:00:00,Subject,Yes,No,No,Yes,No,No,No,Email
,28,386,2013-03-15 00:00:00,Subject,No,No,No,No,No,No,No,Email
,28,387,2013-03-16 00:00:00,Subject,No,No,No,No,No,No,No,Email
,28,388,2013-03-17 00:00:00,Subject,Yes,No,No,Yes,No,No,No,Email
,28,423,2013-03-30 00:00:00,Subject,No,Yes,No,No,No,No,No,Phone
,28,402,2013-03-24 00:00:00,Subject,Yes,No,No,Yes,No,No,No,Email
,28,418,2013-03-25 00:00:00,Subject,Yes,No,No,Yes,No,No,No,Phone
,28,419,2013-03-26 00:00:00,Subject,Yes,No,No,Yes,No,No,No,Phone
,28,420,2013-03-27 00:00:00,Subject,Yes,No,No,Yes,No,No,No,Phone
,28,421,2013-03-28 00:00:00,Subject,No,Yes,No,No,No,No,No,Phone
,28,422,2013-03-29 00:00:00,Subject,No,Yes,No,No,No,No,No,Phone
,28,389,2013-03-18 00:00:00,Subject,Yes,No,No,Yes,No,No,No,Email
,28,390,2013-03-19 00:00:00,Subject,No,No,No,No,No,No,No,Email
,28,398,2013-03-20 00:00:00,Subject,Yes,No,No,Yes,No,No,No,Email
,28,399,2013-03-21 00:00:00,Subject,Yes,No,No,Yes,No,No,No,Email
,28,400,2013-03-22 00:00:00,Subject,Yes,No,No,Yes,No,No,No,Email
,28,401,2013-03-23 00:00:00,Subject,Yes,No,No,Yes,No,No,No,Email
,29,502,2013-11-18 00:00:00,Subject,Yes,No,No,Yes,No,No,No,Phone
,29,494,2013-11-12 00:00:00,Subject,Yes,No,Yes,Yes,No,No,No,Phone
,29,495,2013-11-13 00:00:00,Subject,Yes,No,No,Yes,No,No,No,Phone
,29,497,2013-11-14 00:00:00,Subject,Yes,No,No,Yes,No,No,No,Email
,29,499,2013-11-15 00:00:00,Subject,Yes,No,No,Yes,No,No,No,Email
,29,500,2013-11-16 00:00:00,Subject,Yes,No,No,Yes,No,No,No,Email
,29,501,2013-11-17 00:00:00,Subject,Yes,No,No,Yes,No,No,No,Email
,29,473,2013-11-03 00:00:00,Subject,No,Yes,No,No,No,No,No,Email
,29,474,2013-11-04 00:00:00,Subject,N/A,Yes,No,No,No,No,No,Email
,29,475,2013-11-05 00:00:00,Subject,Yes,No,No,Yes,No,No,No,Phone
,29,487,2013-11-06 00:00:00,Subject,Yes,No,No,Yes,No,No,No,Phone
,29,492,2013-11-10 00:00:00,Subject,No,Yes,No,No,No,No,No,Email
,29,493,2013-11-11 00:00:00,Subject,No,Yes,No,No,No,No,No,Phone
,29,458,2013-10-28 00:00:00,Subject,Yes,No,No,Yes,No,No,No,Phone
,29,459,2013-10-29 00:00:00,Subject,Yes,No,No,Yes,No,No,No,Email
,29,467,2013-10-30 00:00:00,Subject,No,Yes,No,No,No,No,No,Email
,29,468,2013-10-31 00:00:00,Subject,No,Yes,No,No,No,No,No,Phone
,29,471,2013-11-01 00:00:00,Subject,Yes,No,No,Yes,No,No,No,Phone
,29,472,2013-11-02 00:00:00,Subject,No,Yes,No,No,No,No,No,Email
,29,456,2013-10-26 00:00:00,Subject,Yes,No,No,Yes,No,No,No,Phone
,29,457,2013-10-27 00:00:00,Subject,Yes,No,No,Yes,No,No,No,Phone
,30,460,2012-12-12 00:00:00,Subject,Yes,Yes,No,Yes,No,No,No,Email
,30,461,2012-12-13 00:00:00,Subject,Yes,No,No,Yes,No,No,No,Email
,30,462,2012-12-14 00:00:00,Subject,No,No,No,No,No,No,No,Email
,30,463,2012-12-15 00:00:00,Subject,Yes,No,No,Yes,No,No,No,Email
,30,464,2012-12-16 00:00:00,Subject,Yes,No,No,Yes,No,No,No,Email
,30,465,2012-12-17 00:00:00,Subject,Yes,No,No,Yes,No,No,No,Phone
,30,491,2012-12-29 00:00:00,Subject,Yes,No,No,Yes,No,No,No,Email
,30,496,2012-12-30 00:00:00,Subject,No,No,No,No,No,No,No,Phone
,30,498,2012-12-31 00:00:00,Subject,Yes,No,No,Yes,No,No,No,Email
,30,484,2012-12-25 00:00:00,Subject,Yes,No,No,Yes,No,No,No,Email
,30,485,2012-10-28 00:00:00,Subject,Yes,No,No,Yes,No,No,No,Email
,30,486,2012-12-22 00:00:00,Subject,Yes,No,No,Yes,No,No,No,Phone
,30,488,2012-12-26 00:00:00,Subject,Yes,No,No,Yes,No,No,No,Email
,30,489,2012-12-27 00:00:00,Subject,Yes,No,No,Yes,No,No,No,Email
,30,490,2012-12-28 00:00:00,Subject,No,Yes,No,No,No,No,No,Email
,30,476,2012-12-18 00:00:00,Subject,Yes,Yes,No,Yes,No,No,No,Phone
,30,477,2012-12-19 00:00:00,Subject,Yes,No,No,Yes,No,No,No,Email
,30,478,2012-12-20 00:00:00,Subject,No,No,No,No,No,No,No,Email
,30,479,2012-12-21 00:00:00,Subject,No,No,No,No,No,No,No,Email
,30,482,2012-12-23 00:00:00,Subject,Yes,Yes,No,Yes,No,No,No,Phone
,30,483,2012-12-24 00:00:00,Subject,Yes,No,No,Yes,No,No,No,Phone