ParentLoginVisitID,DeidentID,RecID,PregTestDt,PregTestNotDoneMF,SubEligibility,PreExistMedCond,ConComMed,SevHypo,SevHyper,AdverseEvent
587,1,1,2014-01-21 00:00:00,,1,No,No,No,No,No
589,2,2,,Surgically sterile,1,No,No,No,No,No
621,3,5,,Subject is Male,1,No,No,No,No,No
591,4,3,,Surgically sterile,1,No,No,No,No,No
593,5,4,,Subject is Male,1,No,No,No,No,No
805,6,10,,Subject is Male,1,No,No,No,No,No
761,7,8,2014-10-31 00:00:00,,1,No,No,No,No,No
924,8,24,,Subject is Male,1,No,No,No,No,No
808,9,11,,Surgically sterile,1,No,Yes,No,No,No
860,10,17,,Subject is Male,1,No,No,No,No,No
750,11,7,,Subject is Male,1,No,No,No,No,No
879,12,21,2013-11-08 00:00:00,,1,No,No,No,No,No
877,13,20,,Subject is Male,1,No,No,No,No,No
899,14,22,2013-12-26 00:00:00,,1,No,No,No,No,No
783,15,9,,Subject is Male,1,No,No,No,No,No
831,16,14,,Subject is Male,1,No,No,No,No,No
829,17,12,,Subject is Male,1,No,No,No,No,No
832,18,15,,Subject is Male,1,No,No,No,No,No
830,19,13,,Other,1,No,No,No,No,No
833,20,16,,Subject is Male,1,No,No,No,No,No
1007,21,26,,Subject is Male,1,No,No,No,No,No
1017,22,27,,Subject is Male,1,No,No,No,No,No
1019,23,28,2014-12-29 00:00:00,,1,No,No,No,No,No
1021,24,29,2012-09-30 00:00:00,,1,No,No,No,No,No
1023,25,30,2014-12-12 00:00:00,,1,No,No,No,No,No
742,26,6,,Subject is Male,1,No,No,No,No,No
863,27,18,,Subject is Male,1,No,No,No,No,No
865,28,19,,Subject is Male,1,No,No,No,No,No
927,29,25,2013-11-23 00:00:00,,1,No,No,No,No,No
918,30,23,2013-01-02 00:00:00,,1,No,No,No,No,No