ParentLoginVisitID,DeidentID,RecID,PhCallDt,PrsnSpk,InsulinTherapy,NewConditions,NewDrugs,SevHypo,SevHyper,AdverseEvent
,1,2,2013-11-11 00:00:00,Subject,No,No,No,No,No,No
,1,5,2013-11-18 00:00:00,Subject,No,No,No,No,No,No
,2,3,2013-10-04 00:00:00,Subject,No,No,No,No,No,No
,2,8,2013-10-13 00:00:00,Subject,No,No,No,No,No,No
,3,1,2014-06-01 00:00:00,Subject,No,No,Yes,No,No,No
,3,9,2014-06-09 00:00:00,Subject,No,No,No,No,No,No
,4,4,2012-04-30 00:00:00,Subject,No,No,No,No,No,No
,4,6,2012-05-06 00:00:00,Subject,No,No,No,No,No,No
,5,7,2013-12-26 00:00:00,Subject,No,No,No,No,No,No
,5,11,2013-12-19 00:00:00,Subject,No,No,No,No,No,No
,6,21,2014-04-04 00:00:00,Subject,Yes,No,No,No,No,No
,7,17,2014-09-20 00:00:00,Subject,No,No,No,No,No,No
,8,20,2014-03-04 00:00:00,Subject,Yes,No,No,No,No,No
,9,19,2014-10-21 00:00:00,Subject,No,No,No,No,No,No
,10,18,2012-08-09 00:00:00,Subject,Yes,No,No,No,No,No
,11,12,2012-06-25 00:00:00,Subject,No,No,No,No,No,No
,11,13,2012-06-29 00:00:00,Subject,No,No,No,No,No,No
,11,15,2012-07-06 00:00:00,Subject,No,No,No,No,No,No
,12,23,2013-07-11 00:00:00,Subject,No,No,No,No,No,No
,12,34,2013-07-24 00:00:00,Subject,No,No,No,No,No,No
,13,22,2012-03-12 00:00:00,Subject,No,No,No,No,No,No
,13,29,2012-03-19 00:00:00,Subject,No,No,No,No,No,No
,14,24,2013-08-20 00:00:00,Subject,No,No,No,No,No,No
,14,25,2013-08-24 00:00:00,Subject,No,No,No,No,No,No
,14,28,2013-08-27 00:00:00,Subject,Yes,No,No,No,No,No
,14,36,2013-09-02 00:00:00,Subject,No,No,No,No,No,No
,15,30,2012-04-23 00:00:00,Subject,No,No,No,No,No,No
,16,31,2012-05-21 00:00:00,Subject,Yes,No,No,No,No,No
,16,37,2012-05-29 00:00:00,Subject,No,No,No,No,No,No
,17,26,2013-07-18 00:00:00,Subject,No,No,No,No,No,No
,17,38,2013-07-26 00:00:00,Subject,No,No,No,No,No,No
,18,27,2012-11-16 00:00:00,Subject,No,No,No,No,No,No
,18,39,2012-11-24 00:00:00,Subject,No,No,No,No,No,No
,19,32,2014-07-13 00:00:00,Subject,No,No,No,No,No,No
,19,40,2014-07-21 00:00:00,Subject,No,No,No,No,No,No
,20,33,2013-07-25 00:00:00,Subject,No,No,No,No,No,No
,20,41,2013-08-02 00:00:00,Subject,No,No,No,No,No,No
,21,49,2014-05-24 00:00:00,Subject,No,No,No,No,No,No
,21,53,2014-05-30 00:00:00,Subject,No,No,No,No,No,No
,22,50,2015-01-10 00:00:00,Subject,No,No,No,No,No,No
,23,51,2014-11-23 00:00:00,Subject,No,No,No,No,No,No
,23,55,2014-11-29 00:00:00,Subject,No,No,No,No,No,No
,24,52,2012-08-24 00:00:00,Subject,No,No,No,No,No,No
,24,54,2012-08-29 00:00:00,Subject,No,No,No,No,No,No
,25,56,2014-11-09 00:00:00,Subject,No,No,No,No,No,No
,26,14,2013-09-23 00:00:00,Subject,No,No,No,No,No,No
,26,35,2013-09-30 00:00:00,Subject,No,No,No,No,No,No
,27,42,2013-01-24 00:00:00,Subject,No,No,No,No,No,No
,27,45,2013-01-31 00:00:00,Subject,No,No,No,No,No,No
,28,44,2013-01-27 00:00:00,Subject,No,No,Yes,No,No,No
,28,46,2013-02-03 00:00:00,Subject,No,No,No,No,No,No
,29,47,2013-08-24 00:00:00,Subject,No,No,Yes,No,No,No
,30,48,2012-10-16 00:00:00,Subject,Yes,No,No,No,No,No