ParentLoginVisitID,DeidentID,RecID,DexcomSuccess,ScreeningSuccess,PreExistMedCond,ConComMed,SevHypo,SevHyper,AdverseEvent
509,1,1,1,1,Yes,Yes,No,No,No
512,2,2,1,1,No,No,No,No,No
515,3,3,1,1,No,No,No,No,No
518,4,4,1,1,No,No,No,No,No
521,5,5,1,1,No,No,No,No,No
664,6,10,1,1,No,No,No,No,No
667,7,11,1,1,No,Yes,No,No,No
643,8,8,1,1,No,No,No,No,No
652,9,9,1,1,No,No,No,No,No
682,10,12,1,1,No,No,No,No,No
623,11,6,1,1,No,No,No,No,No
695,12,15,1,1,No,No,No,No,No
686,13,13,1,1,No,No,No,No,No
699,14,16,1,1,No,No,No,No,No
688,15,14,1,1,No,No,No,No,No
714,16,17,1,1,No,No,No,No,No
715,17,18,1,1,No,No,No,No,No
716,18,19,1,1,No,No,No,No,No
717,19,20,1,1,No,No,No,No,No
718,20,21,1,1,No,No,No,No,No
964,21,26,1,1,No,No,No,No,No
967,22,27,1,1,No,No,No,No,No
970,23,28,1,1,No,No,No,No,No
973,24,29,1,1,No,No,No,No,Yes
990,25,30,1,1,No,No,No,No,No
624,26,7,1,1,No,No,No,No,No
791,27,22,1,1,No,No,No,No,No
792,28,23,1,1,No,No,No,No,No
862,29,24,1,1,Yes,No,No,No,No
870,30,25,1,1,No,No,No,No,No