ParentLoginVisitID,DeidentID,RecID,PregTestDt,PregTestNotDoneMF,PumpTraining,QCMeter,QCKetone,EmergencyKit
460,1,2,2013-11-04 00:00:00,,1,Yes,Yes,1
462,2,3,,Surgically sterile,1,Yes,Yes,1
463,3,4,,Subject is Male,1,Yes,Yes,1
465,4,5,,Surgically sterile,1,Yes,Yes,1
455,5,1,,Subject is Male,1,Yes,Yes,1
607,6,10,,Subject is Male,1,Yes,Yes,1
605,7,9,2014-09-13 00:00:00,,1,Yes,Yes,1
601,8,8,,Subject is Male,1,Yes,Yes,1
609,9,11,,Surgically sterile,1,Yes,Yes,1
612,10,12,,Subject is Male,1,Yes,Yes,1
574,11,6,,Subject is Male,1,Yes,Yes,1
617,12,14,2013-07-04 00:00:00,,1,Yes,Yes,1
615,13,13,,Subject is Male,1,Yes,Yes,1
620,14,15,2013-08-13 00:00:00,,1,Yes,Yes,1
641,15,16,,Subject is Male,1,Yes,Yes,1
659,16,18,,Subject is Male,1,Yes,Yes,1
657,17,17,,Subject is Male,1,Yes,Yes,1
661,18,19,,Subject is Male,1,Yes,Yes,1
672,19,20,,Other,1,Yes,Yes,1
675,20,21,,Subject is Male,1,Yes,Yes,1
952,21,26,,Subject is Male,1,Yes,Yes,1
954,22,27,,Subject is Male,1,Yes,Yes,1
958,23,29,2014-11-16 00:00:00,,1,Yes,Yes,1
957,24,28,2012-08-17 00:00:00,,1,Yes,Yes,1
962,25,30,2014-11-02 00:00:00,,1,Yes,Yes,1
579,26,7,,Subject is Male,1,No,No,1
769,27,22,,Subject is Male,1,Yes,Yes,1
773,28,23,,Subject is Male,1,Yes,Yes,1
801,29,24,2013-08-17 00:00:00,,1,No,Yes,1
804,30,25,,Other,1,Yes,Yes,1