ParentLoginVisitID,DeidentID,RecID,Visit,VisitDt,OutOfWin,OutOfWinReason,VisitMiss,VisitMissReason
419,1,1,Enrollment,2013-09-29 00:00:00,,,,
420,1,2,Initiation of CGM Run-In,2013-09-29 00:00:00,,,,
459,1,14,End of CGM Run-In,2013-11-04 00:00:00,,,,
460,1,15,Initiation of Pump Run-In,2013-11-04 00:00:00,,,,
509,1,20,End of Pump Run-In,2013-12-16 00:00:00,,,,
510,1,21,Open-loop Transitional Training Visit,2013-12-16 00:00:00,,,,
898,1,288,End of Day-and-Night Closed-Loop at Home,2014-06-10 00:00:00,,,,
511,1,22,Initiation of Open-Loop Use at Home,2013-12-16 00:00:00,,,,
538,1,35,End of Open-Loop Use at Home,2013-12-28 00:00:00,,,,
539,1,36,Closed-Loop Transitional Training Visit,2013-12-28 00:00:00,,,,
540,1,37,Initiation of Trial Overnight Closed-Loop at Home,2013-12-30 00:00:00,,,,
587,1,65,End of Overnight Closed-Loop at Home,2014-01-21 00:00:00,,,,
588,1,66,Init. of Trial Day-and-Night Closed-Loop at Home,2014-01-21 00:00:00,,,,
421,2,3,Enrollment,2013-08-26 00:00:00,,,,
424,2,6,Initiation of CGM Run-In,2013-08-26 00:00:00,,,,
444,2,9,End of CGM Run-In,2013-09-27 00:00:00,,,,
462,2,16,Initiation of Pump Run-In,2013-09-27 00:00:00,,,,
512,2,23,End of Pump Run-In,2013-11-09 00:00:00,,,,
513,2,24,Open-loop Transitional Training Visit,2013-11-09 00:00:00,,,,
1062,2,431,Closed-loop Extended Follow-Up,2014-09-22 00:00:00,,,,
1075,2,444,Closed-loop Extended Follow-Up,2014-10-23 00:00:00,,,,
1076,2,445,End of Extended Closed-Loop At Home,2014-10-23 00:00:00,,,,
907,2,294,End of Day-and-Night Closed-Loop at Home,2014-05-03 00:00:00,,,,
908,2,295,Initiation of Extended Closed-Loop At Home,2014-05-03 00:00:00,,,,
939,2,322,Closed-loop Extended Follow-Up,2014-05-30 00:00:00,,,,
978,2,358,Closed-loop Extended Follow-Up,2014-06-20 00:00:00,,,,
1015,2,389,Closed-loop Extended Follow-Up,2014-07-18 00:00:00,,,,
1037,2,406,Closed-loop Extended Follow-Up,2014-08-14 00:00:00,,,,
514,2,25,Initiation of Open-Loop Use at Home,2013-11-09 00:00:00,,,,
541,2,38,End of Open-Loop Use at Home,2013-11-21 00:00:00,,,,
542,2,39,Closed-Loop Transitional Training Visit,2013-11-21 00:00:00,,,,
543,2,40,Initiation of Trial Overnight Closed-Loop at Home,2013-11-23 00:00:00,,,,
589,2,67,End of Overnight Closed-Loop at Home,2013-12-13 00:00:00,,,,
590,2,68,Init. of Trial Day-and-Night Closed-Loop at Home,2013-12-14 00:00:00,,,,
425,3,7,Enrollment,2014-04-27 00:00:00,,,,
429,3,8,Initiation of CGM Run-In,2014-04-27 00:00:00,,,,
445,3,10,End of CGM Run-In,2014-05-25 00:00:00,,,,
463,3,17,Initiation of Pump Run-In,2014-05-25 00:00:00,,,,
515,3,26,End of Pump Run-In,2014-07-11 00:00:00,,,,
516,3,27,Open-loop Transitional Training Visit,2014-07-11 00:00:00,,,,
1063,3,432,Closed-loop Extended Follow-Up,2015-05-24 00:00:00,,,,
1077,3,446,End of Extended Closed-Loop At Home,2015-06-24 00:00:00,,,,
739,3,185,End of Day-and-Night Closed-Loop at Home,2014-09-21 00:00:00,,,,
895,3,285,Initiation of Extended Closed-Loop At Home,2015-01-02 00:00:00,,,,
929,3,314,Closed-loop Extended Follow-Up,2015-01-25 00:00:00,,,,
979,3,359,Closed-loop Extended Follow-Up,2015-02-18 00:00:00,,,,
1025,3,399,Closed-loop Extended Follow-Up,2015-03-24 00:00:00,,,,
1049,3,418,Closed-loop Extended Follow-Up,2015-04-22 00:00:00,,,,
517,3,28,Initiation of Open-Loop Use at Home,2014-07-11 00:00:00,,,,
544,3,41,End of Open-Loop Use at Home,2014-07-23 00:00:00,,,,
545,3,42,Closed-Loop Transitional Training Visit,2014-07-23 00:00:00,,,,
546,3,43,Initiation of Trial Overnight Closed-Loop at Home,2014-07-25 00:00:00,,,,
621,3,96,End of Overnight Closed-Loop at Home,2014-08-21 00:00:00,,,,
622,3,97,Init. of Trial Day-and-Night Closed-Loop at Home,2014-08-21 00:00:00,,,,
422,4,4,Enrollment,2012-03-22 00:00:00,,,,
423,4,5,Initiation of CGM Run-In,2012-03-22 00:00:00,,,,
464,4,18,End of CGM Run-In,2012-04-23 00:00:00,,,,
465,4,19,Initiation of Pump Run-In,2012-04-23 00:00:00,,,,
518,4,29,End of Pump Run-In,2012-06-05 00:00:00,,,,
519,4,30,Open-loop Transitional Training Visit,2012-06-05 00:00:00,,,,
1064,4,433,Closed-loop Extended Follow-Up,2013-04-18 00:00:00,,,,
1078,4,447,End of Extended Closed-Loop At Home,2013-05-19 00:00:00,,,,
905,4,292,End of Day-and-Night Closed-Loop at Home,2012-11-27 00:00:00,,,,
906,4,293,Initiation of Extended Closed-Loop At Home,2012-11-27 00:00:00,,,,
940,4,323,Closed-loop Extended Follow-Up,2012-12-24 00:00:00,,,,
976,4,356,Closed-loop Extended Follow-Up,2013-01-14 00:00:00,,,,
1016,4,390,Closed-loop Extended Follow-Up,2013-02-11 00:00:00,,,,
1038,4,407,Closed-loop Extended Follow-Up,2013-03-10 00:00:00,,,,
520,4,31,Initiation of Open-Loop Use at Home,2012-06-05 00:00:00,,,,
547,4,44,End of Open-Loop Use at Home,2012-06-17 00:00:00,,,,
548,4,45,Closed-Loop Transitional Training Visit,2012-06-17 00:00:00,,,,
549,4,46,Initiation of Trial Overnight Closed-Loop at Home,2012-06-19 00:00:00,,,,
591,4,69,End of Overnight Closed-Loop at Home,2012-07-10 00:00:00,,,,
592,4,70,Init. of Trial Day-and-Night Closed-Loop at Home,2012-07-10 00:00:00,,,,
451,5,11,Enrollment,2013-12-12 00:00:00,,,,
454,5,12,Initiation of CGM Run-In,2013-12-12 00:00:00,,,,
455,5,13,Initiation of Pump Run-In,2013-12-12 00:00:00,,,,
521,5,32,End of Pump Run-In,2014-01-23 00:00:00,,,,
522,5,33,Open-loop Transitional Training Visit,2014-01-23 00:00:00,,,,
523,5,34,Initiation of Open-Loop Use at Home,2014-01-23 00:00:00,,,,
1081,5,450,End of Extended Closed-Loop At Home,2015-01-15 00:00:00,,,,
897,5,287,Initiation of Extended Closed-Loop At Home,2014-07-18 00:00:00,,,,
941,5,324,Closed-loop Extended Follow-Up,2014-08-14 00:00:00,,,,
977,5,357,Closed-loop Extended Follow-Up,2014-09-04 00:00:00,,,,
1005,5,385,Closed-loop Extended Follow-Up,2014-10-01 00:00:00,,,,
1039,5,408,Closed-loop Extended Follow-Up,2014-10-29 00:00:00,,,,
1065,5,434,Closed-loop Extended Follow-Up,2014-12-09 00:00:00,,,,
896,5,286,End of Day-and-Night Closed-Loop at Home,2014-07-17 00:00:00,,,,
593,5,71,End of Overnight Closed-Loop at Home,2014-02-27 00:00:00,,,,
594,5,72,Init. of Trial Day-and-Night Closed-Loop at Home,2014-02-28 00:00:00,,,,
550,5,47,End of Open-Loop Use at Home,2014-02-05 00:00:00,,,,
551,5,48,Closed-Loop Transitional Training Visit,2014-02-05 00:00:00,,,,
552,5,49,Initiation of Trial Overnight Closed-Loop at Home,2014-02-07 00:00:00,,,,
597,6,73,Enrollment,2014-03-26 00:00:00,,,,
606,6,82,Initiation of CGM Run-In,2014-03-26 00:00:00,,,,
607,6,83,Initiation of Pump Run-In,2014-03-26 00:00:00,,,,
664,6,122,End of Pump Run-In,2014-04-12 00:00:00,,,,
665,6,123,Open-loop Transitional Training Visit,2014-04-12 00:00:00,,,,
666,6,124,Initiation of Open-Loop Use at Home,2014-04-12 00:00:00,,,,
935,6,318,Initiation of Extended Closed-Loop At Home,2014-09-07 00:00:00,,,,
1041,6,410,Closed-loop Extended Follow-Up,2014-10-06 00:00:00,,,,
1042,6,411,Closed-loop Extended Follow-Up,2014-11-11 00:00:00,,,,
1053,6,422,Closed-loop Extended Follow-Up,2014-12-07 00:00:00,,,,
1086,6,455,Closed-loop Extended Follow-Up,2015-02-07 00:00:00,,,,
1087,6,456,End of Extended Closed-Loop At Home,2015-02-07 00:00:00,,,,
710,6,161,End of Open-Loop Use at Home,2014-04-26 00:00:00,,,,
711,6,162,Closed-Loop Transitional Training Visit,2014-04-26 00:00:00,,,,
730,6,180,Initiation of Trial Overnight Closed-Loop at Home,2014-04-28 00:00:00,,,,
805,6,230,End of Overnight Closed-Loop at Home,2014-05-21 00:00:00,,,,
806,6,231,Init. of Trial Day-and-Night Closed-Loop at Home,2014-05-21 00:00:00,,,,
934,6,317,End of Day-and-Night Closed-Loop at Home,2014-08-10 00:00:00,,,,
599,7,75,Enrollment,2014-09-09 00:00:00,,,,
604,7,80,Initiation of CGM Run-In,2014-09-13 00:00:00,,,,
605,7,81,Initiation of Pump Run-In,2014-09-13 00:00:00,,,,
667,7,125,End of Pump Run-In,2014-09-28 00:00:00,,,,
668,7,126,Open-loop Transitional Training Visit,2014-09-28 00:00:00,,,,
669,7,127,Initiation of Open-Loop Use at Home,2014-09-28 00:00:00,,,,
937,7,320,Initiation of Extended Closed-Loop At Home,2015-02-23 00:00:00,,,,
1043,7,412,Closed-loop Extended Follow-Up,2015-03-25 00:00:00,,,,
1044,7,413,Closed-loop Extended Follow-Up,2015-04-28 00:00:00,,,,
1060,7,429,Closed-loop Extended Follow-Up,2015-05-27 00:00:00,,,,
1073,7,442,Closed-loop Extended Follow-Up,2015-06-30 00:00:00,,,,
1088,7,457,End of Extended Closed-Loop At Home,2015-08-08 00:00:00,,,,
692,7,146,End of Open-Loop Use at Home,2014-10-08 00:00:00,,,,
702,7,153,Closed-Loop Transitional Training Visit,2014-10-08 00:00:00,,,,
703,7,154,Initiation of Trial Overnight Closed-Loop at Home,2014-10-10 00:00:00,,,,
761,7,199,End of Overnight Closed-Loop at Home,2014-10-31 00:00:00,,,,
811,7,234,Init. of Trial Day-and-Night Closed-Loop at Home,2014-10-31 00:00:00,,,,
936,7,319,End of Day-and-Night Closed-Loop at Home,2015-01-29 00:00:00,,,,
598,8,74,Enrollment,2014-02-23 00:00:00,,,,
600,8,76,Initiation of CGM Run-In,2014-02-23 00:00:00,,,,
601,8,77,Initiation of Pump Run-In,2014-02-23 00:00:00,,,,
643,8,106,End of Pump Run-In,2014-03-10 00:00:00,,,,
644,8,107,Open-loop Transitional Training Visit,2014-03-10 00:00:00,,,,
645,8,108,Initiation of Open-Loop Use at Home,2014-03-10 00:00:00,,,,
950,8,331,Initiation of Extended Closed-Loop At Home,2014-08-10 00:00:00,,,,
1045,8,414,Closed-loop Extended Follow-Up,2014-09-11 00:00:00,,,,
1046,8,415,Closed-loop Extended Follow-Up,2014-10-08 00:00:00,,,,
1061,8,430,Closed-loop Extended Follow-Up,2014-11-14 00:00:00,,,,
1072,8,441,Closed-loop Extended Follow-Up,2014-12-19 00:00:00,,,,
1089,8,458,End of Extended Closed-Loop At Home,2015-01-31 00:00:00,,,,
704,8,155,End of Open-Loop Use at Home,2014-03-22 00:00:00,,,,
705,8,156,Closed-Loop Transitional Training Visit,2014-03-22 00:00:00,,,,
706,8,157,Initiation of Trial Overnight Closed-Loop at Home,2014-03-24 00:00:00,,,,
924,8,310,End of Overnight Closed-Loop at Home,2014-07-20 00:00:00,,,,
925,8,311,Init. of Trial Day-and-Night Closed-Loop at Home,2014-07-20 00:00:00,,,,
949,8,330,End of Day-and-Night Closed-Loop at Home,2014-08-10 00:00:00,,,,
602,9,78,Enrollment,2014-10-11 00:00:00,,,,
608,9,84,Initiation of CGM Run-In,2014-10-11 00:00:00,,,,
609,9,85,Initiation of Pump Run-In,2014-10-11 00:00:00,,,,
652,9,110,End of Pump Run-In,2014-10-29 00:00:00,,,,
653,9,111,Open-loop Transitional Training Visit,2014-10-29 00:00:00,,,,
654,9,112,Initiation of Open-Loop Use at Home,2014-10-29 00:00:00,,,,
707,9,158,End of Open-Loop Use at Home,2014-11-07 00:00:00,,,,
708,9,159,Closed-Loop Transitional Training Visit,2014-11-07 00:00:00,,,,
709,9,160,Initiation of Trial Overnight Closed-Loop at Home,2014-11-09 00:00:00,,,,
808,9,232,End of Overnight Closed-Loop at Home,2014-12-08 00:00:00,,,,
809,9,233,Init. of Trial Day-and-Night Closed-Loop at Home,2014-12-08 00:00:00,,,,
999,9,379,End of Day-and-Night Closed-Loop at Home,2015-04-07 00:00:00,,,,
603,10,79,Enrollment,2012-08-02 00:00:00,,,,
611,10,86,Initiation of CGM Run-In,2012-08-02 00:00:00,,,,
612,10,87,Initiation of Pump Run-In,2012-08-02 00:00:00,,,,
682,10,137,End of Pump Run-In,2012-08-24 00:00:00,,,,
683,10,138,Open-loop Transitional Training Visit,2012-08-24 00:00:00,,,,
684,10,139,Initiation of Open-Loop Use at Home,2012-08-24 00:00:00,,,,
1047,10,416,Closed-loop Extended Follow-Up,2013-02-16 00:00:00,,,,
1048,10,417,Closed-loop Extended Follow-Up,2013-03-18 00:00:00,,,,
1059,10,428,Closed-loop Extended Follow-Up,2013-04-20 00:00:00,,,,
1074,10,443,Closed-loop Extended Follow-Up,2013-05-24 00:00:00,,,,
1090,10,459,End of Extended Closed-Loop At Home,2013-07-08 00:00:00,,,,
945,10,327,End of Day-and-Night Closed-Loop at Home,2013-01-14 00:00:00,,,,
946,10,328,Initiation of Extended Closed-Loop At Home,2013-01-14 00:00:00,,,,
860,10,258,End of Overnight Closed-Loop at Home,2012-11-25 00:00:00,,,,
861,10,259,Init. of Trial Day-and-Night Closed-Loop at Home,2012-11-25 00:00:00,,,,
712,10,163,End of Open-Loop Use at Home,2012-08-31 00:00:00,,,,
713,10,164,Closed-Loop Transitional Training Visit,2012-08-31 00:00:00,,,,
731,10,181,Initiation of Trial Overnight Closed-Loop at Home,2012-09-02 00:00:00,,,,
561,11,56,Enrollment,2012-06-02 00:00:00,,,,
562,11,57,Initiation of CGM Run-In,2012-05-26 00:00:00,,,,
563,11,58,End of CGM Run-In,2012-06-09 00:00:00,,,,
574,11,61,Initiation of Pump Run-In,2012-06-22 00:00:00,,,,
623,11,98,End of Pump Run-In,2012-07-07 00:00:00,,,,
642,11,105,Open-loop Transitional Training Visit,2012-07-15 00:00:00,,,,
1080,11,449,End of Extended Closed-Loop At Home,2013-05-21 00:00:00,,,,
847,11,256,End of Day-and-Night Closed-Loop at Home,2012-10-20 00:00:00,,,,
942,11,325,Initiation of Extended Closed-Loop At Home,2012-12-18 00:00:00,,,,
980,11,360,Closed-loop Extended Follow-Up,2013-01-12 00:00:00,,,,
1009,11,388,Closed-loop Extended Follow-Up,2013-02-02 00:00:00,,,,
1040,11,409,Closed-loop Extended Follow-Up,2013-03-05 00:00:00,,,,
1066,11,435,Closed-loop Extended Follow-Up,2013-04-13 00:00:00,,,,
649,11,109,Initiation of Open-Loop Use at Home,2012-07-15 00:00:00,,,,
677,11,134,End of Open-Loop Use at Home,2012-07-26 00:00:00,,,,
678,11,135,Closed-Loop Transitional Training Visit,2012-07-26 00:00:00,,,,
679,11,136,Initiation of Trial Overnight Closed-Loop at Home,2012-07-28 00:00:00,,,,
750,11,194,End of Overnight Closed-Loop at Home,2012-08-15 00:00:00,,,,
751,11,195,Init. of Trial Day-and-Night Closed-Loop at Home,2012-08-15 00:00:00,,,,
560,12,55,Enrollment,2013-06-03 00:00:00,,,,
564,12,59,Initiation of CGM Run-In,2013-06-03 00:00:00,,,,
616,12,91,End of CGM Run-In,2013-07-04 00:00:00,,,,
617,12,92,Initiation of Pump Run-In,2013-07-04 00:00:00,,,,
695,12,147,End of Pump Run-In,2013-07-28 00:00:00,,,,
696,12,148,Open-loop Transitional Training Visit,2013-07-28 00:00:00,,,,
923,12,309,End of Day-and-Night Closed-Loop at Home,2013-11-29 00:00:00,,,,
697,12,149,Initiation of Open-Loop Use at Home,2013-07-28 00:00:00,,,,
732,12,182,End of Open-Loop Use at Home,2013-08-04 00:00:00,,,,
776,12,207,Closed-Loop Transitional Training Visit,2013-08-25 00:00:00,,,,
779,12,210,Initiation of Trial Overnight Closed-Loop at Home,2013-08-27 00:00:00,,,,
879,12,275,End of Overnight Closed-Loop at Home,2013-11-08 00:00:00,,,,
880,12,276,Init. of Trial Day-and-Night Closed-Loop at Home,2013-11-08 00:00:00,,,,
613,13,88,Enrollment,2012-03-05 00:00:00,,,,
614,13,89,Initiation of CGM Run-In,2012-03-05 00:00:00,,,,
615,13,90,Initiation of Pump Run-In,2012-03-05 00:00:00,,,,
686,13,140,End of Pump Run-In,2012-03-28 00:00:00,,,,
687,13,141,Open-loop Transitional Training Visit,2012-03-28 00:00:00,,,,
691,13,145,Initiation of Open-Loop Use at Home,2012-03-28 00:00:00,,,,
938,13,321,Initiation of Extended Closed-Loop At Home,2012-08-17 00:00:00,,,,
988,13,368,Closed-loop Extended Follow-Up,2012-09-16 00:00:00,,,,
1026,13,400,Closed-loop Extended Follow-Up,2012-10-03 00:00:00,,,,
1051,13,420,Closed-loop Extended Follow-Up,2012-11-10 00:00:00,,,,
1067,13,436,Closed-loop Extended Follow-Up,2012-12-18 00:00:00,,,,
1084,13,453,End of Extended Closed-Loop At Home,2013-01-22 00:00:00,,,,
733,13,183,End of Open-Loop Use at Home,2012-04-04 00:00:00,,,,
756,13,198,Closed-Loop Transitional Training Visit,2012-04-21 00:00:00,,,,
764,13,200,Initiation of Trial Overnight Closed-Loop at Home,2012-04-23 00:00:00,,,,
877,13,273,End of Overnight Closed-Loop at Home,2012-07-11 00:00:00,,,,
878,13,274,Init. of Trial Day-and-Night Closed-Loop at Home,2012-07-11 00:00:00,,,,
912,13,298,End of Day-and-Night Closed-Loop at Home,2012-07-28 00:00:00,,,,
618,14,93,Enrollment,2013-08-13 00:00:00,,,,
619,14,94,Initiation of CGM Run-In,2013-08-13 00:00:00,,,,
620,14,95,Initiation of Pump Run-In,2013-08-13 00:00:00,,,,
699,14,150,End of Pump Run-In,2013-09-06 00:00:00,,,,
700,14,151,Open-loop Transitional Training Visit,2013-09-06 00:00:00,,,,
701,14,152,Initiation of Open-Loop Use at Home,2013-09-08 00:00:00,,,,
989,14,369,Initiation of Extended Closed-Loop At Home,2014-02-22 00:00:00,,,,
1034,14,403,Closed-loop Extended Follow-Up,2014-04-02 00:00:00,,,,
1057,14,426,Closed-loop Extended Follow-Up,2014-05-02 00:00:00,,,,
1068,14,437,Closed-loop Extended Follow-Up,2014-05-27 00:00:00,,,,
1085,14,454,Closed-loop Extended Follow-Up,2014-07-05 00:00:00,,,,
1091,14,460,End of Extended Closed-Loop At Home,2014-07-24 00:00:00,,,,
741,14,186,End of Open-Loop Use at Home,2013-09-15 00:00:00,,,,
777,14,208,Closed-Loop Transitional Training Visit,2013-10-04 00:00:00,,,,
778,14,209,Initiation of Trial Overnight Closed-Loop at Home,2013-10-06 00:00:00,,,,
899,14,289,End of Overnight Closed-Loop at Home,2013-12-26 00:00:00,,,,
900,14,290,Init. of Trial Day-and-Night Closed-Loop at Home,2013-12-26 00:00:00,,,,
981,14,361,End of Day-and-Night Closed-Loop at Home,2014-02-21 00:00:00,,,,
639,15,102,Enrollment,2012-04-14 00:00:00,,,,
640,15,103,Initiation of CGM Run-In,2012-04-14 00:00:00,,,,
641,15,104,Initiation of Pump Run-In,2012-04-14 00:00:00,,,,
688,15,142,End of Pump Run-In,2012-04-28 00:00:00,,,,
689,15,143,Open-loop Transitional Training Visit,2012-04-28 00:00:00,,,,
690,15,144,Initiation of Open-Loop Use at Home,2012-04-28 00:00:00,,,,
943,15,326,Initiation of Extended Closed-Loop At Home,2012-09-18 00:00:00,,,,
963,15,343,Closed-loop Extended Follow-Up,2012-10-07 00:00:00,,,,
1027,15,401,Closed-loop Extended Follow-Up,2012-11-07 00:00:00,,,,
1052,15,421,Closed-loop Extended Follow-Up,2012-12-17 00:00:00,,,,
1071,15,440,Closed-loop Extended Follow-Up,2013-01-28 00:00:00,,,,
1079,15,448,End of Extended Closed-Loop At Home,2013-02-17 00:00:00,,,,
734,15,184,End of Open-Loop Use at Home,2012-05-05 00:00:00,,,,
747,15,192,Closed-Loop Transitional Training Visit,2012-05-12 00:00:00,,,,
748,15,193,Initiation of Trial Overnight Closed-Loop at Home,2012-05-14 00:00:00,,,,
783,15,211,End of Overnight Closed-Loop at Home,2012-06-01 00:00:00,,,,
784,15,212,Init. of Trial Day-and-Night Closed-Loop at Home,2012-06-01 00:00:00,,,,
882,15,277,End of Day-and-Night Closed-Loop at Home,2012-08-14 00:00:00,,,,
554,16,50,Enrollment,2012-04-05 00:00:00,,,,
572,16,60,Initiation of CGM Run-In,2012-04-05 00:00:00,,,,
658,16,116,End of CGM Run-In,2012-05-14 00:00:00,,,,
659,16,117,Initiation of Pump Run-In,2012-05-14 00:00:00,,,,
714,16,165,End of Pump Run-In,2012-05-30 00:00:00,,,,
720,16,170,Open-loop Transitional Training Visit,2012-05-30 00:00:00,,,,
894,16,284,End of Day-and-Night Closed-Loop at Home,2012-09-08 00:00:00,,,,
721,16,171,Initiation of Open-Loop Use at Home,2012-05-30 00:00:00,,,,
746,16,191,End of Open-Loop Use at Home,2012-06-11 00:00:00,,,,
789,16,217,Closed-Loop Transitional Training Visit,2012-06-28 00:00:00,,,,
815,16,235,Initiation of Trial Overnight Closed-Loop at Home,2012-07-25 00:00:00,,,,
831,16,245,End of Overnight Closed-Loop at Home,2012-08-13 00:00:00,,,,
837,16,249,Init. of Trial Day-and-Night Closed-Loop at Home,2012-08-15 00:00:00,,,,
556,17,51,Enrollment,2013-06-02 00:00:00,,,,
557,17,52,Initiation of CGM Run-In,2013-06-02 00:00:00,,,,
656,17,114,End of CGM Run-In,2013-07-11 00:00:00,,,,
657,17,115,Initiation of Pump Run-In,2013-07-11 00:00:00,,,,
715,17,166,End of Pump Run-In,2013-07-27 00:00:00,,,,
722,17,172,Open-loop Transitional Training Visit,2013-07-27 00:00:00,,,,
1093,17,462,End of Extended Closed-Loop At Home,2014-06-26 00:00:00,,,,
869,17,267,End of Day-and-Night Closed-Loop at Home,2013-10-28 00:00:00,,,,
1004,17,384,Initiation of Extended Closed-Loop At Home,2014-01-23 00:00:00,,,,
1033,17,402,Closed-loop Extended Follow-Up,2014-02-21 00:00:00,,,,
1058,17,427,Closed-loop Extended Follow-Up,2014-03-21 00:00:00,,,,
1070,17,439,Closed-loop Extended Follow-Up,2014-04-20 00:00:00,,,,
1082,17,451,Closed-loop Extended Follow-Up,2014-05-23 00:00:00,,,,
723,17,173,Initiation of Open-Loop Use at Home,2013-07-27 00:00:00,,,,
752,17,196,End of Open-Loop Use at Home,2013-08-03 00:00:00,,,,
786,17,214,Closed-Loop Transitional Training Visit,2013-08-25 00:00:00,,,,
816,17,236,Initiation of Trial Overnight Closed-Loop at Home,2013-09-20 00:00:00,,,,
829,17,243,End of Overnight Closed-Loop at Home,2013-10-08 00:00:00,,,,
834,17,248,Init. of Trial Day-and-Night Closed-Loop at Home,2013-10-11 00:00:00,,,,
558,18,53,Enrollment,2012-10-01 00:00:00,,,,
559,18,54,Initiation of CGM Run-In,2012-10-01 00:00:00,,,,
660,18,118,End of CGM Run-In,2012-11-09 00:00:00,,,,
661,18,119,Initiation of Pump Run-In,2012-11-09 00:00:00,,,,
716,18,167,End of Pump Run-In,2012-11-25 00:00:00,,,,
724,18,174,Open-loop Transitional Training Visit,2012-11-25 00:00:00,,,,
875,18,272,End of Day-and-Night Closed-Loop at Home,2013-03-02 00:00:00,,,,
725,18,175,Initiation of Open-Loop Use at Home,2012-11-25 00:00:00,,,,
753,18,197,End of Open-Loop Use at Home,2012-12-02 00:00:00,,,,
787,18,215,Closed-Loop Transitional Training Visit,2012-12-24 00:00:00,,,,
817,18,237,Initiation of Trial Overnight Closed-Loop at Home,2013-01-19 00:00:00,,,,
832,18,246,End of Overnight Closed-Loop at Home,2013-02-08 00:00:00,,,,
838,18,250,Init. of Trial Day-and-Night Closed-Loop at Home,2013-02-10 00:00:00,,,,
670,19,128,Enrollment,2014-07-06 00:00:00,,,,
671,19,129,Initiation of CGM Run-In,2014-07-06 00:00:00,,,,
672,19,130,Initiation of Pump Run-In,2014-07-06 00:00:00,,,,
717,19,168,End of Pump Run-In,2014-07-22 00:00:00,,,,
726,19,176,Open-loop Transitional Training Visit,2014-07-22 00:00:00,,,,
727,19,177,Initiation of Open-Loop Use at Home,2014-07-22 00:00:00,,,,
744,19,189,End of Open-Loop Use at Home,2014-07-30 00:00:00,,,,
788,19,216,Closed-Loop Transitional Training Visit,2014-08-20 00:00:00,,,,
818,19,238,Initiation of Trial Overnight Closed-Loop at Home,2014-09-15 00:00:00,,,,
830,19,244,End of Overnight Closed-Loop at Home,2014-10-03 00:00:00,,,,
839,19,251,Init. of Trial Day-and-Night Closed-Loop at Home,2014-10-07 00:00:00,,,,
874,19,271,End of Day-and-Night Closed-Loop at Home,2014-10-26 00:00:00,,,,
673,20,131,Enrollment,2013-07-18 00:00:00,,,,
674,20,132,Initiation of CGM Run-In,2013-07-18 00:00:00,,,,
675,20,133,Initiation of Pump Run-In,2013-07-18 00:00:00,,,,
718,20,169,End of Pump Run-In,2013-08-03 00:00:00,,,,
728,20,178,Open-loop Transitional Training Visit,2013-08-03 00:00:00,,,,
729,20,179,Initiation of Open-Loop Use at Home,2013-08-03 00:00:00,,,,
1000,20,380,Initiation of Extended Closed-Loop At Home,2014-01-26 00:00:00,,,,
1050,20,419,Closed-loop Extended Follow-Up,2014-03-09 00:00:00,,,,
1069,20,438,Closed-loop Extended Follow-Up,2014-04-26 00:00:00,,,,
1083,20,452,Closed-loop Extended Follow-Up,2014-06-01 00:00:00,,,,
1094,20,463,End of Extended Closed-Loop At Home,2014-07-06 00:00:00,,,,
745,20,190,End of Open-Loop Use at Home,2013-08-12 00:00:00,,,,
785,20,213,Closed-Loop Transitional Training Visit,2013-09-01 00:00:00,,,,
819,20,239,Initiation of Trial Overnight Closed-Loop at Home,2013-09-28 00:00:00,,,,
833,20,247,End of Overnight Closed-Loop at Home,2013-10-17 00:00:00,,,,
851,20,257,Init. of Trial Day-and-Night Closed-Loop at Home,2013-10-24 00:00:00,,,,
904,20,291,End of Day-and-Night Closed-Loop at Home,2013-11-13 00:00:00,,,,
913,21,299,Enrollment,2014-04-26 00:00:00,,,,
914,21,300,Initiation of CGM Run-In,2014-04-26 00:00:00,,,,
951,21,332,End of CGM Run-In,2014-05-17 00:00:00,,,,
952,21,333,Initiation of Pump Run-In,2014-05-17 00:00:00,,,,
964,21,344,End of Pump Run-In,2014-05-31 00:00:00,,,,
965,21,345,Open-loop Transitional Training Visit,2014-05-31 00:00:00,,,,
1035,21,404,End of Day-and-Night Closed-Loop at Home,2014-07-20 00:00:00,,,,
966,21,346,Initiation of Open-Loop Use at Home,2014-05-31 00:00:00,,,,
982,21,362,End of Open-Loop Use at Home,2014-06-08 00:00:00,,,,
983,21,363,Closed-Loop Transitional Training Visit,2014-06-08 00:00:00,,,,
984,21,364,Initiation of Trial Overnight Closed-Loop at Home,2014-06-10 00:00:00,,,,
1007,21,386,End of Overnight Closed-Loop at Home,2014-06-28 00:00:00,,,,
1008,21,387,Init. of Trial Day-and-Night Closed-Loop at Home,2014-06-28 00:00:00,,,,
915,22,301,Enrollment,2014-12-13 00:00:00,,,,
916,22,302,Initiation of CGM Run-In,2014-12-13 00:00:00,,,,
953,22,334,End of CGM Run-In,2015-01-03 00:00:00,,,,
954,22,335,Initiation of Pump Run-In,2015-01-03 00:00:00,,,,
967,22,347,End of Pump Run-In,2015-01-17 00:00:00,,,,
968,22,348,Open-loop Transitional Training Visit,2015-01-17 00:00:00,,,,
1036,22,405,End of Day-and-Night Closed-Loop at Home,2015-03-10 00:00:00,,,,
969,22,349,Initiation of Open-Loop Use at Home,2015-01-17 00:00:00,,,,
985,22,365,End of Open-Loop Use at Home,2015-01-25 00:00:00,,,,
986,22,366,Closed-Loop Transitional Training Visit,2015-01-25 00:00:00,,,,
987,22,367,Initiation of Trial Overnight Closed-Loop at Home,2015-01-27 00:00:00,,,,
1017,22,391,End of Overnight Closed-Loop at Home,2015-02-16 00:00:00,,,,
1018,22,392,Init. of Trial Day-and-Night Closed-Loop at Home,2015-02-16 00:00:00,,,,
917,23,303,Enrollment,2014-10-26 00:00:00,,,,
921,23,307,Initiation of CGM Run-In,2014-10-26 00:00:00,,,,
955,23,336,End of CGM Run-In,2014-11-16 00:00:00,,,,
958,23,339,Initiation of Pump Run-In,2014-11-16 00:00:00,,,,
970,23,350,End of Pump Run-In,2014-11-30 00:00:00,,,,
971,23,351,Open-loop Transitional Training Visit,2014-11-30 00:00:00,,,,
1054,23,423,End of Day-and-Night Closed-Loop at Home,2015-01-19 00:00:00,,,,
972,23,352,Initiation of Open-Loop Use at Home,2014-11-30 00:00:00,,,,
993,23,373,End of Open-Loop Use at Home,2014-12-09 00:00:00,,,,
994,23,374,Closed-Loop Transitional Training Visit,2014-12-09 00:00:00,,,,
995,23,375,Initiation of Trial Overnight Closed-Loop at Home,2014-12-11 00:00:00,,,,
1019,23,393,End of Overnight Closed-Loop at Home,2014-12-29 00:00:00,,,,
1020,23,394,Init. of Trial Day-and-Night Closed-Loop at Home,2014-12-29 00:00:00,,,,
920,24,306,Enrollment,2012-07-27 00:00:00,,,,
922,24,308,Initiation of CGM Run-In,2012-07-27 00:00:00,,,,
956,24,337,End of CGM Run-In,2012-08-17 00:00:00,,,,
957,24,338,Initiation of Pump Run-In,2012-08-17 00:00:00,,,,
973,24,353,End of Pump Run-In,2012-08-31 00:00:00,,,,
974,24,354,Open-loop Transitional Training Visit,2012-08-31 00:00:00,,,,
1055,24,424,End of Day-and-Night Closed-Loop at Home,2012-10-22 00:00:00,,,,
975,24,355,Initiation of Open-Loop Use at Home,2012-08-31 00:00:00,,,,
996,24,376,End of Open-Loop Use at Home,2012-09-09 00:00:00,,,,
997,24,377,Closed-Loop Transitional Training Visit,2012-09-09 00:00:00,,,,
998,24,378,Initiation of Trial Overnight Closed-Loop at Home,2012-09-11 00:00:00,,,,
1021,24,395,End of Overnight Closed-Loop at Home,2012-09-30 00:00:00,,,,
1022,24,396,Init. of Trial Day-and-Night Closed-Loop at Home,2012-09-30 00:00:00,,,,
930,25,315,Enrollment,2014-10-12 00:00:00,,,,
931,25,316,Initiation of CGM Run-In,2014-10-12 00:00:00,,,,
961,25,341,End of CGM Run-In,2014-11-02 00:00:00,,,,
962,25,342,Initiation of Pump Run-In,2014-11-02 00:00:00,,,,
990,25,370,End of Pump Run-In,2014-11-17 00:00:00,,,,
991,25,371,Open-loop Transitional Training Visit,2014-11-17 00:00:00,,,,
1056,25,425,End of Day-and-Night Closed-Loop at Home,2015-01-02 00:00:00,,,,
992,25,372,Initiation of Open-Loop Use at Home,2014-11-17 00:00:00,,,,
1001,25,381,End of Open-Loop Use at Home,2014-11-23 00:00:00,,,,
1002,25,382,Closed-Loop Transitional Training Visit,2014-11-23 00:00:00,,,,
1003,25,383,Initiation of Trial Overnight Closed-Loop at Home,2014-11-25 00:00:00,,,,
1023,25,397,End of Overnight Closed-Loop at Home,2014-12-12 00:00:00,,,,
1024,25,398,Init. of Trial Day-and-Night Closed-Loop at Home,2014-12-12 00:00:00,,,,
662,26,120,Closed-Loop Transitional Training Visit,2013-10-10 00:00:00,,,,
663,26,121,Initiation of Trial Overnight Closed-Loop at Home,2013-10-12 00:00:00,,,,
742,26,187,End of Overnight Closed-Loop at Home,2013-10-31 00:00:00,,,,
743,26,188,Init. of Trial Day-and-Night Closed-Loop at Home,2013-10-31 00:00:00,,,,
826,26,240,End of Day-and-Night Closed-Loop at Home,2013-12-26 00:00:00,,,,
624,26,99,End of Pump Run-In,2013-10-03 00:00:00,,,,
637,26,100,Open-loop Transitional Training Visit,2013-10-03 00:00:00,,,,
638,26,101,Initiation of Open-Loop Use at Home,2013-10-03 00:00:00,,,,
655,26,113,End of Open-Loop Use at Home,2013-10-10 00:00:00,,,,
576,26,62,Enrollment,2013-09-16 00:00:00,,,,
578,26,63,Initiation of CGM Run-In,2013-09-16 00:00:00,,,,
579,26,64,Initiation of Pump Run-In,2013-09-16 00:00:00,,,,
767,27,201,Enrollment,2013-01-17 00:00:00,,,,
768,27,202,Initiation of CGM Run-In,2013-01-17 00:00:00,,,,
769,27,203,Initiation of Pump Run-In,2013-01-17 00:00:00,,,,
791,27,218,End of Pump Run-In,2013-01-31 00:00:00,,,,
795,27,220,Open-loop Transitional Training Visit,2013-01-31 00:00:00,,,,
796,27,221,Initiation of Open-Loop Use at Home,2013-01-31 00:00:00,,,,
828,27,242,End of Open-Loop Use at Home,2013-03-07 00:00:00,,,,
840,27,252,Closed-Loop Transitional Training Visit,2013-03-07 00:00:00,,,,
841,27,253,Initiation of Trial Overnight Closed-Loop at Home,2013-03-08 00:00:00,,,,
863,27,261,End of Overnight Closed-Loop at Home,2013-03-31 00:00:00,,,,
864,27,262,Init. of Trial Day-and-Night Closed-Loop at Home,2013-03-31 00:00:00,,,,
909,27,296,End of Day-and-Night Closed-Loop at Home,2013-04-22 00:00:00,,,,
771,28,204,Enrollment,2013-01-20 00:00:00,,,,
772,28,205,Initiation of CGM Run-In,2013-01-20 00:00:00,,,,
773,28,206,Initiation of Pump Run-In,2013-01-20 00:00:00,,,,
792,28,219,End of Pump Run-In,2013-02-03 00:00:00,,,,
797,28,222,Open-loop Transitional Training Visit,2013-02-03 00:00:00,,,,
798,28,223,Initiation of Open-Loop Use at Home,2013-02-03 00:00:00,,,,
827,28,241,End of Open-Loop Use at Home,2013-03-10 00:00:00,,,,
843,28,254,Closed-Loop Transitional Training Visit,2013-03-10 00:00:00,,,,
844,28,255,Initiation of Trial Overnight Closed-Loop at Home,2013-03-11 00:00:00,,,,
865,28,263,End of Overnight Closed-Loop at Home,2013-04-03 00:00:00,,,,
866,28,264,Init. of Trial Day-and-Night Closed-Loop at Home,2013-04-03 00:00:00,,,,
910,28,297,End of Day-and-Night Closed-Loop at Home,2013-04-25 00:00:00,,,,
960,29,340,End of Day-and-Night Closed-Loop at Home,2013-12-17 00:00:00,,,,
886,29,279,Closed-Loop Transitional Training Visit,2013-10-24 00:00:00,,,,
887,29,280,Initiation of Trial Overnight Closed-Loop at Home,2013-10-26 00:00:00,,,,
927,29,312,End of Overnight Closed-Loop at Home,2013-11-23 00:00:00,,,,
928,29,313,Init. of Trial Day-and-Night Closed-Loop at Home,2013-11-23 00:00:00,,,,
862,29,260,End of Pump Run-In,2013-10-17 00:00:00,,,,
867,29,265,Open-loop Transitional Training Visit,2013-10-17 00:00:00,,,,
868,29,266,Initiation of Open-Loop Use at Home,2013-10-17 00:00:00,,,,
885,29,278,End of Open-Loop Use at Home,2013-10-24 00:00:00,,,,
799,29,224,Enrollment,2013-08-17 00:00:00,,,,
800,29,225,Initiation of CGM Run-In,2013-08-17 00:00:00,,,,
801,29,226,Initiation of Pump Run-In,2013-08-17 00:00:00,,,,
802,30,227,Enrollment,2012-10-08 00:00:00,,,,
803,30,228,Initiation of CGM Run-In,2012-10-08 00:00:00,,,,
804,30,229,Initiation of Pump Run-In,2012-10-08 00:00:00,,,,
870,30,268,End of Pump Run-In,2012-12-03 00:00:00,,,,
871,30,269,Open-loop Transitional Training Visit,2012-12-03 00:00:00,,,,
872,30,270,Initiation of Open-Loop Use at Home,2012-12-03 00:00:00,,,,
889,30,281,End of Open-Loop Use at Home,2012-12-10 00:00:00,,,,
890,30,282,Closed-Loop Transitional Training Visit,2012-12-10 00:00:00,,,,
891,30,283,Initiation of Trial Overnight Closed-Loop at Home,2012-12-12 00:00:00,,,,
918,30,304,End of Overnight Closed-Loop at Home,2013-01-02 00:00:00,,,,
919,30,305,Init. of Trial Day-and-Night Closed-Loop at Home,2013-01-02 00:00:00,,,,
947,30,329,End of Day-and-Night Closed-Loop at Home,2013-01-21 00:00:00,,,,