author_id,name,email,investigator_id,study_id
AUTH-013,Alessandro Bisio,alessandro_bisio_029@example.com,INV-029,DSS1
AUTH-002,Stacey Anderson,stacey_m_anderson_002@example.com,INV-002,DSS1
AUTH-014,Lisa Norlander,lisa_norlander_030@example.com,INV-030,DSS1
AUTH-015,Grenye O Malley,grenye_o_malley_031@example.com,INV-031,DSS1
AUTH-016,Jessica Robic,jessica_robic_032@example.com,INV-032,DSS1
AUTH-017,Selassie Ogyaadu,selassie_ogyaadu_033@example.com,INV-033,DSS1
AUTH-018,Liana Hsu,liana_hsu_034@example.com,INV-034,DSS1
AUTH-019,Camilla Levister,camilla_levister_035@example.com,INV-035,DSS1
AUTH-020,Laya Ekhlaspour,laya_ekhlaspour_015@example.com,INV-015,DSS1
AUTH-021,David W. Lam,david_w_lam_018@example.com,INV-018,DSS1
AUTH-022,Carol Levy,carol_levy_006@example.com,INV-006,DSS1
AUTH-023,Bruce Buckingham,bruce_buckingham_009@example.com,INV-009,DSS1
AUTH-008,Marc D. Breton,marc_d_breton_024@example.com,INV-024,DSS1
