study_id,study_name,start_date,end_date,treatment_modalities,funding_source,nct_number,study_description
DSS1,"Impact of a Novel Diabetes
Support System on a Cohort of
Individuals With Type 1 Diabetes
Treated With Multiple Daily
Injections: A Multicenter
Randomized Study",2017-06-16,2019-03-12,,"National Institutes of Health
National Institute of Diabetes and Digestive
and Kidney Diseases (R01DK051562 and
DP3DK101055), Dexcom, Novo Nordisk, and TypeZero Technologies.",NCT03093636,"Achieving optimal glycemic control for many individuals with type 1 diabetes
(T1D) remains challenging even with the advent of newer management tools
including continuous glucose monitoring (CGM). Modern management of T1D
generates a wealth of data .however use of these data to optimize glycemic
control remains limited. We evaluated the impact of a CGM-based decision
support system (DSS) in patients with T1D using multiple daily injections
(MDI)."
