study_id,study_name,start_date,end_date,treatment_modalities,funding_source,nct_number,study_description,tenant_id
DCLP3,"Six-Month Randomized Multicenter Trial of Closed-Loop,UVA001
Control in Type 1 Diabetes",2016-10-14,2019-04-09,,"National Institute of Diabetes,UVA001
and Digestive and Kidney Diseases and National Institutes of Health,UVA001
(UC4 108483),Tandem Diabetes Care,Dexcom,Roche Diagnostics",NCT03563313,"In this 6-month randomized multicenter trial patients with type 1 diabetes were assigned in a 2:1 ratio to receive treatment with a closed-loop system (closed-loop group),UVA001
or a sensor-augmented pump (control group). The primary outcome was the percentage,UVA001
of time that the blood glucose level was within the target range of 70 to 180 mg per,UVA001
deciliter (3.9 to 10.0 mmol per liter) as measured by continuous glucose monitoring.",UVA001