study_id,study_name,start_date,end_date,treatment_modalities,funding_source,nct_number,study_description,tenant_id
DCLP1,"Randomized Controlled Trial of,UVA001
Mobile Closed-Loop Control",2017-11-01,2018-05-01,,"National Institute of Diabetes and,UVA001
Digestive and Kidney Diseases (NIDDK) grant,UVA001
UC4-DK-108483.",NCT02985866,"This protocol NCT02985866 is a 3-month parallel group multicenter randomized,UVA001
unblinded trial designed to comparemobile CLC with sensor augmented pump (SAP),UVA001
therapy. Eligibility criteria were type 1 diabetes for at least 1 year use of insulin,UVA001
pumps for at least 6 months age 14 years and baseline HbA1c <10.5% (91,UVA001
mmol/mol). The study was designed to assess two coprimary outcomes: superiority,UVA001
of CLC over SAP in continuous glucose monitor (CGM) measured time below,UVA001
3.9 mmol/L and noninferiority in CGM-measured time above 10 mmol/L.",UVA001