investigator_id,investigator_name,email,institution_id,study_id,tenant_id
INV-029,Alessandro Bisio,alessandro_bisio_029@example.com,INST-001,DSS1,UVA001
INV-002,Stacey Anderson,stacey_m_anderson_002@example.com,INST-001,DSS1,UVA001
INV-030,Lisa Norlander,lisa_norlander_030@example.com,INST-001,DSS1,UVA001
INV-031,Grenye O Malley,grenye_o_malley_031@example.com,INST-001,DSS1,UVA001
INV-032,Jessica Robic,jessica_robic_032@example.com,INST-001,DSS1,UVA001
INV-033,Selassie Ogyaadu,selassie_ogyaadu_033@example.com,INST-001,DSS1,UVA001
INV-034,Liana Hsu,liana_hsu_034@example.com,INST-001,DSS1,UVA001
INV-035,Camilla Levister,camilla_levister_035@example.com,INST-001,DSS1,UVA001
INV-015,Laya Ekhlaspour,laya_ekhlaspour_015@example.com,INST-001,DSS1,UVA001
INV-018,David W. Lam,david_w_lam_018@example.com,INST-001,DSS1,UVA001
INV-006,Carol Levy,carol_levy_006@example.com,INST-001,DSS1,UVA001
INV-009,Bruce Buckingham,bruce_buckingham_009@example.com,INST-001,DSS1,UVA001
INV-024,Marc D. Breton,marc_d_breton_024@example.com,INST-001,DSS1,UVA001