study_id,study_name,start_date,end_date,treatment_modalities,funding_source,nct_number,study_description,tenant_id
DSS1,"Impact of a Novel Diabetes,UVA001
Support System on a Cohort of,UVA001
Individuals With Type 1 Diabetes,UVA001
Treated With Multiple Daily,UVA001
Injections: A Multicenter,UVA001
Randomized Study",2017-06-16,2019-03-12,,"National Institutes of Health,UVA001
National Institute of Diabetes and Digestive,UVA001
and Kidney Diseases (R01DK051562 and,UVA001
DP3DK101055), Dexcom, Novo Nordisk, and TypeZero Technologies.",NCT03093636,"Achieving optimal glycemic control for many individuals with type 1 diabetes,UVA001
(T1D) remains challenging even with the advent of newer management tools,UVA001
including continuous glucose monitoring (CGM). Modern management of T1D,UVA001
generates a wealth of data .however use of these data to optimize glycemic,UVA001
control remains limited. We evaluated the impact of a CGM-based decision,UVA001
support system (DSS) in patients with T1D using multiple daily injections,UVA001
(MDI).",UVA001