author_id,name,email,investigator_id,study_id,tenant_id
AUTH-001,Stacey M Anderson,stacey_m_anderson_1@example.com,INV-003,CTR3,CTR001
AUTH-002,Dan Raghinaru,dan_raghinaru_2@example.com,,CTR3,CTR001
AUTH-003,Jordan E Pinsker,jordan_e_pinsker_3@example.com,,CTR3,CTR001
AUTH-004,Federico Boscari,federico_boscari_4@example.com,,CTR3,CTR001
AUTH-005,Eric Renard,eric_renard_5@example.com,INV-004,CTR3,CTR001
AUTH-006,Bruce A Buckingham,bruce_a_buckingham_6@example.com,INV-006,CTR3,CTR001
AUTH-007,Revital Nimri,revital_nimri_7@example.com,,CTR3,CTR001
AUTH-008,Francis J Doyle III,francis_j_doyle_8@example.com,INV-007,CTR3,CTR001
AUTH-009,Sue A Brown,sue_a_brown_1@example.com,,CTR3,CTR001
AUTH-010,Patrick Keith-Hynes,patrick_keith_hynes_9@example.com,,CTR3,CTR001
AUTH-011,Marc D Breton,marc_d_breton_1@example.com,,CTR3,CTR001
AUTH-012,Daniel Chernavvsky,daniel_chernavvsky_1@example.com,,CTR3,CTR001
AUTH-013,Wendy C Bevier,wendy_c_bevier_3@example.com,,CTR3,CTR001
AUTH-014,Paige K Bradley,paige_k_bradley_3@example.com,,CTR3,CTR001
AUTH-015,Daniela Bruttomesso,daniela_bruttomesso_4@example.com,,CTR3,CTR001
AUTH-016,Simone Del Favero,simone_del_favero_4@example.com,,CTR3,CTR001
AUTH-017,Roberta Calore,roberta_calore_4@example.com,,CTR3,CTR001
AUTH-018,Claudio Cobelli,claudio_cobelli_18@example.com,INV-005,CTR3,CTR001
AUTH-019,Angelo Avogaro,angelo_avogaro_19@example.com,,CTR3,CTR001
AUTH-020,Anne Farret,anne_farret_5@example.com,,CTR3,CTR001
AUTH-021,Jerome Place,jerome_place_5@example.com,,CTR3,CTR001
AUTH-022,Trang T Ly,trang_t_ly_6@example.com,,CTR3,CTR001
AUTH-023,Satya Shanmugham,satya_shanmugham_6@example.com,,CTR3,CTR001
AUTH-024,Moshe Phillip,moshe_phillip_7@example.com,INV-008,CTR3,CTR001
AUTH-025,Eyal Dassau,eyal_dassau_8@example.com,,CTR3,CTR001
AUTH-026,Isuru S Dasanayake,isuru_s_dasanayake_10@example.com,,CTR3,CTR001
AUTH-027,Craig Kollman,craig_kollman_2@example.com,,CTR3,CTR001
AUTH-028,John W Lum,john_w_lum_2@example.com,,CTR3,CTR001
AUTH-029,Roy W Beck,roy_w_beck_11@example.com,INV-001,CTR3,CTR001
AUTH-030,Boris Kovatchev,boris_kovatchev_1@example.com,INV-002,CTR3,CTR001