ParentLoginVisitID,DeidentID,RecID,DexComSuccess,ScreeningSuccess,PreExistMedCond,ConComMed,SevHypo,SevHyper,AdverseEvent
459,1,3,1,1,No,No,No,No,No
444,2,1,1,1,No,No,No,No,No
445,3,2,1,1,No,No,No,No,No
464,4,4,1,1,No,No,No,No,No
563,11,5,1,1,No,No,No,No,No
616,12,6,1,1,No,No,No,No,No
658,16,8,1,1,No,No,No,No,No
656,17,7,1,1,No,No,No,No,No
660,18,9,1,1,No,No,No,No,No
951,21,10,1,1,No,No,No,No,No
953,22,11,1,1,No,No,No,No,No
955,23,12,1,1,No,No,No,No,No
956,24,13,1,1,No,No,No,No,No
961,25,14,1,1,No,No,No,No,No