ParentLoginVisitID,DeidentID,RecID,CollectionDate,Category,LostSymptoms,ModerateHypo,SevereHypo,HypoWithSymptoms,HypoWithoutSymptoms,HowLowForSymptoms,CanTellBySymptoms
,1,1,2013-09-29 00:00:00,Always,No(A),Never(A),Never(A),1 time/week,Never,60-69 mg/dl (A),Always (A)
,1,30,2014-05-22 00:00:00,Always,No(A),Never(A),Never(A),1 to 3 times,Never,60-69 mg/dl (A),Always (A)
,2,2,2013-08-26 00:00:00,Always,No(A),Never(A),Never(A),2 to 3 times/week,Never,60-69 mg/dl (A),Always (A)
,2,31,2014-04-07 00:00:00,Always,No(A),Never(A),Never(A),1 time/week,Never,50-59 mg/dl (A),Often (A)
,2,66,2014-10-23 00:00:00,Always,No(A),Never(A),Never(A),1 to 3 times,1 to 3 times,60-69 mg/dl (A),Often (A)
,3,4,2014-04-27 00:00:00,Always,Yes(R),Never(A),Never(A),Almost daily,1 to 3 times,50-59 mg/dl (A),Always (A)
,3,32,2014-12-16 00:00:00,Sometimes,No(A),More than once a month (R),Never(A),4 to 5 times/week,2 to 3 times/week,50-59 mg/dl (A),Often (A)
,3,67,2015-06-24 00:00:00,Always,No(A),Once or twice(R),Never(A),2 to 3 times/week,Never,60-69 mg/dl (A),Always (A)
,4,3,2012-03-22 00:00:00,Always,No(A),Never(A),Never(A),2 to 3 times/week,Never,60-69 mg/dl (A),Often (A)
,4,33,2012-11-03 00:00:00,Always,Yes(R),Never(A),Never(A),1 to 3 times,Never,50-59 mg/dl (A),Often (A)
,4,68,2013-05-19 00:00:00,Always,Yes(R),Never(A),Never(A),Almost daily,Never,60-69 mg/dl (A),Often (A)
,5,5,2013-12-12 00:00:00,Always,No(A),Once a month (R),Never(A),1 to 3 times,Never,60-69 mg/dl (A),Always (A)
,5,34,2014-06-25 00:00:00,Sometimes,No(A),Never(A),Never(A),1 to 3 times,Never,60-69 mg/dl (A),Often (A)
,5,70,2015-01-14 00:00:00,Always,No(A),Once or twice(R),Never(A),1 to 3 times,Never,60-69 mg/dl (A),Often (A)
,6,11,2014-03-26 00:00:00,Always,No(A),Never(A),Never(A),4 to 5 times/week,Never,60-69 mg/dl (A),Always (A)
,6,48,2014-08-10 00:00:00,Always,No(A),Never(A),Never(A),4 to 5 times/week,Never,60-69 mg/dl (A),Always (A)
,6,71,2015-02-07 00:00:00,Always,No(A),Once or twice(R),Never(A),4 to 5 times/week,Never,60-69 mg/dl (A),Always (A)
,7,15,2014-09-09 00:00:00,Always,No(A),Never(A),Never(A),1 to 3 times,Never,60-69 mg/dl (A),Always (A)
,7,49,2015-01-29 00:00:00,Always,No(A),Never(A),Never(A),1 time/week,Never,60-69 mg/dl (A),Always (A)
,7,72,2015-08-08 00:00:00,Always,No(A),Never(A),Never(A),2 to 3 times/week,Never,60-69 mg/dl (A),Often (A)
,8,13,2014-02-23 00:00:00,Always,No(A),Never(A),Never(A),2 to 3 times/week,Never,60-69 mg/dl (A),Always (A)
,8,50,2014-08-10 00:00:00,Always,No(A),Never(A),Never(A),1 to 3 times,Never,60-69 mg/dl (A),Always (A)
,8,73,2015-01-31 00:00:00,Always,No(A),Never(A),Never(A),1 time/week,Never,60-69 mg/dl (A),Always (A)
,9,12,2014-10-11 00:00:00,Sometimes,No(A),Never(A),Never(A),Almost daily,1 to 3 times,60-69 mg/dl (A),Often (A)
,9,63,2015-06-13 00:00:00,Always,No(A),Never(A),Never(A),Almost daily,Never,60-69 mg/dl (A),Always (A)
,10,14,2012-08-02 00:00:00,Always,No(A),Never(A),Never(A),1 time/week,Never,60-69 mg/dl (A),Always (A)
,10,51,2013-01-07 00:00:00,Always,No(A),Never(A),Never(A),4 to 5 times/week,Never,60-69 mg/dl (A),Sometimes (R)
,10,74,2013-07-08 00:00:00,Sometimes,No(A),Never(A),Never(A),4 to 5 times/week,1 to 3 times,60-69 mg/dl (A),Often (A)
,11,8,2012-06-02 00:00:00,Always,No(A),Never(A),Never(A),1 time/week,Never,60-69 mg/dl (A),Always (A)
,11,64,2013-05-21 00:00:00,Always,Yes(R),Never(A),Never(A),2 to 3 times/week,Never,60-69 mg/dl (A),Often (A)
,12,9,2013-06-03 00:00:00,Always,No(A),Never(A),Never(A),1 time/week,Never,60-69 mg/dl (A),Always (A)
,12,45,2013-12-03 00:00:00,Always,No(A),Once or twice(R),Never(A),1 to 3 times,Never,60-69 mg/dl (A),Always (A)
,13,16,2012-03-05 00:00:00,Always,No(A),Once or twice(R),Never(A),4 to 5 times/week,Never,60-69 mg/dl (A),Always (A)
,13,53,2012-08-30 00:00:00,Always,No(A),Every other month(R),Never(A),2 to 3 times/week,Never,60-69 mg/dl (A),Always (A)
,13,65,2013-01-22 00:00:00,Always,No(A),Never(A),Never(A),Almost daily,Almost daily,60-69 mg/dl (A),Always (A)
,14,18,2013-07-27 00:00:00,Always,No(A),Never(A),Never(A),4 to 5 times/week,Never,60-69 mg/dl (A),Often (A)
,14,57,2014-03-01 00:00:00,Always,Yes(R),Never(A),Never(A),Almost daily,Never,60-69 mg/dl (A),Always (A)
,14,75,2014-07-24 00:00:00,Always,Yes(R),Once or twice(R),Never(A),4 to 5 times/week,1 to 3 times,60-69 mg/dl (A),Often (A)
,15,19,2012-03-14 00:00:00,Always,No(A),Never(A),Never(A),4 to 5 times/week,Never,60-69 mg/dl (A),Often (A)
,15,35,2012-08-15 00:00:00,Always,No(A),Never(A),Never(A),4 to 5 times/week,Never,60-69 mg/dl (A),Often (A)
,16,6,2012-04-05 00:00:00,Always,No(A),Never(A),Never(A),1 to 3 times,Never,60-69 mg/dl (A),Always (A)
,16,36,2012-09-11 00:00:00,Always,No(A),Never(A),Never(A),Never,Never,60-69 mg/dl (A),Always (A)
,17,7,2013-06-02 00:00:00,Sometimes,No(A),Never(A),Never(A),1 time/week,1 to 3 times,50-59 mg/dl (A),Often (A)
,17,28,2013-10-28 00:00:00,Always,No(A),Never(A),Never(A),2 to 3 times/week,Never,60-69 mg/dl (A),Always (A)
,17,76,2014-06-27 00:00:00,Always,No(A),Never(A),Never(A),1 time/week,Never,60-69 mg/dl (A),Always (A)
,18,10,2012-10-01 00:00:00,Always,No(A),Never(A),Never(A),Never,Never,60-69 mg/dl (A),Always (A)
,18,27,2013-03-02 00:00:00,Always,No(A),Never(A),Never(A),1 to 3 times,Never,60-69 mg/dl (A),Always (A)
,19,20,2014-07-06 00:00:00,Always,No(A),Never(A),Never(A),1 time/week,Never,60-69 mg/dl (A),Always (A)
,19,29,2014-10-26 00:00:00,Always,No(A),Never(A),Never(A),2 to 3 times/week,Never,60-69 mg/dl (A),Always (A)
,20,21,2013-07-18 00:00:00,Always,No(A),Never(A),Never(A),1 to 3 times,Never,60-69 mg/dl (A),Often (A)
,20,37,2013-11-18 00:00:00,Sometimes,No(A),Never(A),Never(A),1 time/week,Never,50-59 mg/dl (A),Sometimes (R)
,21,41,2014-04-26 00:00:00,Always,No(A),Never(A),Never(A),Almost daily,1 to 3 times,60-69 mg/dl (A),Often (A)
,21,58,2014-07-21 00:00:00,Sometimes,Yes(R),Never(A),Never(A),Almost daily,Never,60-69 mg/dl (A),Always (A)
,22,42,2014-12-13 00:00:00,Always,No(A),Never(A),Never(A),2 to 3 times/week,Never,60-69 mg/dl (A),Always (A)
,22,61,2015-03-10 00:00:00,Always,No(A),Never(A),Never(A),2 to 3 times/week,Never,60-69 mg/dl (A),Often (A)
,23,43,2014-10-26 00:00:00,Always,No(A),Never(A),Never(A),2 to 3 times/week,Never,60-69 mg/dl (A),Always (A)
,23,62,2015-01-19 00:00:00,Sometimes,Yes(R),More than once a month (R),Never(A),4 to 5 times/week,1 to 3 times,50-59 mg/dl (A),Often (A)
,24,44,2012-07-27 00:00:00,Always,No(A),Never(A),Never(A),2 to 3 times/week,Never,60-69 mg/dl (A),Always (A)
,24,59,2012-10-22 00:00:00,Always,No(A),Never(A),Never(A),2 to 3 times/week,Never,60-69 mg/dl (A),Always (A)
,25,46,2014-10-12 00:00:00,Always,No(A),Never(A),Never(A),1 time/week,Never,60-69 mg/dl (A),Always (A)
,25,60,2015-01-02 00:00:00,Always,No(A),Never(A),Never(A),1 to 3 times,Never,60-69 mg/dl (A),Often (A)
,26,17,2013-09-16 00:00:00,Always,No(A),More than once a month (R),Never(A),1 time/week,1 time/week,60-69 mg/dl (A),Always (A)
,26,26,2013-12-29 00:00:00,Always,Yes(R),More than once a month (R),Never(A),2 to 3 times/week,2 to 3 times/week,50-59 mg/dl (A),Always (A)
,27,22,2013-01-17 00:00:00,Always,No(A),More than once a month (R),Never(A),4 to 5 times/week,Never,60-69 mg/dl (A),Always (A)
,27,40,2013-04-22 00:00:00,Always,No(A),Never(A),Never(A),2 to 3 times/week,Never,60-69 mg/dl (A),Always (A)
,28,23,2013-01-20 00:00:00,Sometimes,No(A),More than once a month (R),Never(A),4 to 5 times/week,1 time/week,50-59 mg/dl (A),Often (A)
,28,38,2013-04-25 00:00:00,Always,No(A),Never(A),Never(A),4 to 5 times/week,Never,50-59 mg/dl (A),Often (A)
,29,24,2013-08-17 00:00:00,Always,No(A),Never(A),Never(A),2 to 3 times/week,Never,60-69 mg/dl (A),Always (A)
,29,52,2013-12-17 00:00:00,Always,Yes(R),Never(A),Never(A),1 to 3 times,1 to 3 times,60-69 mg/dl (A),Always (A)
,30,25,2012-10-08 00:00:00,Sometimes,No(A),Never(A),Never(A),Almost daily,4 to 5 times/week,60-69 mg/dl (A),Often (A)
,30,47,2013-01-21 00:00:00,Always,No(A),Never(A),Never(A),2 to 3 times/week,Never,60-69 mg/dl (A),Often (A)