ParentLoginVisitID,DeidentID,RecID,PhCallDt,PrsnSpk,SystemUsed80Pct,SystemProblems,MeterHighOrLow,SystemUseSuccess,SevHypo,SevHyper,AdverseEvent,NonPContType
,1,1,2014-01-22 00:00:00,Subject,Yes,No,No,Yes,No,No,No,Phone
,1,5,2014-01-23 00:00:00,Subject,Yes,No,No,Yes,No,No,No,Phone
,1,11,2014-01-24 00:00:00,Subject,Yes,No,No,Yes,No,No,No,Phone
,1,13,2014-01-25 00:00:00,Subject,N/A,Yes,No,Yes,No,No,No,Email
,1,17,2014-01-26 00:00:00,Subject,N/A,Yes,No,Yes,No,No,No,Email
,1,21,2014-01-27 00:00:00,Subject,N/A,No,No,Yes,No,No,No,Email
,1,73,2014-02-14 00:00:00,Subject,N/A,No,No,Yes,No,No,Yes,Text
,1,82,2014-02-23 00:00:00,Subject,N/A,No,No,Yes,No,No,No,Phone
,1,83,2014-02-24 00:00:00,Subject,N/A,No,No,Yes,No,No,No,Text
,1,84,2014-02-25 00:00:00,Subject,N/A,No,No,Yes,No,No,No,Text
,1,85,2014-02-26 00:00:00,Subject,N/A,No,No,Yes,No,No,No,Text
,1,25,2014-01-28 00:00:00,Subject,N/A,No,No,Yes,No,No,No,Email
,1,26,2014-01-29 00:00:00,Subject,N/A,No,No,Yes,No,No,No,Email
,1,34,2014-01-30 00:00:00,Other,N/A,No,No,Yes,No,No,No,Phone
,1,65,2014-02-11 00:00:00,Subject,N/A,No,No,Yes,No,No,No,Text
,1,68,2014-02-12 00:00:00,Subject,N/A,No,No,Yes,No,No,No,Email
,1,70,2014-02-13 00:00:00,Subject,N/A,No,No,Yes,No,No,No,Text
,2,2,2013-12-15 00:00:00,Subject,Yes,No,No,Yes,No,No,No,Phone
,2,6,2013-12-16 00:00:00,Subject,Yes,No,No,Yes,No,No,No,Phone
,2,9,2013-12-17 00:00:00,Subject,Yes,No,No,Yes,No,No,No,Phone
,2,14,2013-12-18 00:00:00,Subject,N/A,No,No,Yes,No,No,No,Email
,2,18,2013-12-19 00:00:00,Subject,N/A,Yes,No,Yes,No,No,No,Phone
,2,22,2013-12-20 00:00:00,Subject,N/A,No,No,Yes,No,No,No,Email
,2,52,2013-12-28 00:00:00,Subject,N/A,No,No,Yes,No,No,No,Email
,2,58,2013-12-22 00:00:00,Subject,N/A,No,No,Yes,No,No,No,Phone
,2,59,2013-12-29 00:00:00,Subject,N/A,No,No,Yes,No,No,No,Email
,2,62,2013-12-30 00:00:00,Subject,N/A,No,No,Yes,No,No,No,Email
,2,66,2013-12-31 00:00:00,Subject,N/A,No,No,Yes,No,No,No,Text
,2,27,2013-12-21 00:00:00,Subject,N/A,No,No,Yes,No,No,No,Email
,2,35,2013-12-23 00:00:00,Subject,N/A,No,No,Yes,No,No,No,Email
,2,39,2013-12-24 00:00:00,Subject,N/A,No,No,Yes,No,No,No,Email
,2,43,2013-12-25 00:00:00,Subject,N/A,No,No,Yes,No,No,No,Phone
,2,47,2013-12-26 00:00:00,Subject,N/A,No,No,Yes,No,No,No,Email
,2,51,2013-12-27 00:00:00,Subject,N/A,No,No,Yes,No,No,No,Email
,3,28,2014-08-22 00:00:00,Subject,Yes,No,No,Yes,No,No,No,Phone
,3,29,2014-08-23 00:00:00,Subject,Yes,No,No,Yes,No,No,No,Phone
,3,36,2014-08-24 00:00:00,Subject,Yes,No,No,Yes,No,No,No,Phone
,3,40,2014-08-25 00:00:00,Subject,N/A,No,No,Yes,No,No,No,Email
,3,44,2014-08-26 00:00:00,Subject,N/A,No,No,Yes,No,No,No,Phone
,3,48,2014-08-27 00:00:00,Subject,N/A,No,No,Yes,No,No,No,Email
,3,72,2014-09-08 00:00:00,Subject,N/A,No,No,Yes,No,No,No,Text
,3,74,2014-09-09 00:00:00,Subject,N/A,No,No,Yes,No,No,No,Text
,3,76,2014-09-10 00:00:00,Subject,N/A,No,No,Yes,No,No,No,Text
,3,77,2014-09-12 00:00:00,Subject,N/A,No,No,Yes,No,No,No,Text
,3,80,2014-09-11 00:00:00,Subject,N/A,No,No,Yes,No,No,No,Text
,3,53,2014-08-28 00:00:00,Subject,N/A,No,No,Yes,No,No,No,Email
,3,54,2014-08-29 00:00:00,Subject,N/A,No,No,Yes,No,No,No,Email
,3,60,2014-08-30 00:00:00,Subject,N/A,No,No,Yes,No,No,No,Email
,3,63,2014-08-31 00:00:00,Subject,N/A,No,No,Yes,No,No,No,Phone
,3,69,2014-09-06 00:00:00,Subject,N/A,No,Yes,Yes,No,No,No,Text
,3,71,2014-09-07 00:00:00,Subject,N/A,No,No,Yes,No,No,No,Text
,4,3,2012-07-11 00:00:00,Subject,Yes,No,No,Yes,No,No,No,Phone
,4,7,2012-07-12 00:00:00,Subject,Yes,No,No,Yes,No,No,No,Phone
,4,12,2012-07-13 00:00:00,Subject,Yes,No,Yes,Yes,No,No,No,Phone
,4,15,2012-07-14 00:00:00,Subject,N/A,No,No,Yes,No,No,No,Phone
,4,19,2012-07-15 00:00:00,Subject,N/A,No,No,Yes,No,No,No,Phone
,4,23,2012-07-16 00:00:00,Subject,N/A,No,No,Yes,No,No,No,Email
,4,55,2012-07-23 00:00:00,Subject,N/A,No,No,Yes,No,No,Yes,Phone
,4,78,2012-08-05 00:00:00,Subject,N/A,No,No,Yes,No,No,No,Text
,4,79,2012-08-07 00:00:00,Subject,N/A,No,No,Yes,No,No,No,Text
,4,81,2012-08-06 00:00:00,Subject,N/A,No,No,Yes,No,No,No,Text
,4,30,2012-07-17 00:00:00,Subject,N/A,No,No,Yes,No,No,No,Email
,4,31,2012-07-18 00:00:00,Subject,N/A,No,No,Yes,No,No,No,Email
,4,37,2012-07-19 00:00:00,Subject,N/A,No,No,Yes,No,No,No,Email
,4,41,2012-07-20 00:00:00,Subject,N/A,No,No,Yes,No,No,No,Email
,4,45,2012-07-21 00:00:00,Subject,N/A,No,No,Yes,No,No,No,Email
,4,49,2012-07-22 00:00:00,Subject,N/A,No,No,Yes,No,No,No,Email
,5,4,2014-03-01 00:00:00,Subject,Yes,No,No,Yes,No,No,No,Phone
,5,8,2014-03-02 00:00:00,Subject,Yes,No,No,Yes,No,No,No,Phone
,5,10,2014-03-03 00:00:00,Subject,Yes,No,No,Yes,No,No,No,Phone
,5,16,2014-03-04 00:00:00,Subject,N/A,No,No,Yes,No,No,No,Phone
,5,20,2014-03-05 00:00:00,Subject,N/A,No,No,Yes,No,No,No,Phone
,5,24,2014-03-06 00:00:00,Subject,N/A,No,No,Yes,No,No,No,Text
,5,56,2014-03-13 00:00:00,Subject,N/A,No,No,Yes,No,No,No,Email
,5,57,2014-03-14 00:00:00,Subject,N/A,Yes,No,No,No,No,No,Email
,5,61,2014-03-15 00:00:00,Subject,N/A,No,No,Yes,No,No,No,Email
,5,64,2014-03-16 00:00:00,Subject,N/A,No,No,Yes,No,No,No,Email
,5,67,2014-03-17 00:00:00,Subject,N/A,No,No,Yes,No,No,No,Text
,5,32,2014-03-07 00:00:00,Subject,N/A,No,No,Yes,No,No,No,Email
,5,33,2014-03-08 00:00:00,Subject,N/A,No,No,Yes,No,No,No,Email
,5,38,2014-03-09 00:00:00,Subject,N/A,No,No,Yes,No,No,No,Email
,5,42,2014-03-10 00:00:00,Subject,N/A,No,No,Yes,No,No,No,Email
,5,46,2014-03-11 00:00:00,Subject,N/A,No,No,Yes,No,No,No,Email
,5,50,2014-03-12 00:00:00,Subject,N/A,No,No,Yes,No,No,No,Email
,6,111,2014-05-23 00:00:00,Subject,No,No,No,No,No,No,No,Phone
,6,112,2014-05-24 00:00:00,Subject,Yes,No,No,Yes,No,No,No,Text
,6,113,2014-05-25 00:00:00,Subject,Yes,No,No,Yes,No,No,No,Phone
,6,126,2014-05-22 00:00:00,Subject,No,Yes,No,No,No,No,No,Phone
,6,138,2014-05-26 00:00:00,Subject,Yes,No,No,Yes,No,No,No,Phone
,6,244,2014-07-21 00:00:00,Subject,N/A,No,No,Yes,No,No,No,Text
,6,321,2014-08-05 00:00:00,Subject,N/A,No,No,Yes,No,No,No,Text
,6,452,2014-08-02 00:00:00,Subject,N/A,No,No,Yes,No,No,No,Text
,6,453,2014-08-03 00:00:00,Subject,N/A,No,No,Yes,No,No,No,Text
,6,315,2014-07-23 00:00:00,Subject,N/A,No,No,Yes,No,No,No,Text
,6,316,2014-07-26 00:00:00,Subject,N/A,No,No,Yes,No,No,No,Text
,6,317,2014-07-27 00:00:00,Subject,N/A,Yes,No,Yes,No,No,No,Text
,6,318,2014-07-29 00:00:00,Subject,Yes,No,No,Yes,No,No,No,Text
,6,319,2014-07-30 00:00:00,Subject,N/A,No,No,Yes,No,No,No,Email
,6,320,2014-08-04 00:00:00,Subject,N/A,No,No,Yes,No,No,No,Text
,6,263,2014-07-25 00:00:00,Subject,N/A,No,No,Yes,No,No,No,Text
,6,264,2014-07-27 00:00:00,Subject,N/A,No,No,Yes,No,No,No,Text
,6,265,2014-07-28 00:00:00,Subject,N/A,No,No,Yes,No,No,No,Text
,6,266,2014-07-31 00:00:00,Subject,N/A,Yes,No,Yes,No,No,No,Text
,6,267,2014-08-01 00:00:00,Subject,N/A,No,No,Yes,No,No,No,Text
,6,314,2014-07-22 00:00:00,Subject,N/A,Yes,No,Yes,No,No,No,Phone
,7,127,2014-11-02 00:00:00,Subject,Yes,Yes,No,Yes,No,No,No,Phone
,7,128,2014-11-03 00:00:00,Subject,No,Yes,No,No,No,No,No,Phone
,7,129,2014-11-01 00:00:00,Subject,No,No,No,No,No,No,No,Phone
,7,130,2014-11-04 00:00:00,Subject,Yes,Yes,No,Yes,No,No,No,Text
,7,131,2014-11-05 00:00:00,Subject,Yes,No,No,Yes,No,No,No,Text
,7,132,2014-11-06 00:00:00,Subject,N/A,Yes,No,Yes,No,No,No,Text
,7,338,2015-01-17 00:00:00,Subject,N/A,No,No,Yes,No,No,No,Text
,7,454,2015-01-11 00:00:00,Subject,N/A,No,No,Yes,No,No,No,Text
,7,332,2015-01-08 00:00:00,Subject,N/A,Yes,No,Yes,No,No,No,Text
,7,333,2015-01-10 00:00:00,Subject,N/A,No,No,Yes,No,No,No,Text
,7,334,2015-01-12 00:00:00,Subject,N/A,No,No,Yes,No,No,No,Text
,7,335,2015-01-13 00:00:00,Subject,N/A,No,No,Yes,No,No,No,Text
,7,336,2015-01-15 00:00:00,Subject,N/A,Yes,No,Yes,No,No,No,Email
,7,337,2015-01-16 00:00:00,Subject,N/A,Yes,No,No,No,No,No,Text
,7,133,2014-11-09 00:00:00,Subject,N/A,No,No,Yes,No,No,No,Text
,7,134,2014-11-10 00:00:00,Subject,N/A,No,No,Yes,No,No,No,Text
,7,135,2014-11-07 00:00:00,Subject,N/A,No,No,Yes,No,No,No,Text
,7,136,2014-11-08 00:00:00,Subject,N/A,No,No,Yes,No,No,No,Text
,7,137,2014-11-11 00:00:00,Subject,Yes,No,No,Yes,No,No,No,Text
,7,331,2015-01-07 00:00:00,Subject,N/A,Yes,No,Yes,No,No,No,Text
,8,363,2014-07-22 00:00:00,Subject,Yes,No,No,Yes,No,No,No,Phone
,8,379,2014-07-25 00:00:00,Subject,N/A,No,No,Yes,No,No,No,Text
,8,380,2014-07-26 00:00:00,Subject,N/A,No,No,Yes,No,No,No,Text
,8,381,2014-07-29 00:00:00,Subject,N/A,No,No,Yes,No,No,No,Text
,8,382,2014-07-30 00:00:00,Subject,N/A,No,No,Yes,No,No,No,Text
,8,391,2014-07-31 00:00:00,Subject,N/A,No,No,Yes,No,No,No,Text
,8,449,2014-08-04 00:00:00,Subject,N/A,No,No,Yes,No,No,No,Text
,8,450,2014-07-27 00:00:00,Subject,N/A,No,No,Yes,No,No,No,Text
,8,451,2014-08-07 00:00:00,Subject,N/A,No,No,Yes,No,No,No,Text
,8,392,2014-08-01 00:00:00,Subject,N/A,No,No,Yes,No,No,No,Text
,8,393,2014-08-02 00:00:00,Subject,N/A,No,No,Yes,No,No,No,Text
,8,394,2014-08-03 00:00:00,Subject,N/A,No,No,Yes,No,No,No,Text
,8,395,2014-08-05 00:00:00,Subject,N/A,No,No,Yes,No,No,No,Text
,8,396,2014-08-06 00:00:00,Subject,N/A,No,No,Yes,No,No,No,Text
,8,448,2014-07-28 00:00:00,Subject,N/A,No,No,Yes,No,No,No,Text
,9,124,2014-12-10 00:00:00,Subject,Yes,Yes,No,Yes,No,No,No,Text
,9,139,2014-12-11 00:00:00,Subject,Yes,No,No,Yes,No,No,No,Phone
,9,412,2015-03-01 00:00:00,Subject,N/A,Yes,No,No,No,No,No,Text
,9,413,2015-03-02 00:00:00,Subject,N/A,Yes,No,No,No,No,No,Text
,9,414,2015-03-03 00:00:00,Subject,N/A,No,No,No,No,No,No,Text
,9,415,2015-03-04 00:00:00,Subject,N/A,No,No,No,No,No,No,Text
,9,422,2015-03-24 00:00:00,Subject,N/A,No,No,Yes,No,No,No,Text
,9,423,2015-03-28 00:00:00,Subject,N/A,Yes,No,Yes,No,No,No,Text
,9,424,2015-03-30 00:00:00,Subject,N/A,No,No,Yes,No,No,No,Text
,9,445,2015-03-10 00:00:00,Subject,N/A,Yes,No,Yes,No,No,No,Text
,9,446,2015-03-15 00:00:00,Subject,N/A,Yes,No,No,No,No,No,Text
,9,447,2015-03-14 00:00:00,Subject,N/A,Yes,No,Yes,No,No,No,Text
,9,416,2015-03-05 00:00:00,Subject,N/A,No,No,No,No,No,No,Text
,9,417,2015-03-06 00:00:00,Subject,N/A,Yes,No,Yes,No,No,No,Phone
,9,418,2015-03-07 00:00:00,Subject,N/A,No,No,Yes,No,No,No,Text
,9,419,2015-03-08 00:00:00,Subject,N/A,No,No,Yes,No,No,No,Text
,9,420,2015-03-09 00:00:00,Subject,N/A,No,No,Yes,No,No,No,Text
,9,421,2015-03-19 00:00:00,Subject,N/A,No,No,Yes,No,No,No,Text
,10,268,2012-12-01 00:00:00,Subject,Yes,No,No,Yes,No,No,No,Text
,10,269,2012-12-02 00:00:00,Subject,Yes,No,No,Yes,No,No,No,Text
,10,270,2012-12-05 00:00:00,Subject,Yes,No,No,Yes,No,No,No,Text
,10,271,2012-12-06 00:00:00,Subject,No,No,No,No,No,No,No,Text
,10,339,2012-11-26 00:00:00,Subject,No,Yes,No,No,No,No,No,Text
,10,340,2012-12-04 00:00:00,Subject,N/A,No,No,Yes,No,No,No,Text
,10,411,2012-12-31 00:00:00,Subject,N/A,No,No,Yes,No,No,No,Text
,10,405,2012-12-23 00:00:00,Subject,N/A,No,No,Yes,No,No,No,Text
,10,406,2012-12-24 00:00:00,Subject,N/A,No,No,Yes,No,No,No,Text
,10,407,2012-12-25 00:00:00,Subject,N/A,No,No,Yes,No,No,No,Text
,10,408,2012-12-26 00:00:00,Subject,N/A,Yes,No,No,No,No,No,Text
,10,409,2012-12-27 00:00:00,Subject,N/A,No,No,No,No,No,No,Text
,10,410,2012-12-30 00:00:00,Subject,N/A,No,No,Yes,No,No,No,Text
,10,400,2012-12-18 00:00:00,Subject,N/A,No,No,Yes,No,No,No,Text
,10,401,2012-12-19 00:00:00,Subject,N/A,No,No,Yes,No,No,No,Text
,10,402,2012-12-20 00:00:00,Subject,N/A,Yes,No,Yes,No,No,No,Text
,10,403,2012-12-21 00:00:00,Subject,N/A,No,No,Yes,No,No,No,Text
,10,404,2012-12-22 00:00:00,Subject,N/A,No,No,Yes,No,No,No,Text
,10,397,2012-12-16 00:00:00,Subject,N/A,Yes,No,Yes,No,No,No,Text
,10,398,2012-12-15 00:00:00,Subject,N/A,No,No,Yes,No,No,No,Text
,10,341,2012-12-17 00:00:00,Subject,N/A,Yes,No,No,No,No,No,Text
,11,90,2012-08-16 00:00:00,Subject,Yes,No,No,Yes,No,No,No,Phone
,11,91,2012-08-17 00:00:00,Subject,Yes,Yes,No,Yes,No,No,No,Phone
,11,92,2012-08-18 00:00:00,Subject,Yes,No,No,Yes,No,No,No,Phone
,11,93,2012-08-19 00:00:00,Subject,Yes,No,No,Yes,No,No,No,Text
,11,94,2012-08-21 00:00:00,Subject,N/A,Yes,Yes,No,No,No,No,Phone
,11,95,2012-08-20 00:00:00,Subject,Yes,Yes,No,Yes,No,No,No,Phone
,11,102,2012-08-28 00:00:00,Subject,N/A,No,Yes,Yes,No,No,No,Phone
,11,103,2012-08-29 00:00:00,Subject,N/A,No,Yes,Yes,No,No,No,Email
,11,104,2012-08-30 00:00:00,Subject,N/A,No,No,Yes,No,No,No,Text
,11,105,2012-08-31 00:00:00,Subject,N/A,No,No,Yes,No,No,No,Text
,11,106,2012-09-01 00:00:00,Subject,N/A,No,No,Yes,No,No,No,Office Visit
,11,154,2012-10-20 00:00:00,Subject,N/A,Yes,No,Yes,No,No,No,Office Visit
,11,96,2012-08-22 00:00:00,Subject,N/A,Yes,Yes,Yes,No,No,No,Phone
,11,97,2012-08-23 00:00:00,Subject,N/A,No,No,Yes,No,No,No,Text
,11,98,2012-08-24 00:00:00,Subject,N/A,No,No,Yes,No,No,No,Text
,11,99,2012-08-25 00:00:00,Subject,N/A,No,Yes,Yes,No,No,No,Text
,11,100,2012-08-26 00:00:00,Subject,N/A,No,No,Yes,No,No,No,Text
,11,101,2012-08-27 00:00:00,Subject,N/A,No,No,Yes,No,No,No,Text
,12,275,2013-11-09 00:00:00,Subject,Yes,No,No,Yes,No,No,No,Phone
,12,277,2013-11-10 00:00:00,Subject,Yes,No,No,Yes,No,No,No,Phone
,12,280,2013-11-11 00:00:00,Subject,Yes,No,No,Yes,No,No,No,Phone
,12,282,2013-11-12 00:00:00,Subject,N/A,No,No,No,No,No,No,Text
,12,288,2013-11-13 00:00:00,Subject,N/A,No,No,Yes,No,No,No,Text
,12,292,2013-11-14 00:00:00,Subject,N/A,No,No,Yes,No,No,No,Text
,12,355,2013-11-25 00:00:00,Subject,N/A,No,No,Yes,No,No,No,Office Visit
,12,356,2013-11-26 00:00:00,Subject,N/A,No,No,Yes,No,No,No,Text
,12,357,2013-11-27 00:00:00,Subject,N/A,No,No,Yes,No,No,No,Text
,12,358,2013-11-28 00:00:00,Subject,N/A,No,No,Yes,No,No,No,Text
,12,362,2013-11-29 00:00:00,Subject,N/A,Yes,No,Yes,No,No,No,Text
,12,324,2013-11-19 00:00:00,Subject,N/A,No,No,Yes,No,No,No,Text
,12,325,2013-11-20 00:00:00,Subject,N/A,No,No,Yes,No,No,No,Text
,12,326,2013-11-21 00:00:00,Subject,N/A,No,No,Yes,No,No,No,Phone
,12,352,2013-11-22 00:00:00,Subject,N/A,No,No,Yes,No,No,No,Text
,12,353,2013-11-23 00:00:00,Subject,N/A,No,No,Yes,No,No,No,Text
,12,354,2013-11-24 00:00:00,Subject,N/A,No,No,Yes,No,No,No,Phone
,13,272,2012-07-12 00:00:00,Subject,Yes,No,No,Yes,No,No,No,Phone
,13,276,2012-07-13 00:00:00,Subject,Yes,No,Yes,Yes,No,No,No,Phone
,13,278,2012-07-14 00:00:00,Subject,Yes,No,No,Yes,No,No,No,Phone
,13,281,2012-07-15 00:00:00,Subject,N/A,Yes,No,Yes,No,No,No,Phone
,13,283,2012-07-16 00:00:00,Subject,N/A,No,No,Yes,No,No,No,Text
,13,287,2012-07-17 00:00:00,Subject,N/A,No,No,Yes,No,No,No,Text
,13,328,2012-07-23 00:00:00,Subject,N/A,No,No,Yes,No,No,No,Text
,13,329,2012-07-24 00:00:00,Subject,N/A,No,No,Yes,No,No,No,Text
,13,349,2012-07-26 00:00:00,Subject,N/A,No,No,Yes,No,No,No,Text
,13,350,2012-07-27 00:00:00,Subject,N/A,No,No,Yes,No,No,No,Text
,13,351,2012-07-28 00:00:00,Subject,N/A,No,No,Yes,No,No,No,Phone
,13,293,2012-07-18 00:00:00,Subject,N/A,No,No,Yes,No,No,No,Text
,13,294,2012-07-19 00:00:00,Subject,N/A,Yes,No,Yes,No,No,No,Text
,13,295,2012-07-20 00:00:00,Subject,N/A,Yes,No,Yes,No,No,No,Text
,13,296,2012-07-21 00:00:00,Subject,N/A,Yes,No,Yes,No,No,No,Text
,13,322,2012-07-25 00:00:00,Subject,N/A,Yes,No,Yes,No,No,No,Text
,13,327,2012-07-22 00:00:00,Subject,N/A,No,No,Yes,No,No,No,Text
,14,297,2013-12-27 00:00:00,Subject,Yes,No,No,Yes,No,No,No,Text
,14,323,2013-12-30 00:00:00,Subject,Yes,No,Yes,Yes,No,No,No,Phone
,14,330,2013-12-31 00:00:00,Subject,Yes,No,No,Yes,No,No,No,Text
,14,348,2014-01-02 00:00:00,Subject,N/A,No,No,Yes,No,No,No,Text
,14,431,2014-01-31 00:00:00,Subject,N/A,No,No,Yes,No,No,No,Phone
,14,433,2014-02-01 00:00:00,Subject,N/A,No,Yes,Yes,No,No,No,Text
,14,440,2014-02-15 00:00:00,Subject,N/A,No,No,Yes,No,No,No,Text
,14,441,2014-02-16 00:00:00,Subject,N/A,No,No,Yes,No,No,No,Text
,14,442,2014-02-19 00:00:00,Subject,N/A,No,No,Yes,No,No,No,Text
,14,443,2014-02-20 00:00:00,Subject,N/A,No,No,Yes,No,No,No,Text
,14,444,2014-02-21 00:00:00,Subject,N/A,Yes,No,Yes,No,No,No,Text
,14,434,2014-02-04 00:00:00,Subject,N/A,No,No,Yes,No,No,No,Text
,14,435,2014-02-06 00:00:00,Subject,N/A,No,No,Yes,No,No,No,Text
,14,436,2014-02-07 00:00:00,Subject,N/A,No,No,Yes,No,No,No,Text
,14,437,2014-02-10 00:00:00,Subject,N/A,No,Yes,Yes,No,No,No,Text
,14,438,2014-02-11 00:00:00,Subject,N/A,Yes,Yes,Yes,No,No,No,Phone
,14,439,2014-02-12 00:00:00,Subject,N/A,No,No,Yes,No,No,No,Text
,15,185,2012-07-28 00:00:00,Subject,Yes,No,Yes,Yes,No,No,No,Phone
,15,189,2012-07-29 00:00:00,Subject,Yes,No,No,Yes,No,No,No,Phone
,15,194,2012-07-31 00:00:00,Subject,Yes,No,No,Yes,No,No,No,Phone
,15,204,2012-08-01 00:00:00,Subject,N/A,No,No,Yes,No,No,No,Text
,15,210,2012-08-02 00:00:00,Subject,N/A,No,No,Yes,No,No,No,Text
,15,211,2012-08-03 00:00:00,Subject,N/A,Yes,No,Yes,No,No,No,Text
,15,256,2012-08-10 00:00:00,Subject,N/A,No,Yes,Yes,No,No,No,Phone
,15,262,2012-08-11 00:00:00,Subject,N/A,Yes,Yes,Yes,No,No,No,Phone
,15,273,2012-08-12 00:00:00,Subject,N/A,No,No,Yes,No,No,No,Text
,15,274,2012-08-13 00:00:00,Subject,N/A,Yes,No,Yes,No,No,No,Text
,15,279,2012-08-14 00:00:00,Subject,N/A,No,No,Yes,No,No,No,Phone
,15,221,2012-08-04 00:00:00,Subject,N/A,No,No,Yes,No,No,No,Text
,15,222,2012-08-05 00:00:00,Subject,N/A,Yes,No,Yes,No,No,No,Phone
,15,223,2012-08-06 00:00:00,Subject,N/A,Yes,No,Yes,No,No,No,Text
,15,224,2012-08-07 00:00:00,Subject,N/A,Yes,No,Yes,No,No,No,Text
,15,243,2012-08-08 00:00:00,Subject,N/A,No,No,Yes,No,No,No,Text
,15,252,2012-08-09 00:00:00,Subject,N/A,No,No,Yes,No,No,No,Text
,16,146,2012-08-16 00:00:00,Subject,No,No,No,Yes,No,No,No,Phone
,16,153,2012-08-17 00:00:00,Subject,Yes,No,No,Yes,No,No,No,Phone
,16,155,2012-08-18 00:00:00,Subject,Yes,No,No,Yes,No,No,No,Phone
,16,156,2012-08-19 00:00:00,Subject,Yes,No,No,Yes,No,No,No,Phone
,16,163,2012-08-20 00:00:00,Subject,N/A,No,No,Yes,No,No,No,Phone
,16,167,2012-08-21 00:00:00,Subject,N/A,No,No,Yes,No,No,No,Phone
,16,227,2012-09-03 00:00:00,Subject,N/A,No,No,Yes,No,No,No,Phone
,16,240,2012-09-04 00:00:00,Subject,N/A,No,No,Yes,No,No,No,Office Visit
,16,250,2012-09-05 00:00:00,Subject,N/A,No,No,Yes,No,No,No,Text
,16,253,2012-09-06 00:00:00,Subject,N/A,No,No,Yes,No,No,No,Phone
,16,261,2012-09-07 00:00:00,Subject,N/A,No,No,Yes,No,No,No,Text
,16,168,2012-08-22 00:00:00,Subject,N/A,No,No,Yes,No,No,No,Phone
,16,205,2012-08-29 00:00:00,Subject,N/A,No,No,Yes,No,No,No,Phone
,16,212,2012-08-30 00:00:00,Subject,N/A,No,No,Yes,No,No,No,Text
,16,217,2012-08-31 00:00:00,Subject,N/A,No,No,Yes,No,No,No,Text
,16,225,2012-09-01 00:00:00,Subject,N/A,No,No,Yes,No,No,No,Phone
,16,226,2012-09-02 00:00:00,Subject,N/A,No,No,Yes,No,No,No,Text
,17,145,2013-10-12 00:00:00,Subject,Yes,No,No,Yes,No,No,No,Phone
,17,149,2013-10-13 00:00:00,Subject,Yes,No,No,Yes,No,No,No,Phone
,17,150,2013-10-14 00:00:00,Subject,Yes,No,No,Yes,No,No,No,Phone
,17,157,2013-10-15 00:00:00,Subject,N/A,No,No,Yes,No,No,No,Phone
,17,158,2013-10-16 00:00:00,Subject,N/A,Yes,No,Yes,No,No,No,Phone
,17,164,2013-10-17 00:00:00,Subject,N/A,No,No,Yes,No,No,No,Phone
,17,195,2013-10-24 00:00:00,Subject,N/A,No,No,Yes,No,No,No,Text
,17,200,2013-10-25 00:00:00,Subject,N/A,No,No,Yes,No,No,No,Text
,17,206,2013-10-26 00:00:00,Subject,N/A,No,No,Yes,No,No,No,Text
,17,213,2013-10-27 00:00:00,Subject,N/A,No,No,Yes,No,No,No,Phone
,17,169,2013-10-18 00:00:00,Subject,N/A,No,No,Yes,No,No,No,Phone
,17,170,2013-10-19 00:00:00,Subject,N/A,No,No,Yes,No,No,No,Phone
,17,175,2013-10-20 00:00:00,Subject,N/A,No,No,Yes,No,No,No,Text
,17,182,2013-10-21 00:00:00,Subject,N/A,No,No,Yes,No,No,No,Phone
,17,186,2013-10-22 00:00:00,Subject,N/A,No,Yes,Yes,No,No,No,Phone
,17,190,2013-10-23 00:00:00,Subject,N/A,No,No,Yes,No,No,No,Phone
,18,147,2013-02-11 00:00:00,Subject,No,No,No,No,No,No,No,Phone
,18,151,2013-02-12 00:00:00,Subject,No,Yes,No,No,No,No,No,Phone
,18,159,2013-02-13 00:00:00,Subject,Yes,No,No,Yes,No,No,No,Phone
,18,160,2013-02-14 00:00:00,Subject,Yes,No,No,Yes,No,No,No,Phone
,18,165,2013-02-15 00:00:00,Subject,Yes,No,No,Yes,No,No,No,Phone
,18,171,2013-02-16 00:00:00,Subject,N/A,No,No,Yes,No,No,No,Phone
,18,230,2013-03-01 00:00:00,Subject,N/A,Yes,No,No,No,No,No,Phone
,18,241,2013-03-02 00:00:00,Subject,N/A,No,No,Yes,No,No,No,Phone
,18,201,2013-02-23 00:00:00,Subject,N/A,No,No,Yes,No,No,No,Text
,18,207,2013-02-24 00:00:00,Subject,N/A,No,No,Yes,No,No,No,Phone
,18,214,2013-02-25 00:00:00,Subject,N/A,No,No,Yes,No,No,No,Text
,18,218,2013-02-26 00:00:00,Subject,N/A,No,No,Yes,No,No,No,Phone
,18,228,2013-02-27 00:00:00,Subject,N/A,No,No,Yes,No,No,No,Text
,18,229,2013-02-28 00:00:00,Subject,N/A,No,No,Yes,No,No,No,Text
,18,172,2013-02-17 00:00:00,Subject,N/A,No,No,Yes,No,No,No,Office Visit
,18,176,2013-02-18 00:00:00,Subject,N/A,No,No,Yes,No,No,No,Phone
,18,183,2013-02-19 00:00:00,Subject,N/A,No,No,Yes,No,No,No,Text
,18,187,2013-02-20 00:00:00,Subject,N/A,No,No,Yes,No,No,No,Phone
,18,191,2013-02-21 00:00:00,Subject,N/A,No,No,Yes,No,No,No,Text
,18,196,2013-02-22 00:00:00,Subject,N/A,No,No,Yes,No,No,No,Phone
,19,148,2014-10-08 00:00:00,Subject,No,Yes,No,No,No,No,No,Phone
,19,152,2014-10-09 00:00:00,Subject,Yes,No,No,Yes,No,No,No,Phone
,19,161,2014-10-10 00:00:00,Subject,Yes,No,No,Yes,No,No,No,Phone
,19,162,2014-10-11 00:00:00,Subject,No,No,No,No,No,No,No,Phone
,19,166,2014-10-12 00:00:00,Subject,Yes,No,No,Yes,No,No,No,Phone
,19,173,2014-10-13 00:00:00,Subject,N/A,Yes,No,Yes,No,No,No,Phone
,19,202,2014-10-20 00:00:00,Subject,N/A,No,No,Yes,No,No,No,Text
,19,208,2014-10-21 00:00:00,Subject,N/A,No,No,Yes,No,No,No,Phone
,19,215,2014-10-22 00:00:00,Subject,N/A,No,No,Yes,No,No,No,Phone
,19,219,2014-10-23 00:00:00,Subject,N/A,No,No,Yes,No,No,No,Phone
,19,231,2014-10-24 00:00:00,Subject,N/A,No,No,Yes,No,No,No,Phone
,19,232,2014-10-25 00:00:00,Subject,N/A,No,No,Yes,No,No,No,Text
,19,174,2014-10-14 00:00:00,Subject,N/A,Yes,No,Yes,No,No,No,Phone
,19,180,2014-10-15 00:00:00,Subject,N/A,No,No,Yes,No,No,No,Phone
,19,181,2014-10-16 00:00:00,Subject,N/A,No,No,Yes,No,No,No,Phone
,19,188,2014-10-17 00:00:00,Subject,N/A,No,No,Yes,No,No,No,Phone
,19,192,2014-10-18 00:00:00,Subject,N/A,No,No,Yes,No,No,No,Phone
,19,197,2014-10-19 00:00:00,Subject,N/A,No,No,Yes,No,No,No,Phone
,20,177,2013-10-25 00:00:00,Subject,Yes,No,No,Yes,No,No,No,Phone
,20,178,2013-10-26 00:00:00,Subject,Yes,No,No,Yes,No,No,No,Phone
,20,179,2013-10-27 00:00:00,Subject,Yes,No,No,Yes,No,No,No,Phone
,20,184,2013-10-28 00:00:00,Subject,N/A,No,No,Yes,No,No,No,Phone
,20,193,2013-10-29 00:00:00,Subject,N/A,No,No,Yes,No,No,No,Phone
,20,198,2013-10-30 00:00:00,Subject,N/A,Yes,No,No,No,No,No,Phone
,20,234,2013-11-06 00:00:00,Subject,N/A,No,No,Yes,No,No,No,Text
,20,235,2013-11-07 00:00:00,Subject,N/A,No,No,Yes,No,No,No,Phone
,20,242,2013-11-08 00:00:00,Subject,N/A,No,No,Yes,No,No,No,Phone
,20,251,2013-11-09 00:00:00,Subject,N/A,No,No,Yes,No,No,No,Text
,20,254,2013-11-10 00:00:00,Subject,N/A,No,No,Yes,No,No,No,Phone
,20,199,2013-10-31 00:00:00,Subject,N/A,No,No,Yes,No,No,No,Phone
,20,203,2013-11-01 00:00:00,Subject,N/A,No,No,Yes,No,No,No,Phone
,20,209,2013-11-02 00:00:00,Subject,N/A,No,No,Yes,No,No,No,Phone
,20,216,2013-11-03 00:00:00,Subject,N/A,No,No,Yes,No,No,No,Text
,20,220,2013-11-04 00:00:00,Subject,N/A,No,No,Yes,No,No,No,Phone
,20,233,2013-11-05 00:00:00,Subject,N/A,No,No,Yes,No,No,No,Phone
,21,457,2014-06-29 00:00:00,Subject,Yes,No,No,Yes,No,No,No,Phone
,21,458,2014-06-30 00:00:00,Subject,Yes,No,No,Yes,No,No,No,Phone
,21,459,2014-07-01 00:00:00,Subject,Yes,No,No,Yes,No,No,No,Phone
,21,460,2014-07-02 00:00:00,Subject,N/A,No,No,Yes,No,No,No,Phone
,21,462,2014-07-03 00:00:00,Subject,N/A,Yes,No,Yes,No,No,No,Phone
,21,463,2014-07-04 00:00:00,Subject,N/A,Yes,No,No,No,No,No,Phone
,21,503,2014-07-17 00:00:00,Subject,N/A,No,No,Yes,No,No,No,Phone
,21,504,2014-07-18 00:00:00,Subject,N/A,No,No,Yes,No,No,No,Phone
,21,505,2014-07-19 00:00:00,Subject,N/A,No,No,Yes,No,No,No,Text
,21,497,2014-07-11 00:00:00,Subject,N/A,No,No,Yes,No,No,No,Phone
,21,498,2014-07-12 00:00:00,Subject,N/A,No,No,No,No,No,No,Phone
,21,499,2014-07-13 00:00:00,Subject,N/A,Yes,Yes,No,No,No,No,Phone
,21,500,2014-07-14 00:00:00,Subject,N/A,No,No,No,No,No,No,Phone
,21,501,2014-07-15 00:00:00,Subject,N/A,Yes,No,No,No,No,No,Phone
,21,502,2014-07-16 00:00:00,Subject,N/A,Yes,Yes,No,No,No,No,Phone
,21,464,2014-07-05 00:00:00,Subject,N/A,Yes,No,No,No,No,No,Phone
,21,465,2014-07-06 00:00:00,Subject,N/A,Yes,No,No,No,No,No,Phone
,21,466,2014-07-07 00:00:00,Subject,N/A,No,No,Yes,No,No,No,Phone
,21,467,2014-07-08 00:00:00,Subject,N/A,Yes,No,No,No,No,No,Phone
,21,492,2014-07-09 00:00:00,Subject,N/A,Yes,No,No,No,No,No,Phone
,21,496,2014-07-10 00:00:00,Subject,N/A,Yes,No,Yes,No,No,No,Phone
,22,468,2015-02-17 00:00:00,Subject,No,Yes,Yes,No,No,No,No,Phone
,22,469,2015-02-18 00:00:00,Subject,Yes,No,No,Yes,No,No,No,Phone
,22,470,2015-02-19 00:00:00,Subject,Yes,No,No,Yes,No,No,No,Phone
,22,471,2015-02-20 00:00:00,Subject,No,No,No,No,No,No,No,Phone
,22,472,2015-02-21 00:00:00,Subject,Yes,No,No,Yes,No,No,No,Phone
,22,473,2015-02-22 00:00:00,Subject,N/A,No,No,No,No,No,No,Phone
,22,539,2015-03-05 00:00:00,Subject,N/A,Yes,No,No,No,No,No,Phone
,22,540,2015-03-06 00:00:00,Subject,N/A,No,No,Yes,No,No,No,Phone
,22,541,2015-03-07 00:00:00,Subject,N/A,No,No,Yes,No,No,No,Phone
,22,542,2015-03-09 00:00:00,Subject,N/A,No,No,No,No,No,No,Phone
,22,543,2015-03-08 00:00:00,Subject,N/A,Yes,No,No,No,No,No,Phone
,22,533,2015-02-27 00:00:00,Subject,N/A,No,No,Yes,No,No,No,Phone
,22,534,2015-02-28 00:00:00,Subject,N/A,Yes,No,No,No,No,No,Phone
,22,535,2015-03-01 00:00:00,Subject,N/A,Yes,No,No,No,No,No,Phone
,22,536,2015-03-02 00:00:00,Subject,N/A,No,No,No,No,No,No,Phone
,22,537,2015-03-03 00:00:00,Subject,N/A,Yes,No,No,No,No,No,Phone
,22,538,2015-03-04 00:00:00,Subject,N/A,No,No,No,No,No,No,Phone
,22,474,2015-02-23 00:00:00,Subject,N/A,No,No,Yes,No,No,No,Phone
,22,475,2015-02-24 00:00:00,Subject,N/A,Yes,No,No,No,No,No,Phone
,22,491,2015-02-25 00:00:00,Subject,N/A,Yes,No,No,No,No,No,Phone
,22,530,2015-02-26 00:00:00,Subject,N/A,No,No,Yes,No,No,No,Phone
,22,531,2015-02-27 00:00:00,Subject,N/A,No,No,Yes,No,No,No,Phone
,22,532,2015-02-27 00:00:00,Subject,N/A,No,No,Yes,No,No,No,Phone
,23,476,2014-12-30 00:00:00,Subject,No,No,No,No,No,No,No,Phone
,23,477,2014-12-31 00:00:00,Subject,Yes,No,No,Yes,No,No,No,Phone
,23,478,2015-01-01 00:00:00,Subject,No,No,No,No,No,No,No,Phone
,23,479,2015-01-02 00:00:00,Subject,Yes,Yes,Yes,Yes,No,No,No,Phone
,23,480,2015-01-03 00:00:00,Subject,No,No,No,No,No,No,No,Phone
,23,481,2015-01-04 00:00:00,Subject,Yes,No,No,Yes,No,No,No,Phone
,23,526,2015-01-17 00:00:00,Subject,N/A,Yes,Yes,No,No,No,No,Phone
,23,527,2015-01-18 00:00:00,Subject,N/A,No,No,Yes,No,No,No,Phone
,23,520,2015-01-11 00:00:00,Subject,N/A,No,No,No,No,No,No,Phone
,23,521,2015-01-12 00:00:00,Subject,N/A,No,No,No,No,No,No,Phone
,23,522,2015-01-13 00:00:00,Subject,N/A,No,No,Yes,No,No,No,Phone
,23,523,2015-01-14 00:00:00,Subject,N/A,No,No,Yes,No,No,No,Phone
,23,524,2015-01-15 00:00:00,Subject,N/A,Yes,No,No,No,No,No,Phone
,23,525,2015-01-16 00:00:00,Subject,N/A,Yes,No,No,No,No,No,Phone
,23,482,2015-01-05 00:00:00,Subject,N/A,No,No,Yes,No,No,No,Phone
,23,483,2015-01-06 00:00:00,Subject,N/A,No,No,No,No,No,No,Phone
,23,493,2015-01-07 00:00:00,Subject,N/A,No,Yes,Yes,No,No,No,Phone
,23,517,2015-01-08 00:00:00,Subject,N/A,No,No,Yes,No,No,No,Phone
,23,518,2015-01-09 00:00:00,Subject,N/A,No,No,No,No,No,No,Phone
,23,519,2015-01-10 00:00:00,Subject,N/A,Yes,No,No,No,No,No,Phone
,24,484,2012-10-01 00:00:00,Subject,No,No,No,No,No,No,No,Phone
,24,485,2012-10-02 00:00:00,Subject,Yes,No,No,Yes,No,No,No,Phone
,24,486,2012-10-03 00:00:00,Subject,Yes,No,No,Yes,No,No,No,Phone
,24,487,2012-10-04 00:00:00,Subject,No,No,No,No,No,No,No,Phone
,24,488,2012-10-05 00:00:00,Subject,Yes,No,No,Yes,No,No,No,Phone
,24,489,2012-10-06 00:00:00,Subject,N/A,No,No,Yes,No,No,No,Phone
,24,554,2012-10-19 00:00:00,Subject,N/A,No,No,Yes,No,No,No,Phone
,24,555,2012-10-20 00:00:00,Subject,N/A,No,No,Yes,No,No,No,Phone
,24,556,2012-10-21 00:00:00,Subject,N/A,No,No,Yes,No,No,No,Phone
,24,548,2012-10-13 00:00:00,Subject,N/A,No,No,Yes,No,No,No,Phone
,24,549,2012-10-14 00:00:00,Subject,N/A,No,No,No,No,No,No,Phone
,24,550,2012-10-15 00:00:00,Subject,N/A,Yes,No,No,No,No,No,Phone
,24,551,2012-10-16 00:00:00,Subject,N/A,Yes,No,No,No,No,No,Phone
,24,552,2012-10-17 00:00:00,Subject,N/A,No,No,Yes,No,No,No,Phone
,24,553,2012-10-18 00:00:00,Subject,N/A,No,No,No,No,No,No,Phone
,24,490,2012-10-07 00:00:00,Subject,N/A,No,No,Yes,No,No,No,Phone
,24,494,2012-10-08 00:00:00,Subject,N/A,No,No,Yes,No,No,No,Phone
,24,544,2012-10-09 00:00:00,Subject,N/A,Yes,No,No,No,No,No,Phone
,24,545,2012-10-10 00:00:00,Subject,N/A,Yes,No,No,No,No,No,Phone
,24,546,2012-10-11 00:00:00,Subject,N/A,No,No,No,No,No,No,Phone
,24,547,2012-10-12 00:00:00,Subject,N/A,Yes,No,No,No,No,No,Phone
,25,455,2014-12-13 00:00:00,Subject,No,No,No,No,No,No,No,Phone
,25,456,2014-12-14 00:00:00,Subject,Yes,No,No,Yes,No,No,No,Phone
,25,495,2014-12-15 00:00:00,Subject,Yes,No,No,Yes,No,No,No,Phone
,25,506,2014-12-16 00:00:00,Subject,N/A,No,No,Yes,No,No,No,Phone
,25,507,2014-12-17 00:00:00,Subject,N/A,No,No,Yes,No,No,No,Phone
,25,508,2014-12-18 00:00:00,Subject,N/A,No,No,No,No,No,No,Phone
,25,561,2014-12-31 00:00:00,Subject,N/A,Yes,No,No,No,No,No,Phone
,25,515,2014-12-25 00:00:00,Subject,N/A,No,No,Yes,No,No,No,Phone
,25,516,2014-12-26 00:00:00,Subject,N/A,No,No,Yes,No,No,No,Phone
,25,557,2014-12-27 00:00:00,Subject,N/A,No,No,Yes,No,No,No,Phone
,25,558,2014-12-28 00:00:00,Subject,N/A,No,No,No,No,No,No,Phone
,25,559,2014-12-29 00:00:00,Subject,N/A,No,No,Yes,No,No,No,Phone
,25,560,2014-12-30 00:00:00,Subject,N/A,Yes,No,Yes,No,No,No,Phone
,25,509,2014-12-19 00:00:00,Subject,N/A,No,No,Yes,No,No,No,Phone
,25,510,2014-12-20 00:00:00,Subject,N/A,No,No,Yes,No,No,No,Phone
,25,511,2014-12-21 00:00:00,Subject,N/A,No,No,Yes,No,No,No,Phone
,25,512,2014-12-22 00:00:00,Subject,N/A,No,No,Yes,No,No,No,Phone
,25,513,2014-12-23 00:00:00,Subject,N/A,No,No,Yes,No,No,No,Phone
,25,514,2014-12-24 00:00:00,Subject,N/A,No,No,No,No,No,No,Phone
,26,142,2013-12-22 00:00:00,Subject,Yes,No,No,Yes,No,No,No,Email
,26,143,2013-12-23 00:00:00,Subject,Yes,Yes,No,Yes,No,No,No,Email
,26,144,2013-12-24 00:00:00,Subject,Yes,No,No,Yes,No,No,No,Email
,26,120,2013-11-23 00:00:00,Subject,Yes,No,No,Yes,No,No,No,Phone
,26,121,2013-11-24 00:00:00,Subject,Yes,No,No,Yes,No,No,No,Phone
,26,122,2013-11-25 00:00:00,Subject,Yes,No,No,Yes,No,No,No,Phone
,26,125,2013-11-08 00:00:00,Subject,Yes,No,No,Yes,No,No,No,Phone
,26,140,2013-12-20 00:00:00,Subject,Yes,No,No,Yes,No,No,No,Email
,26,141,2013-12-21 00:00:00,Subject,Yes,No,No,Yes,No,No,No,Email
,26,114,2013-11-17 00:00:00,Subject,Yes,No,No,Yes,No,No,No,Phone
,26,115,2013-11-18 00:00:00,Subject,Yes,No,No,Yes,No,No,No,Phone
,26,116,2013-11-19 00:00:00,Subject,Yes,No,No,Yes,No,No,No,Phone
,26,117,2013-11-20 00:00:00,Subject,Yes,No,No,Yes,No,No,No,Phone
,26,118,2013-11-21 00:00:00,Subject,Yes,No,No,Yes,No,No,No,Phone
,26,119,2013-11-22 00:00:00,Subject,Yes,No,No,Yes,No,No,No,Phone
,26,87,2013-11-02 00:00:00,Subject,Yes,No,No,Yes,No,No,No,Phone
,26,88,2013-11-03 00:00:00,Subject,Yes,No,No,Yes,No,No,No,Phone
,26,89,2013-11-04 00:00:00,Subject,Yes,No,No,Yes,No,No,No,Phone
,26,108,2013-11-05 00:00:00,Subject,Yes,No,No,Yes,No,No,No,Phone
,26,109,2013-11-06 00:00:00,Subject,Yes,No,No,Yes,No,No,No,Phone
,26,110,2013-11-07 00:00:00,Subject,Yes,No,No,Yes,No,No,No,Phone
,26,86,2013-11-01 00:00:00,Subject,Yes,No,No,Yes,No,No,No,Phone
,27,236,2013-04-01 00:00:00,Subject,Yes,No,No,Yes,No,No,No,Email
,27,237,2013-04-02 00:00:00,Subject,Yes,No,Yes,Yes,No,No,No,Email
,27,238,2013-04-03 00:00:00,Subject,Yes,No,No,Yes,No,No,No,Email
,27,239,2013-04-04 00:00:00,Subject,Yes,No,No,Yes,No,No,No,Email
,27,257,2013-04-05 00:00:00,Subject,Yes,No,No,Yes,No,No,No,Email
,27,258,2013-04-06 00:00:00,Subject,Yes,Yes,No,Yes,No,No,No,Email
,27,342,2013-04-19 00:00:00,Subject,Yes,No,No,Yes,No,No,No,Phone
,27,343,2013-02-20 00:00:00,Subject,Yes,No,No,Yes,No,No,No,Phone
,27,344,2013-04-20 00:00:00,Subject,Yes,No,No,Yes,No,No,No,Phone
,27,304,2013-04-13 00:00:00,Subject,No,No,No,No,No,No,No,Phone
,27,305,2013-04-14 00:00:00,Subject,No,No,No,No,No,No,No,Phone
,27,306,2013-04-15 00:00:00,Subject,Yes,No,Yes,Yes,No,No,No,Email
,27,307,2013-04-16 00:00:00,Subject,No,No,Yes,No,No,No,No,Email
,27,308,2013-04-17 00:00:00,Subject,Yes,No,No,Yes,No,No,No,Phone
,27,309,2013-04-18 00:00:00,Subject,No,No,Yes,No,No,No,No,Email
,27,259,2013-04-07 00:00:00,Subject,Yes,No,No,Yes,No,No,No,Email
,27,299,2013-04-08 00:00:00,Subject,Yes,No,No,Yes,No,No,No,Phone
,27,300,2013-04-09 00:00:00,Subject,Yes,No,No,Yes,No,No,No,Phone
,27,301,2013-04-10 00:00:00,Subject,Yes,No,No,Yes,No,No,No,Phone
,27,302,2013-04-11 00:00:00,Subject,Yes,No,No,Yes,No,No,No,Phone
,27,303,2013-04-12 00:00:00,Subject,Yes,No,No,Yes,No,No,No,Phone
,28,245,2013-04-04 00:00:00,Subject,Yes,No,No,Yes,No,No,No,Phone
,28,246,2013-04-05 00:00:00,Subject,Yes,No,No,Yes,No,No,No,Phone
,28,247,2013-04-06 00:00:00,Subject,No,Yes,No,No,No,No,No,Phone
,28,248,2013-04-07 00:00:00,Subject,Yes,No,No,Yes,No,No,No,Text
,28,249,2013-04-08 00:00:00,Subject,Yes,No,No,Yes,No,No,No,Text
,28,255,2013-04-09 00:00:00,Subject,Yes,No,No,Yes,No,No,No,Text
,28,346,2013-04-22 00:00:00,Subject,Yes,No,No,Yes,No,No,No,Email
,28,347,2013-04-23 00:00:00,Subject,Yes,No,No,Yes,No,No,No,Phone
,28,291,2013-04-16 00:00:00,Subject,Yes,No,No,Yes,No,No,No,Email
,28,310,2013-04-17 00:00:00,Subject,Yes,No,No,Yes,No,No,No,Phone
,28,311,2013-04-18 00:00:00,Subject,Yes,No,No,Yes,No,No,No,Email
,28,312,2013-04-19 00:00:00,Subject,No,No,No,No,No,No,No,Phone
,28,313,2013-04-20 00:00:00,Subject,No,No,No,No,No,No,No,Phone
,28,345,2013-04-21 00:00:00,Subject,Yes,No,No,Yes,No,No,No,Phone
,28,260,2013-04-10 00:00:00,Subject,Yes,No,No,Yes,No,No,No,Text
,28,284,2013-04-11 00:00:00,Subject,Yes,No,No,Yes,No,No,No,Phone
,28,285,2013-04-12 00:00:00,Subject,Yes,No,No,Yes,No,No,No,Phone
,28,286,2013-04-13 00:00:00,Subject,No,No,No,No,No,No,No,Phone
,28,289,2013-04-14 00:00:00,Subject,Yes,No,No,Yes,No,No,No,Email
,28,290,2013-04-15 00:00:00,Subject,Yes,No,No,Yes,No,No,No,Email
,29,430,2013-12-09 00:00:00,Subject,Yes,No,No,Yes,No,No,No,Phone
,29,432,2013-12-10 00:00:00,Subject,Yes,No,No,Yes,No,No,No,Phone
,29,425,2013-12-04 00:00:00,Subject,Yes,No,No,Yes,No,No,No,Phone
,29,426,2013-12-05 00:00:00,Subject,Yes,No,No,Yes,No,No,No,Phone
,29,427,2013-12-06 00:00:00,Subject,Yes,No,No,Yes,No,No,No,Email
,29,428,2013-12-07 00:00:00,Subject,Yes,No,No,Yes,No,No,No,Email
,29,429,2013-12-08 00:00:00,Subject,Yes,No,No,Yes,No,No,No,Email
,29,399,2013-12-03 00:00:00,Subject,Yes,No,No,Yes,No,No,No,Phone
,29,385,2013-11-29 00:00:00,Subject,Yes,No,No,Yes,No,No,No,Email
,29,386,2013-11-30 00:00:00,Subject,Yes,No,No,Yes,No,No,No,Email
,29,387,2013-12-01 00:00:00,Subject,Yes,No,No,Yes,No,No,No,Email
,29,388,2013-12-02 00:00:00,Subject,No,No,No,No,No,No,No,Phone
,29,368,2013-11-24 00:00:00,Subject,Yes,No,No,Yes,No,No,No,Email
,29,369,2013-11-25 00:00:00,Subject,Yes,No,No,Yes,No,No,No,Phone
,29,372,2013-11-26 00:00:00,Subject,Yes,No,Yes,Yes,No,No,No,Phone
,29,376,2013-11-27 00:00:00,Subject,Yes,Yes,No,Yes,No,No,No,Phone
,29,377,2013-11-28 00:00:00,Subject,Yes,No,No,Yes,No,No,No,Phone
,30,359,2013-01-02 00:00:00,Subject,Yes,No,No,Yes,No,No,No,Email
,30,360,2013-01-03 00:00:00,Subject,Yes,No,No,Yes,No,No,No,Email
,30,361,2013-01-04 00:00:00,Subject,Yes,No,No,Yes,No,No,No,Phone
,30,364,2013-01-05 00:00:00,Subject,Yes,No,No,Yes,No,No,No,Email
,30,365,2013-01-06 00:00:00,Subject,No,No,No,No,No,No,No,Phone
,30,366,2013-01-07 00:00:00,Subject,Yes,No,No,Yes,No,No,No,Phone
,30,378,2013-01-14 00:00:00,Subject,Yes,No,No,Yes,No,No,No,Phone
,30,383,2013-01-15 00:00:00,Subject,Yes,No,No,Yes,No,No,No,Email
,30,384,2013-01-16 00:00:00,Subject,Yes,No,No,Yes,No,No,No,Email
,30,389,2013-01-17 00:00:00,Subject,Yes,No,No,Yes,No,No,No,Phone
,30,390,2013-01-18 00:00:00,Subject,Yes,No,No,Yes,No,No,No,Phone
,30,367,2013-01-08 00:00:00,Subject,Yes,No,No,Yes,No,No,No,Phone
,30,370,2013-01-09 00:00:00,Subject,Yes,No,No,Yes,No,No,No,Email
,30,371,2013-01-10 00:00:00,Subject,Yes,No,Yes,Yes,No,No,No,Email
,30,373,2013-01-11 00:00:00,Subject,Yes,No,No,Yes,No,No,No,Email
,30,374,2013-01-12 00:00:00,Subject,Yes,No,No,Yes,No,No,No,Email
,30,375,2013-01-13 00:00:00,Subject,Yes,No,Yes,Yes,No,No,No,Phone