ParentLoginVisitID,DeidentID,RecID,StudySuppliesReturned,PreExistMedCond,ConComMed,SevHypo,SevHyper,AdverseEvent,HbA1CTestDt,HbA1CTest,HbA1cMethod,QuestionnairesCompleted
1076,2,1,Yes,No,No,No,No,No,2015-09-18 00:00:00,6.1,DCA2000,Yes
1077,3,2,Yes,No,No,No,No,No,2015-09-18 00:00:00,6.9,DCA2000,Yes
1078,4,3,Yes,No,No,No,No,No,2015-09-18 00:00:00,7.0,DCA2000,Yes
1081,5,6,Yes,No,No,No,No,No,2015-09-26 00:00:00,7.0,Other,Yes
1087,6,8,Yes,No,No,No,No,No,2015-09-22 00:00:00,6.7,DCA2000,Yes
1088,7,9,Yes,Yes,Yes,No,No,No,2015-10-27 00:00:00,7.8,DCA2000,Yes
1089,8,10,No,No,No,No,No,No,2015-10-16 00:00:00,8.7,DCA2000,No
1090,10,11,Yes,Yes,No,No,No,No,2015-10-16 00:00:00,6.3,DCA2000,Yes
1080,11,5,Yes,No,No,No,No,No,2015-09-27 00:00:00,6.8,Other,Yes
1084,13,7,Yes,No,No,No,No,No,2015-10-01 00:00:00,6.9,Other,Yes
1091,14,12,Yes,No,No,No,No,No,2015-10-23 00:00:00,7.5,Other,Yes
1079,15,4,Yes,No,No,No,No,No,2015-09-25 00:00:00,6.7,Other,Yes
1093,17,13,Yes,No,No,No,No,No,2015-11-10 00:00:00,7.3,Other,Yes
1094,20,14,Yes,No,No,No,No,No,2015-11-12 00:00:00,6.7,Other,Yes