ParentLoginVisitID,DeidentID,RecID,PregTestDt,PregTestNotDoneMF,SystemProblems,MeterHighOrLow,SystemUseSuccess,QCMeter,QCKetone,PreExistMedCond,ConComMed,SevHypo,SevHyper,AdverseEvent
939,2,2,,Surgically sterile,No,No,Yes,Yes,Yes,No,No,No,No,No
978,2,8,,Surgically sterile,No,No,Yes,Yes,Yes,No,No,No,No,No
1015,2,14,,Surgically sterile,Yes,Yes,Yes,Yes,Yes,No,No,No,No,No
1037,2,21,,Surgically sterile,Yes,Yes,Yes,Yes,Yes,No,No,No,No,No
1062,2,43,,Surgically sterile,Yes,No,Yes,Yes,Yes,No,No,No,No,No
1075,2,56,,Surgically sterile,No,No,Yes,No,No,No,No,No,No,No
929,3,1,,Subject is Male,No,No,Yes,Yes,No,No,No,No,No,No
979,3,9,,Subject is Male,Yes,No,Yes,Yes,Yes,No,No,No,No,No
1025,3,16,,Subject is Male,Yes,No,Yes,Yes,Yes,No,No,No,No,No
1049,3,33,,Subject is Male,Yes,No,Yes,Yes,Yes,No,No,No,No,No
1063,3,44,,Subject is Male,Yes,No,Yes,Yes,Yes,No,No,No,No,No
940,4,3,,Surgically sterile,No,No,Yes,Yes,Yes,No,No,No,No,No
976,4,6,,Surgically sterile,Yes,No,Yes,Yes,Yes,No,No,No,No,No
1016,4,15,,Surgically sterile,Yes,Yes,Yes,Yes,Yes,No,No,No,No,No
1038,4,22,,Surgically sterile,Yes,No,Yes,Yes,Yes,No,No,No,No,No
1064,4,45,,Surgically sterile,Yes,No,Yes,Yes,Yes,No,No,No,No,No
941,5,4,,Subject is Male,No,No,Yes,Yes,Yes,No,No,No,No,No
977,5,7,,Subject is Male,Yes,No,Yes,Yes,Yes,No,No,No,No,No
1005,5,12,,Subject is Male,Yes,No,Yes,Yes,Yes,No,No,No,No,No
1039,5,23,,Subject is Male,No,No,Yes,Yes,Yes,No,No,No,No,No
1065,5,46,,Subject is Male,Yes,No,Yes,Yes,Yes,No,No,No,No,No
1041,6,25,,Subject is Male,Yes,Yes,Yes,Yes,Yes,No,No,No,No,No
1042,6,26,,Subject is Male,Yes,No,Yes,Yes,Yes,No,No,No,No,No
1053,6,37,,Subject is Male,Yes,No,Yes,Yes,Yes,No,No,No,No,No
1086,6,60,,Subject is Male,No,Yes,No,No,No,Yes,Yes,No,No,Yes
1043,7,27,2015-03-25 00:00:00,,Yes,No,Yes,Yes,Yes,No,No,No,No,No
1044,7,28,2015-04-28 00:00:00,,No,No,Yes,Yes,Yes,No,Yes,No,No,No
1060,7,41,2015-05-27 00:00:00,,Yes,No,Yes,Yes,Yes,No,No,No,No,No
1073,7,54,2015-06-30 00:00:00,,No,No,Yes,Yes,Yes,No,No,No,No,No
1045,8,29,,Subject is Male,Yes,No,Yes,Yes,Yes,No,No,No,No,No
1046,8,30,,Subject is Male,No,No,Yes,Yes,No,No,No,No,No,No
1061,8,42,,Subject is Male,No,No,Yes,Yes,Yes,No,No,No,No,No
1072,8,53,,Subject is Male,No,No,Yes,Yes,Yes,No,No,No,No,No
1047,10,31,,Subject is Male,Yes,No,Yes,Yes,No,No,No,No,No,No
1048,10,32,,Subject is Male,No,No,Yes,Yes,No,No,No,No,No,No
1059,10,40,,Subject is Male,Yes,No,Yes,Yes,No,No,No,No,No,No
1074,10,55,,Subject is Male,No,Yes,Yes,Yes,No,No,No,No,No,No
980,11,10,,Subject is Male,No,Yes,Yes,No,No,No,No,No,No,No
1009,11,13,,Subject is Male,Yes,No,Yes,No,No,No,No,No,No,No
1040,11,24,,Subject is Male,No,No,Yes,Yes,Yes,No,No,No,No,No
1066,11,47,,Subject is Male,Yes,No,Yes,Yes,Yes,No,No,No,No,No
988,13,11,,Subject is Male,Yes,No,Yes,Yes,No,No,No,No,No,No
1026,13,17,,Subject is Male,Yes,No,Yes,No,No,No,No,No,No,No
1051,13,35,,Subject is Male,No,No,Yes,No,Yes,No,No,No,No,No
1067,13,48,,Subject is Male,Yes,No,Yes,Yes,No,No,No,No,No,No
1034,14,20,2014-04-02 00:00:00,,No,No,Yes,Yes,Yes,No,No,No,No,No
1057,14,38,2014-05-02 00:00:00,,No,Yes,Yes,Yes,Yes,No,No,No,No,No
1068,14,49,2014-05-27 00:00:00,,No,Yes,Yes,Yes,Yes,No,No,No,No,No
1085,14,59,2014-07-05 00:00:00,,No,No,Yes,Yes,Yes,No,No,No,No,No
963,15,5,,Subject is Male,Yes,No,Yes,Yes,Yes,No,No,No,No,No
1027,15,18,,Subject is Male,No,No,Yes,Yes,No,No,No,No,No,No
1052,15,36,,Subject is Male,No,Yes,Yes,Yes,Yes,No,No,No,No,No
1071,15,52,,Subject is Male,Yes,Yes,Yes,Yes,Yes,No,No,No,No,No
1033,17,19,,Subject is Male,No,No,Yes,Yes,Yes,No,No,No,No,No
1058,17,39,,Subject is Male,No,No,Yes,Yes,Yes,No,No,No,No,No
1070,17,51,,Subject is Male,No,No,Yes,Yes,Yes,No,No,No,No,No
1082,17,57,,Subject is Male,Yes,No,Yes,Yes,Yes,No,No,No,No,No
1050,20,34,,Subject is Male,No,No,Yes,Yes,Yes,No,No,No,No,No
1069,20,50,,Subject is Male,No,No,Yes,Yes,Yes,No,No,No,No,No
1083,20,58,,Subject is Male,Yes,No,Yes,Yes,Yes,No,No,No,No,No