ParentLoginVisitID,DeidentID,RecID,CTR3FinStatus,CTR3FinStatusExtended
,1,1,Study Completion,
,2,17,Study Completion,Study Completion
,3,18,Study Completion,Study Completion
,4,19,Study Completion,Study Completion
,5,21,Study Completion,Study Completion
,6,24,Study Completion,Study Completion
,7,25,Study Completion,Study Completion
,8,28,Study Completion,Study Completion
,9,9,Study Completion,N/A
,10,27,Study Completion,Study Completion
,11,23,Study Completion,Study Completion
,12,2,Study Completion,N/A
,13,22,Study Completion,Study Completion
,14,26,Study Completion,Study Completion
,15,20,Study Completion,Study Completion
,16,3,Study Completion,Subject withdrew
,17,29,Study Completion,Study Completion
,18,4,Study Completion,Subject withdrew
,19,5,Study Completion,Subject withdrew
,20,30,Study Completion,Study Completion
,21,6,Study Completion,N/A
,22,7,Study Completion,N/A
,23,8,Study Completion,N/A
,24,10,Study Completion,N/A
,25,11,Study Completion,N/A
,26,12,Study Completion,N/A
,27,13,Study Completion,N/A
,28,14,Study Completion,N/A
,29,15,Study Completion,N/A
,30,16,Study Completion,N/A