institution_id,institution_name,city,state,country,tenant_id
INST-001,University of Virginia,Charlottesville,Virginia,United States,CTR001
INST-002,Jaeb Center for Health Research,Tampa,Florida,United States,CTR001
INST-003,University of Montpellier,,,France,CTR001
INST-004,University of Padova,,,Italy,CTR001
INST-005,Stanford University,,,United States,CTR001
INST-006,William Sansum Diabetes Center,Southern California,,United States,CTR001
INST-007,National Center for Childhood Diabetes,,,Israel,CTR001