investigator_id,investigator_name,email,institution_id,study_id,tenant_id
INV-001,Roy W. Beck,roy_w_beck_020@example.com,INST-002,CTR3,CTR001
INV-002,Boris Kovatchev,boris_kovatchev_1@example.com,INST-001,CTR3,CTR001
INV-003,Stacey Anderson,stacey_m_anderson_1@example.com,INST-001,CTR3,CTR001
INV-004,Eric Renard,eric_renard_5@example.com,INST-003,CTR3,CTR001
INV-005,Claudio Cobelli,claudio_cobelli_18@example.com,INST-004,CTR3,CTR001
INV-006,Bruce A. Buckingham,bruce_a_buckingham_6@example.com,INST-005,CTR3,CTR001
INV-007,Francis J. Doyle III,francis_j_doyle_8@example.com,INST-006,CTR3,CTR001
INV-008,Moshe Phillip,moshe_phillip_7@example.com,INST-007,CTR3,CTR001