ParentLoginVisitID,DeidentID,RecID,NonPContDt,NonPContType,SysProb,ReasonForCommunication,ANSNotified,ANSNotifiedAdvEvent
,1,38,2013-12-27 00:00:00,Text,No,,,
,1,39,2014-01-12 00:00:00,Text,No,,,
,1,40,2014-01-13 00:00:00,Phone,No,,,
,1,41,2014-02-15 00:00:00,Text,No,,,
,1,87,2014-04-19 00:00:00,Email,No,,,
,2,1,2013-11-27 00:00:00,Phone,No,,,
,2,2,2013-12-02 00:00:00,Phone,No,,,
,2,3,2013-12-01 00:00:00,Phone,No,,,
,2,26,2013-11-14 00:00:00,Text,No,,,
,2,27,2013-11-26 00:00:00,Text,Yes,,,
,2,28,2013-11-30 00:00:00,Text,Yes,,,
,2,85,2014-03-11 00:00:00,Email,No,,,
,2,147,2014-05-20 00:00:00,Text,Yes,Technical,Yes,Possibly
,2,148,2014-05-21 00:00:00,Text,Yes,Technical,Yes,Unlikely
,2,149,2014-05-25 00:00:00,Text,Yes,Technical,Yes,Unlikely
,2,29,2013-12-02 00:00:00,Text,No,,,
,2,30,2013-12-05 00:00:00,Text,No,,,
,2,31,2013-12-18 00:00:00,Text,Yes,,,
,2,32,2013-12-19 00:00:00,Text,Yes,,,
,2,33,2013-12-23 00:00:00,Text,No,,,
,2,42,2014-01-08 00:00:00,Text,No,,,
,3,88,2014-11-11 00:00:00,Email,No,,,
,3,150,2015-01-20 00:00:00,Text,Yes,Technical,Yes,Unlikely
,3,151,2015-01-21 00:00:00,Text,No,Technical,Yes,Unlikely
,4,4,2012-06-27 00:00:00,Phone,No,,,
,4,9,2012-06-06 00:00:00,Text,No,,,
,4,10,2012-06-07 00:00:00,Text,Yes,,,
,4,11,2012-06-08 00:00:00,Text,No,,,
,4,12,2012-06-22 00:00:00,Text,Yes,,,
,4,13,2012-06-20 00:00:00,Text,No,,,
,4,86,2012-10-05 00:00:00,Email,No,,,
,4,152,2012-11-27 00:00:00,Text,No,Technical,Yes,Unlikely
,4,153,2012-12-17 00:00:00,Text,No,Other,No,
,4,154,2012-12-19 00:00:00,Text,No,Technical,Yes,Unlikely
,4,183,2012-12-29 00:00:00,Text,No,Other,No,
,4,20,2012-07-06 00:00:00,Text,Yes,,,
,4,21,2012-07-06 00:00:00,Text,No,,,
,4,22,2012-07-08 00:00:00,Text,No,,,
,4,23,2012-07-12 00:00:00,Text,No,,,
,4,24,2012-07-13 00:00:00,Text,No,,,
,4,25,2012-07-13 00:00:00,Text,No,,,
,4,14,2012-06-27 00:00:00,Text,No,,,
,4,15,2012-06-28 00:00:00,Text,Yes,,,
,4,16,2012-07-01 00:00:00,Text,No,,,
,4,17,2012-07-01 00:00:00,Text,No,,,
,4,18,2012-07-05 00:00:00,Text,No,,,
,4,19,2012-07-06 00:00:00,Text,No,,,
,5,89,2014-05-26 00:00:00,Email,No,,,
,5,155,2014-07-26 00:00:00,Text,Yes,Technical,Yes,Unlikely
,5,156,2014-08-08 00:00:00,Text,Yes,Technical,Yes,Possibly
,5,157,2014-08-10 00:00:00,Phone,Yes,Technical,Yes,Possibly
,5,158,2014-08-12 00:00:00,Text,Yes,Technical,Yes,Possibly
,6,74,2014-05-27 00:00:00,Phone,No,,,
,6,90,2014-06-23 00:00:00,Phone,No,,,
,6,111,2014-07-20 00:00:00,Office Visit,No,,,
,6,134,2014-09-07 00:00:00,Email,Yes,Technical,No,
,6,135,2014-09-09 00:00:00,Text,No,Technical,Yes,Unlikely
,6,136,2014-09-09 00:00:00,Text,Yes,Technical,No,
,6,362,2014-12-04 00:00:00,Text,No,Technical,Yes,Unlikely
,6,363,2014-12-07 00:00:00,Phone,No,Technical,Yes,Unlikely
,6,364,2014-12-12 00:00:00,Text,Yes,Technical,Yes,Unlikely
,6,395,2014-10-27 00:00:00,Text,No,Technical,Yes,Unlikely
,6,397,2014-10-30 00:00:00,Text,No,Technical,Yes,Unlikely
,6,398,2014-12-12 00:00:00,Text,Yes,Technical,Yes,Unlikely
,6,168,2014-09-12 00:00:00,Text,No,Technical,No,
,6,184,2014-09-17 00:00:00,Text,No,Technical,Yes,Unlikely
,6,185,2014-09-19 00:00:00,Text,No,Technical,Yes,Unlikely
,6,202,2014-09-24 00:00:00,Text,No,Technical,Yes,Unlikely
,6,203,2014-10-03 00:00:00,Text,Yes,Technical,Yes,Unlikely
,6,204,2014-10-11 00:00:00,Email,Yes,Other,No,
,7,64,2014-10-31 00:00:00,Text,No,,,
,7,73,2014-11-12 00:00:00,Phone,No,,,
,7,91,2014-12-09 00:00:00,Phone,No,,,
,7,113,2015-01-06 00:00:00,Office Visit,No,,,
,7,127,2015-01-15 00:00:00,Office Visit,Yes,Technical,No,
,7,137,2015-02-25 00:00:00,Phone,Yes,Technical,No,
,7,417,2015-06-25 00:00:00,Text,Yes,Technical,No,
,7,418,2015-07-05 00:00:00,Text,Yes,Technical,No,
,7,391,2015-04-20 00:00:00,Text,No,Technical,Yes,Unlikely
,7,392,2015-05-16 00:00:00,Text,No,Technical,Yes,Unlikely
,7,413,2015-06-12 00:00:00,Text,Yes,Technical,Yes,Unlikely
,7,414,2015-06-16 00:00:00,Text,Yes,Technical,Yes,Unlikely
,7,415,2015-06-17 00:00:00,Text,Yes,Technical,No,
,7,416,2015-06-15 00:00:00,Text,Yes,Technical,No,
,7,384,2015-03-31 00:00:00,Text,Yes,Technical,Yes,Unlikely
,7,386,2015-06-18 00:00:00,Text,No,Technical,No,
,7,387,2015-07-14 00:00:00,Text,No,Technical,Yes,Unlikely
,7,388,2015-05-20 00:00:00,Text,No,Technical,Yes,Unlikely
,7,389,2015-05-19 00:00:00,Text,No,Technical,Yes,Unlikely
,7,390,2015-04-15 00:00:00,Text,No,Technical,Yes,Unlikely
,7,378,2015-03-13 00:00:00,Text,No,Technical,Yes,Unlikely
,7,379,2015-03-13 00:00:00,Text,No,Technical,Yes,Unlikely
,7,380,2015-03-16 00:00:00,Text,Yes,Technical,Yes,Unlikely
,7,381,2015-03-16 00:00:00,Text,No,Technical,Yes,Unlikely
,7,382,2015-03-20 00:00:00,Text,Yes,Technical,No,
,7,383,2015-03-27 00:00:00,Text,No,Technical,No,
,7,341,2015-04-29 00:00:00,Text,Yes,Technical,No,
,7,342,2015-05-12 00:00:00,Text,Yes,Technical,No,
,7,374,2015-05-28 00:00:00,Text,No,Technical,Yes,Unlikely
,7,375,2015-05-23 00:00:00,Phone,No,Technical,Yes,Unlikely
,7,376,2015-03-06 00:00:00,Text,Yes,Technical,No,
,7,377,2015-03-08 00:00:00,Text,Yes,Technical,Yes,Unlikely
,7,327,2015-02-27 00:00:00,Text,Yes,Technical,Yes,Unlikely
,7,328,2015-03-03 00:00:00,Text,Yes,Technical,Yes,Unlikely
,7,337,2015-04-18 00:00:00,Text,No,Technical,Yes,Unlikely
,7,338,2015-04-18 00:00:00,Text,Yes,Technical,Yes,Unlikely
,7,339,2015-04-25 00:00:00,Text,Yes,Technical,Yes,Unlikely
,7,340,2015-04-26 00:00:00,Text,Yes,Technical,No,
,7,217,2015-03-28 00:00:00,Text,Yes,Technical,No,
,7,218,2015-03-29 00:00:00,Phone,Yes,Technical,No,
,7,222,2015-03-16 00:00:00,Text,No,Technical,No,
,7,252,2015-04-05 00:00:00,Text,No,Technical,Yes,Unlikely
,7,253,2015-04-05 00:00:00,Text,No,Technical,No,
,7,326,2015-02-27 00:00:00,Text,Yes,Technical,Yes,Unlikely
,7,211,2015-03-14 00:00:00,Text,No,Technical,No,
,7,212,2015-03-14 00:00:00,Text,No,Technical,No,
,7,213,2015-03-14 00:00:00,Text,No,Technical,No,
,7,214,2015-03-15 00:00:00,Text,No,Technical,Yes,Unlikely
,7,215,2015-03-19 00:00:00,Text,Yes,Technical,No,
,7,216,2015-03-22 00:00:00,Text,Yes,Other,No,
,7,189,2015-03-07 00:00:00,Text,Yes,Technical,Yes,Unlikely
,7,190,2015-03-07 00:00:00,Text,No,Technical,Yes,Unlikely
,7,205,2015-03-08 00:00:00,Text,No,Technical,Yes,Unlikely
,7,206,2015-03-10 00:00:00,Text,Yes,Technical,No,
,7,209,2015-03-13 00:00:00,Text,No,Technical,Yes,Unlikely
,7,210,2015-03-14 00:00:00,Text,No,Technical,Yes,Unlikely
,7,160,2015-03-02 00:00:00,Text,Yes,Technical,No,
,7,161,2015-03-02 00:00:00,Text,Yes,Technical,Yes,Unlikely
,7,167,2015-03-01 00:00:00,Text,Yes,Technical,No,
,7,186,2015-03-04 00:00:00,Text,No,Technical,Yes,Unlikely
,7,187,2015-03-08 00:00:00,Text,Yes,Technical,Yes,Unlikely
,7,188,2015-03-08 00:00:00,Text,No,Technical,Yes,Unlikely
,8,76,2014-04-20 00:00:00,Office Visit,Yes,,,
,8,77,2014-04-26 00:00:00,Phone,No,,,
,8,92,2014-05-24 00:00:00,Phone,No,,,
,8,122,2014-07-10 00:00:00,Office Visit,No,,,
,8,131,2014-07-21 00:00:00,Phone,No,Other,No,
,8,162,2014-08-13 00:00:00,Text,Yes,Technical,No,
,8,424,2014-12-21 00:00:00,Text,No,Safety,Yes,Unlikely
,8,425,2014-12-19 00:00:00,Text,No,Other,No,
,8,426,2014-12-05 00:00:00,Text,No,Technical,No,
,8,427,2014-11-23 00:00:00,Text,No,Technical,Yes,Unlikely
,8,359,2014-11-08 00:00:00,Text,No,Technical,Yes,Unlikely
,8,360,2014-11-08 00:00:00,Text,No,Safety,Yes,Unlikely
,8,361,2014-11-20 00:00:00,Text,No,Safety,Yes,Unlikely
,8,393,2014-12-23 00:00:00,Text,No,Other,Yes,Unlikely
,8,394,2014-12-25 00:00:00,Text,No,Other,No,
,8,423,2014-12-28 00:00:00,Text,No,Technical,Yes,Unlikely
,8,350,2014-10-08 00:00:00,Text,No,Technical,Yes,Unlikely
,8,351,2014-10-13 00:00:00,Text,No,Other,No,
,8,352,2014-10-19 00:00:00,Text,No,Safety,Yes,Unlikely
,8,353,2014-11-01 00:00:00,Text,No,Safety,Yes,Unlikely
,8,357,2014-11-03 00:00:00,Text,No,Technical,Yes,Unlikely
,8,358,2014-11-04 00:00:00,Text,No,Technical,Yes,Unlikely
,8,344,2014-09-28 00:00:00,Text,Yes,Technical,Yes,Unlikely
,8,345,2014-09-29 00:00:00,Email,Yes,Technical,No,
,8,346,2014-10-01 00:00:00,Text,No,Technical,No,
,8,347,2014-10-02 00:00:00,Office Visit,Yes,Technical,No,
,8,348,2014-10-05 00:00:00,Text,No,Other,Yes,Unlikely
,8,349,2014-10-06 00:00:00,Text,Yes,Technical,No,
,8,221,2014-08-20 00:00:00,Text,No,Technical,Yes,Unlikely
,8,223,2014-08-20 00:00:00,Text,No,Technical,Yes,Unlikely
,8,224,2014-08-23 00:00:00,Text,No,Technical,Yes,Unlikely
,8,225,2014-09-14 00:00:00,Text,No,Other,No,
,8,226,2014-09-15 00:00:00,Phone,No,Other,No,
,8,343,2014-09-28 00:00:00,Text,No,Other,Yes,Unlikely
,8,166,2014-08-13 00:00:00,Text,Yes,Technical,Yes,Unlikely
,8,171,2014-08-16 00:00:00,Phone,No,Technical,No,
,8,172,2014-08-15 00:00:00,Text,No,Technical,No,
,8,173,2014-08-16 00:00:00,Text,Yes,Technical,Yes,Unlikely
,8,219,2014-08-16 00:00:00,Office Visit,No,Technical,No,
,8,220,2014-08-20 00:00:00,Text,No,Technical,Yes,Unlikely
,9,59,2014-11-17 00:00:00,Phone,No,,,
,9,78,2014-12-12 00:00:00,Phone,No,,,
,9,93,2015-01-12 00:00:00,Phone,No,,,
,9,95,2014-12-09 00:00:00,Phone,No,,,
,9,114,2015-02-05 00:00:00,Office Visit,No,,,
,9,144,2015-03-27 00:00:00,Text,Yes,Technical,Yes,Unlikely
,9,145,2015-03-30 00:00:00,Text,Yes,Technical,Yes,Unlikely
,9,146,2015-03-28 00:00:00,Text,Yes,Technical,Yes,Unlikely
,9,207,2015-04-04 00:00:00,Text,No,Safety,No,
,9,208,2015-04-04 00:00:00,Text,No,Technical,Yes,Unlikely
,10,72,2012-10-01 00:00:00,Phone,No,,,
,10,94,2012-11-01 00:00:00,Phone,No,,,
,10,428,2013-05-06 00:00:00,Text,No,Technical,No,
,10,332,2013-03-25 00:00:00,Text,Yes,Technical,Yes,Unlikely
,10,333,2013-03-07 00:00:00,Text,Yes,Technical,No,
,10,334,2013-03-05 00:00:00,Text,Yes,Technical,No,
,10,335,2013-03-05 00:00:00,Text,No,Technical,Yes,Unlikely
,10,399,2013-03-03 00:00:00,Text,No,Other,Yes,Unlikely
,10,400,2013-03-14 00:00:00,Text,No,Technical,Yes,Unlikely
,10,233,2013-02-09 00:00:00,Text,Yes,Technical,No,
,10,234,2013-02-15 00:00:00,Text,Yes,Technical,Yes,Unlikely
,10,235,2013-02-15 00:00:00,Text,Yes,Technical,Yes,Unlikely
,10,236,2013-02-15 00:00:00,Text,Yes,Technical,Yes,Unlikely
,10,237,2013-02-16 00:00:00,Text,Yes,Technical,No,
,10,251,2013-02-23 00:00:00,Text,No,Technical,No,
,10,227,2013-01-25 00:00:00,Text,No,Technical,Yes,Unlikely
,10,228,2013-01-25 00:00:00,Phone,No,Technical,No,
,10,229,2013-01-26 00:00:00,Text,No,Technical,Yes,Unlikely
,10,230,2013-01-28 00:00:00,Text,No,Technical,Yes,Unlikely
,10,231,2013-01-29 00:00:00,Text,Yes,Technical,Yes,Unlikely
,10,232,2013-02-02 00:00:00,Text,No,Technical,No,
,10,142,2013-01-15 00:00:00,Text,Yes,Technical,No,
,10,143,2013-01-17 00:00:00,Text,Yes,Technical,No,
,10,163,2013-01-18 00:00:00,Text,Yes,Technical,No,
,10,164,2013-01-18 00:00:00,Text,No,Technical,Yes,Unlikely
,10,165,2013-01-18 00:00:00,Text,Yes,Technical,Yes,Unlikely
,11,34,2012-07-16 00:00:00,Phone,Yes,,,
,11,35,2012-07-16 00:00:00,Phone,Yes,,,
,11,36,2012-07-19 00:00:00,Phone,No,,,
,11,37,2012-07-25 00:00:00,Phone,Yes,,,
,11,48,2012-08-04 00:00:00,Text,No,,,
,11,53,2012-08-06 00:00:00,Phone,No,,,
,11,355,2013-03-30 00:00:00,Phone,Yes,Technical,No,
,11,368,2013-03-30 00:00:00,Text,Yes,Technical,Yes,Unlikely
,11,369,2013-04-04 00:00:00,Office Visit,Yes,Technical,Yes,Unlikely
,11,370,2013-04-06 00:00:00,Office Visit,Yes,Technical,No,
,11,248,2013-01-31 00:00:00,Phone,Yes,Other,No,
,11,257,2013-02-02 00:00:00,Text,Yes,Technical,No,
,11,258,2013-02-02 00:00:00,Phone,Yes,Other,Yes,Unlikely
,11,310,2013-02-17 00:00:00,Office Visit,No,Other,No,
,11,311,2013-02-26 00:00:00,Phone,Yes,Technical,No,
,11,320,2013-03-06 00:00:00,Office Visit,Yes,Technical,No,
,11,195,2013-01-04 00:00:00,Text,No,Technical,Yes,Unlikely
,11,196,2013-01-05 00:00:00,Office Visit,Yes,Other,Yes,Unlikely
,11,199,2013-01-13 00:00:00,Phone,Yes,Technical,No,
,11,201,2013-01-19 00:00:00,Office Visit,Yes,Technical,Yes,Unlikely
,11,243,2013-01-30 00:00:00,Phone,No,Other,No,
,11,244,2013-01-30 00:00:00,Office Visit,No,Other,No,
,11,80,2012-09-26 00:00:00,Email,No,,,
,11,97,2012-10-16 00:00:00,Office Visit,No,,,
,11,139,2012-12-19 00:00:00,Phone,Yes,Technical,No,
,11,169,2012-12-21 00:00:00,Office Visit,Yes,Technical,No,
,11,182,2012-12-26 00:00:00,Phone,Yes,Technical,No,
,11,192,2012-12-28 00:00:00,Text,No,Technical,Yes,Unlikely
,11,61,2012-08-15 00:00:00,Phone,No,,,
,11,62,2012-08-18 00:00:00,Phone,No,,,
,11,63,2012-08-22 00:00:00,Phone,Yes,,,
,11,66,2012-09-01 00:00:00,Office Visit,No,,,
,11,75,2012-09-22 00:00:00,Office Visit,No,,,
,11,79,2012-07-28 00:00:00,Phone,No,,,
,12,54,2013-08-05 00:00:00,Phone,No,,,
,12,67,2013-08-29 00:00:00,Phone,No,,,
,12,70,2013-08-27 00:00:00,Phone,No,,,
,12,81,2013-09-23 00:00:00,Office Visit,No,,,
,12,107,2013-10-03 00:00:00,Email,No,,,
,12,108,2013-10-15 00:00:00,Email,No,,,
,12,109,2013-10-17 00:00:00,Email,No,,,
,12,128,2013-11-25 00:00:00,Office Visit,No,Technical,No,
,13,43,2012-03-26 00:00:00,Phone,No,,,
,13,47,2012-04-03 00:00:00,Text,Yes,,,
,13,49,2012-04-04 00:00:00,Phone,No,,,
,13,55,2012-04-08 00:00:00,Phone,No,,,
,13,65,2012-05-02 00:00:00,Phone,No,,,
,13,82,2012-05-28 00:00:00,Phone,No,,,
,13,356,2012-11-27 00:00:00,Text,No,Other,No,
,13,371,2012-12-06 00:00:00,Text,Yes,Technical,Yes,Unlikely
,13,245,2012-09-30 00:00:00,Phone,Yes,Technical,No,
,13,259,2012-10-01 00:00:00,Text,Yes,Scheduling,No,
,13,260,2012-10-03 00:00:00,Office Visit,Yes,Technical,No,
,13,261,2012-10-04 00:00:00,Text,Yes,Technical,Yes,Possibly
,13,312,2012-10-28 00:00:00,Phone,No,Technical,No,
,13,321,2012-11-05 00:00:00,Phone,No,Safety,Yes,Possibly
,13,174,2012-08-23 00:00:00,Phone,No,Technical,Yes,Unlikely
,13,175,2012-08-24 00:00:00,Phone,Yes,Technical,Yes,Unlikely
,13,180,2012-08-26 00:00:00,Phone,No,Other,No,
,13,193,2012-08-30 00:00:00,Office Visit,Yes,Technical,No,
,13,194,2012-08-31 00:00:00,Phone,Yes,Technical,Yes,Unlikely
,13,242,2012-09-29 00:00:00,Phone,Yes,Other,No,
,13,132,2012-08-18 00:00:00,Text,Yes,Technical,No,
,13,133,2012-08-18 00:00:00,Text,No,Other,Yes,Unlikely
,13,138,2012-08-19 00:00:00,Text,No,Technical,Yes,Unlikely
,13,141,2012-08-19 00:00:00,Text,No,Technical,Yes,Unlikely
,13,159,2012-08-20 00:00:00,Phone,Yes,Technical,No,
,13,170,2012-08-22 00:00:00,Text,Yes,Technical,Yes,Unlikely
,14,44,2013-09-08 00:00:00,Text,No,,,
,14,46,2013-09-09 00:00:00,Phone,Yes,,,
,14,50,2013-09-13 00:00:00,Text,Yes,,,
,14,51,2013-09-14 00:00:00,Phone,Yes,,,
,14,52,2013-09-14 00:00:00,Text,No,,,
,14,57,2013-09-14 00:00:00,Text,No,,,
,14,372,2014-05-14 00:00:00,Text,Yes,Safety,No,
,14,396,2014-06-11 00:00:00,Text,No,Technical,No,
,14,410,2014-06-26 00:00:00,Phone,Yes,Technical,Yes,Possibly
,14,412,2014-07-19 00:00:00,Text,No,Technical,No,
,14,432,2014-07-14 00:00:00,Text,No,Technical,No,
,14,198,2014-02-14 00:00:00,Text,No,Other,No,
,14,200,2014-02-23 00:00:00,Email,No,Technical,No,
,14,263,2014-03-15 00:00:00,Text,No,Other,No,
,14,266,2014-03-03 00:00:00,Email,No,Technical,No,
,14,325,2014-04-22 00:00:00,Phone,No,Safety,Yes,Unlikely
,14,365,2014-05-17 00:00:00,Phone,No,Technical,No,
,14,110,2013-12-02 00:00:00,Phone,No,,,
,14,176,2014-01-30 00:00:00,Text,No,Other,No,
,14,177,2014-01-27 00:00:00,Phone,No,Other,Yes,Unlikely
,14,178,2014-01-29 00:00:00,Text,No,Other,No,
,14,179,2014-01-30 00:00:00,Text,No,Other,No,
,14,181,2014-02-01 00:00:00,Text,No,Safety,Yes,Unlikely
,14,58,2013-09-15 00:00:00,Phone,No,,,
,14,60,2013-09-13 00:00:00,Text,No,,,
,14,68,2013-10-08 00:00:00,Phone,No,,,
,14,71,2013-10-06 00:00:00,Phone,No,,,
,14,83,2013-11-01 00:00:00,Email,No,,,
,14,106,2013-11-29 00:00:00,Office Visit,No,,,
,15,45,2012-05-04 00:00:00,Text,Yes,,,
,15,56,2012-05-09 00:00:00,Phone,No,,,
,15,69,2012-06-02 00:00:00,Phone,No,,,
,15,84,2012-06-26 00:00:00,Email,No,,,
,15,140,2012-09-18 00:00:00,Phone,Yes,Technical,No,
,15,191,2012-09-27 00:00:00,Text,Yes,Technical,No,
,15,264,2012-11-07 00:00:00,Office Visit,No,Other,No,
,15,265,2012-11-08 00:00:00,Text,Yes,Technical,No,
,15,336,2012-12-25 00:00:00,Phone,No,Technical,No,
,15,373,2013-01-10 00:00:00,Text,Yes,Scheduling,No,
,15,197,2012-10-10 00:00:00,Text,Yes,Technical,No,
,15,247,2012-11-01 00:00:00,Email,Yes,Other,No,
,15,250,2012-11-02 00:00:00,Email,Yes,Other,No,
,15,254,2012-11-02 00:00:00,Email,No,Other,No,
,15,256,2012-11-03 00:00:00,Email,No,Other,Yes,Unlikely
,15,262,2012-11-05 00:00:00,Email,Yes,Technical,Yes,Possibly
,16,96,2012-07-26 00:00:00,Phone,Yes,,,
,16,98,2012-07-29 00:00:00,Phone,No,,,
,16,99,2012-08-16 00:00:00,Phone,No,,,
,17,5,2013-06-06 00:00:00,Phone,No,,,
,17,6,2013-06-09 00:00:00,Phone,No,,,
,17,7,2013-06-16 00:00:00,Phone,No,,,
,17,8,2013-06-23 00:00:00,Phone,No,,,
,17,104,2013-10-06 00:00:00,Phone,No,,,
,17,105,2013-10-12 00:00:00,Phone,No,,,
,17,431,2014-06-13 00:00:00,Phone,No,Technical,No,
,17,433,2014-06-16 00:00:00,Office Visit,No,Safety,No,
,17,434,2014-06-16 00:00:00,Office Visit,Yes,Technical,No,
,17,437,2014-06-18 00:00:00,Phone,Yes,Technical,No,
,17,439,2014-06-19 00:00:00,Office Visit,Yes,Technical,No,
,17,440,2014-06-20 00:00:00,Text,Yes,Technical,No,
,17,408,2014-05-13 00:00:00,Text,Yes,Technical,No,
,17,409,2014-05-14 00:00:00,Text,No,Technical,Yes,Unlikely
,17,411,2014-05-28 00:00:00,Phone,Yes,Technical,No,
,17,419,2014-06-08 00:00:00,Phone,Yes,Technical,No,
,17,429,2014-06-11 00:00:00,Phone,No,Technical,No,
,17,430,2014-06-12 00:00:00,Phone,Yes,Technical,No,
,17,246,2014-01-24 00:00:00,Text,No,Safety,No,
,17,269,2014-02-01 00:00:00,Text,No,Safety,Yes,Possibly
,17,271,2014-02-04 00:00:00,Phone,No,Safety,Yes,Unlikely
,17,329,2014-03-12 00:00:00,Text,Yes,Technical,No,
,17,403,2014-05-01 00:00:00,Phone,Yes,Technical,No,
,17,404,2014-05-03 00:00:00,Office Visit,Yes,Technical,No,
,19,103,2014-09-20 00:00:00,Phone,No,,,
,19,117,2014-10-23 00:00:00,Phone,Yes,,,
,19,118,2014-10-23 00:00:00,Phone,No,,,
,20,100,2013-09-30 00:00:00,Phone,No,,,
,20,101,2013-10-09 00:00:00,Phone,No,,,
,20,102,2013-10-14 00:00:00,Phone,No,,,
,20,119,2013-11-06 00:00:00,Phone,Yes,,,
,20,120,2013-11-11 00:00:00,Phone,Yes,,,
,20,121,2013-11-11 00:00:00,Phone,No,,,
,20,436,2014-06-25 00:00:00,Phone,Yes,Technical,No,
,20,438,2014-06-26 00:00:00,Office Visit,No,Technical,No,
,20,406,2014-05-16 00:00:00,Office Visit,No,Technical,No,
,20,407,2014-05-18 00:00:00,Phone,Yes,Technical,No,
,20,420,2014-06-15 00:00:00,Phone,Yes,Technical,No,
,20,421,2014-06-18 00:00:00,Phone,Yes,Technical,No,
,20,422,2014-06-19 00:00:00,Office Visit,No,Technical,No,
,20,435,2014-06-24 00:00:00,Phone,Yes,Technical,No,
,20,366,2014-04-08 00:00:00,Phone,No,Other,No,
,20,367,2014-04-10 00:00:00,Text,No,Other,No,
,20,385,2014-04-19 00:00:00,Email,No,Technical,Yes,Unlikely
,20,401,2014-04-26 00:00:00,Phone,Yes,Technical,No,
,20,402,2014-04-27 00:00:00,Office Visit,Yes,Technical,No,
,20,405,2014-05-16 00:00:00,Phone,Yes,Technical,No,
,20,268,2014-02-07 00:00:00,Phone,Yes,Technical,Yes,Not assessable
,20,270,2014-02-09 00:00:00,Phone,No,Technical,No,
,20,272,2014-02-10 00:00:00,Phone,No,Safety,Yes,Unlikely
,20,330,2014-02-23 00:00:00,Phone,Yes,Technical,No,
,20,331,2014-02-24 00:00:00,Office Visit,No,Technical,No,
,20,354,2014-03-30 00:00:00,Office Visit,No,Other,No,
,20,238,2014-01-26 00:00:00,Phone,No,Technical,No,
,20,239,2014-01-27 00:00:00,Phone,Yes,Technical,No,
,20,240,2014-01-26 00:00:00,Phone,Yes,Technical,No,
,20,241,2014-01-29 00:00:00,Phone,No,Technical,No,
,20,249,2014-02-02 00:00:00,Phone,Yes,Technical,No,
,20,267,2014-02-07 00:00:00,Phone,Yes,Technical,No,
,21,273,2014-06-11 00:00:00,Text,No,Other,No,
,21,274,2014-06-11 00:00:00,Phone,No,Other,Yes,Possibly
,21,275,2014-06-12 00:00:00,Text,No,Other,No,
,21,276,2014-06-12 00:00:00,Phone,No,Safety,Yes,Possibly
,21,277,2014-06-16 00:00:00,Text,No,Other,No,
,21,278,2014-07-07 00:00:00,Text,No,Other,No,
,21,309,2014-07-19 00:00:00,Text,No,Safety,Yes,Unlikely
,21,279,2014-07-03 00:00:00,Phone,No,Technical,No,
,21,304,2014-07-10 00:00:00,Phone,No,Safety,Yes,Possibly
,21,305,2014-07-11 00:00:00,Phone,No,Safety,Yes,Possibly
,21,306,2014-07-13 00:00:00,Phone,No,Safety,Yes,Unlikely
,21,307,2014-07-15 00:00:00,Phone,No,Safety,Yes,Possibly
,21,308,2014-07-16 00:00:00,Phone,No,Safety,Yes,Possibly
,22,281,2015-01-28 00:00:00,Text,No,Technical,No,
,22,282,2015-01-29 00:00:00,Text,No,Other,No,
,22,283,2015-02-07 00:00:00,Text,No,Other,No,
,22,284,2015-02-14 00:00:00,Text,No,Other,No,
,22,285,2015-02-17 00:00:00,Text,No,Safety,No,
,22,286,2015-02-24 00:00:00,Text,Yes,Technical,Yes,Possibly
,22,303,2015-02-25 00:00:00,Text,No,Technical,Yes,Unlikely
,22,315,2015-03-01 00:00:00,Phone,No,Technical,Yes,Unlikely
,22,316,2015-03-03 00:00:00,Phone,No,Technical,No,
,23,288,2014-12-11 00:00:00,Text,No,Technical,Yes,Unlikely
,23,289,2014-12-12 00:00:00,Phone,No,Safety,Yes,Possibly
,23,290,2014-12-16 00:00:00,Text,No,Safety,Yes,Possibly
,23,291,2014-12-17 00:00:00,Phone,No,Safety,Yes,Probably
,23,292,2014-12-18 00:00:00,Text,No,Technical,No,
,23,293,2014-12-19 00:00:00,Phone,No,Safety,Yes,Possibly
,23,294,2014-12-23 00:00:00,Text,No,Other,No,
,23,295,2014-12-24 00:00:00,Phone,Yes,Technical,No,
,23,296,2015-01-02 00:00:00,Text,No,Safety,No,
,23,297,2015-01-06 00:00:00,Text,No,Other,Yes,Unlikely
,23,313,2015-01-15 00:00:00,Text,No,Safety,Yes,Possibly
,23,314,2015-01-17 00:00:00,Text,No,Safety,Yes,Possibly
,24,298,2012-09-18 00:00:00,Text,Yes,Technical,No,
,24,299,2012-09-22 00:00:00,Phone,No,Scheduling,No,
,24,300,2012-09-24 00:00:00,Phone,No,Other,No,
,24,301,2012-09-28 00:00:00,Phone,No,Other,No,
,24,302,2012-10-07 00:00:00,Phone,No,Safety,Yes,Probably
,24,317,2012-10-09 00:00:00,Phone,Yes,Technical,No,
,24,318,2012-10-12 00:00:00,Phone,No,Technical,Yes,Possibly
,24,319,2012-10-16 00:00:00,Phone,No,Safety,Yes,Unlikely
,25,280,2014-12-06 00:00:00,Text,No,Technical,No,
,25,287,2014-11-18 00:00:00,Phone,No,Technical,Yes,Unlikely
,25,322,2014-12-30 00:00:00,Text,No,Safety,Yes,Possibly
,25,323,2014-12-31 00:00:00,Phone,No,Safety,Yes,Unlikely
,25,324,2015-01-01 00:00:00,Phone,No,Other,No,
,28,112,2013-03-31 00:00:00,Phone,Yes,,,
,29,123,2013-10-30 00:00:00,Phone,Yes,,,
,29,124,2013-10-31 00:00:00,Phone,Yes,,,
,29,125,2013-11-05 00:00:00,Phone,No,,,
,29,129,2013-11-10 00:00:00,Phone,No,Other,No,
,29,130,2013-11-27 00:00:00,Phone,No,Technical,No,
,30,115,2012-12-08 00:00:00,Phone,Yes,,,
,30,126,2012-12-22 00:00:00,Phone,No,,,