DeidentID,RecID,CTR3PtStatus,SiteOrig
1,1,Completed,7
2,2,Completed,7
3,3,Completed,7
4,4,Completed,7
5,5,Completed,7
6,15,Completed,2
7,16,Completed,2
8,17,Completed,2
9,18,Completed,2
10,19,Completed,2
11,7,Completed,5
12,8,Completed,5
13,9,Completed,5
14,10,Completed,5
15,13,Completed,5
16,6,Completed,8
17,11,Completed,8
18,12,Completed,8
19,20,Completed,8
20,21,Completed,8
21,26,Completed,6
22,27,Completed,6
23,28,Completed,6
24,29,Completed,6
25,30,Completed,6
26,14,Completed,15
27,22,Completed,15
28,23,Completed,15
29,24,Completed,15
30,25,Completed,15