metadata_id,devicename,device_id,source_platform,patient_id,file_name,file_format,file_upload_date,data_start_date,data_end_date,study_id
MD-128,DEXCOM G6,,,DCLP3-001-001,cgm_tracing,CSV,,2018-07-05,2019-01-18,DCLP3
MD-129,DEXCOM G6,,,DCLP3-001-002,cgm_tracing,CSV,,2018-07-17,2019-02-01,DCLP3
MD-130,DEXCOM G6,,,DCLP3-001-003,cgm_tracing,CSV,,2018-07-19,2019-02-01,DCLP3
MD-131,DEXCOM G6,,,DCLP3-001-004,cgm_tracing,CSV,,2018-07-18,2019-01-25,DCLP3
MD-132,DEXCOM G6,,,DCLP3-001-005,cgm_tracing,CSV,,2018-07-19,2019-01-29,DCLP3
MD-133,DEXCOM G6,,,DCLP3-001-006,cgm_tracing,CSV,,2018-07-07,2019-01-18,DCLP3
MD-134,DEXCOM G6,,,DCLP3-001-007,cgm_tracing,CSV,,2018-06-27,2019-01-17,DCLP3
MD-135,DEXCOM G6,,,DCLP3-001-008,cgm_tracing,CSV,,2018-06-28,2019-01-17,DCLP3
MD-136,DEXCOM G6,,,DCLP3-001-009,cgm_tracing,CSV,,2018-07-14,2019-01-24,DCLP3
MD-137,DEXCOM G6,,,DCLP3-001-010,cgm_tracing,CSV,,2018-08-06,2019-02-22,DCLP3
MD-138,DEXCOM G6,,,DCLP3-001-011,cgm_tracing,CSV,,2018-07-21,2019-02-05,DCLP3
MD-139,DEXCOM G6,,,DCLP3-001-012,cgm_tracing,CSV,,2018-07-20,2019-02-05,DCLP3
MD-140,DEXCOM G6,,,DCLP3-001-013,cgm_tracing,CSV,,2018-07-23,2019-02-01,DCLP3
MD-141,DEXCOM G6,,,DCLP3-001-014,cgm_tracing,CSV,,2018-08-22,2019-03-01,DCLP3
MD-142,DEXCOM G6,,,DCLP3-001-015,cgm_tracing,CSV,,2018-08-10,2019-02-21,DCLP3
MD-143,DEXCOM G6,,,DCLP3-001-016,cgm_tracing,CSV,,2018-08-15,2019-03-01,DCLP3
MD-144,DEXCOM G6,,,DCLP3-001-017,cgm_tracing,CSV,,2018-07-30,2019-02-15,DCLP3
MD-145,DEXCOM G6,,,DCLP3-001-018,cgm_tracing,CSV,,2018-08-18,2019-03-01,DCLP3
MD-146,DEXCOM G6,,,DCLP3-001-019,cgm_tracing,CSV,,2018-08-24,2019-03-08,DCLP3
MD-147,DEXCOM G6,,,DCLP3-001-020,cgm_tracing,CSV,,2018-08-11,2019-03-01,DCLP3
MD-148,DEXCOM G6,,,DCLP3-001-021,cgm_tracing,CSV,,2018-08-17,2019-03-08,DCLP3
MD-149,DEXCOM G6,,,DCLP3-001-022,cgm_tracing,CSV,,2018-08-16,2019-03-08,DCLP3
MD-150,DEXCOM G6,,,DCLP3-001-023,cgm_tracing,CSV,,2018-08-24,2019-03-08,DCLP3
MD-151,DEXCOM G6,,,DCLP3-001-024,cgm_tracing,CSV,,2018-08-23,2019-03-09,DCLP3
MD-152,DEXCOM G6,,,DCLP3-002-001,cgm_tracing,CSV,,2018-07-02,2019-01-18,DCLP3
MD-153,DEXCOM G6,,,DCLP3-002-002,cgm_tracing,CSV,,2018-07-13,2019-01-22,DCLP3
MD-154,DEXCOM G6,,,DCLP3-002-003,cgm_tracing,CSV,,2018-07-14,2019-01-22,DCLP3
MD-155,DEXCOM G6,,,DCLP3-002-004,cgm_tracing,CSV,,2018-07-16,2019-01-24,DCLP3
MD-156,DEXCOM G6,,,DCLP3-002-005,cgm_tracing,CSV,,2018-08-05,2019-02-15,DCLP3
MD-157,DEXCOM G6,,,DCLP3-002-006,cgm_tracing,CSV,,2018-07-24,2019-01-28,DCLP3
MD-158,DEXCOM G6,,,DCLP3-002-007,cgm_tracing,CSV,,2018-08-31,2019-03-18,DCLP3
MD-159,DEXCOM G6,,,DCLP3-002-008,cgm_tracing,CSV,,2018-08-09,2019-02-21,DCLP3
MD-160,DEXCOM G6,,,DCLP3-002-009,cgm_tracing,CSV,,2018-08-16,2019-02-25,DCLP3
MD-161,DEXCOM G6,,,DCLP3-002-010,cgm_tracing,CSV,,2018-08-20,2019-03-11,DCLP3
MD-162,DEXCOM G6,,,DCLP3-002-011,cgm_tracing,CSV,,2018-08-28,2019-03-18,DCLP3
MD-163,DEXCOM G6,,,DCLP3-002-012,cgm_tracing,CSV,,2018-08-09,2019-02-20,DCLP3
MD-164,DEXCOM G6,,,DCLP3-002-013,cgm_tracing,CSV,,2018-08-09,2019-02-20,DCLP3
MD-165,DEXCOM G6,,,DCLP3-002-014,cgm_tracing,CSV,,2018-08-16,2019-02-27,DCLP3
MD-166,DEXCOM G6,,,DCLP3-002-015,cgm_tracing,CSV,,2018-08-17,2019-03-07,DCLP3
MD-167,DEXCOM G6,,,DCLP3-002-016,cgm_tracing,CSV,,2018-08-18,2019-02-25,DCLP3
MD-168,DEXCOM G6,,,DCLP3-002-017,cgm_tracing,CSV,,2018-09-06,2019-03-28,DCLP3
MD-169,DEXCOM G6,,,DCLP3-002-018,cgm_tracing,CSV,,2018-09-07,2019-03-27,DCLP3
MD-170,DEXCOM G6,,,DCLP3-002-019,cgm_tracing,CSV,,2018-08-28,2019-03-11,DCLP3
MD-171,DEXCOM G6,,,DCLP3-002-020,cgm_tracing,CSV,,2018-08-28,2019-03-04,DCLP3
MD-172,DEXCOM G6,,,DCLP3-002-021,cgm_tracing,CSV,,2018-08-29,2019-03-18,DCLP3
MD-173,DEXCOM G6,,,DCLP3-002-022,cgm_tracing,CSV,,2018-08-29,2019-03-13,DCLP3
MD-174,DEXCOM G6,,,DCLP3-002-023,cgm_tracing,CSV,,2018-09-20,2019-04-08,DCLP3
MD-175,DEXCOM G6,,,DCLP3-002-024,cgm_tracing,CSV,,2018-09-13,2019-04-01,DCLP3
MD-176,DEXCOM G6,,,DCLP3-003-001,cgm_tracing,CSV,,2018-07-13,2019-01-24,DCLP3
MD-177,DEXCOM G6,,,DCLP3-003-002,cgm_tracing,CSV,,2018-07-15,2019-01-28,DCLP3
MD-178,DEXCOM G6,,,DCLP3-003-003,cgm_tracing,CSV,,2018-07-05,2019-01-22,DCLP3
MD-179,DEXCOM G6,,,DCLP3-003-004,cgm_tracing,CSV,,2018-07-04,2019-01-03,DCLP3
MD-180,DEXCOM G6,,,DCLP3-003-005,cgm_tracing,CSV,,2018-07-13,2019-01-24,DCLP3
MD-181,DEXCOM G6,,,DCLP3-003-006,cgm_tracing,CSV,,2018-07-05,2019-01-23,DCLP3
MD-182,DEXCOM G6,,,DCLP3-003-007,cgm_tracing,CSV,,2018-07-10,2019-01-23,DCLP3
MD-183,DEXCOM G6,,,DCLP3-003-008,cgm_tracing,CSV,,2018-07-21,2019-02-04,DCLP3
MD-184,DEXCOM G6,,,DCLP3-003-009,cgm_tracing,CSV,,2018-07-25,2019-02-11,DCLP3
MD-185,DEXCOM G6,,,DCLP3-003-010,cgm_tracing,CSV,,2018-07-11,2019-01-22,DCLP3
MD-186,DEXCOM G6,,,DCLP3-003-011,cgm_tracing,CSV,,2018-07-16,2019-01-29,DCLP3
MD-187,DEXCOM G6,,,DCLP3-003-012,cgm_tracing,CSV,,2018-07-30,2019-02-11,DCLP3
MD-188,DEXCOM G6,,,DCLP3-003-013,cgm_tracing,CSV,,2018-07-17,2019-01-30,DCLP3
MD-189,DEXCOM G6,,,DCLP3-003-014,cgm_tracing,CSV,,2018-07-18,2019-01-31,DCLP3
MD-190,DEXCOM G6,,,DCLP3-003-015,cgm_tracing,CSV,,2018-07-31,2019-02-08,DCLP3
MD-191,DEXCOM G6,,,DCLP3-003-016,cgm_tracing,CSV,,2018-08-02,2019-02-13,DCLP3
MD-192,DEXCOM G6,,,DCLP3-003-017,cgm_tracing,CSV,,2018-08-05,2019-02-19,DCLP3
MD-193,DEXCOM G6,,,DCLP3-003-018,cgm_tracing,CSV,,2018-08-22,2019-03-11,DCLP3
MD-194,DEXCOM G6,,,DCLP3-003-019,cgm_tracing,CSV,,2018-08-07,2019-02-21,DCLP3
MD-195,DEXCOM G6,,,DCLP3-003-020,cgm_tracing,CSV,,2018-08-25,2019-03-08,DCLP3
MD-196,DEXCOM G6,,,DCLP3-003-021,cgm_tracing,CSV,,2018-08-29,2019-03-12,DCLP3
MD-197,DEXCOM G6,,,DCLP3-003-022,cgm_tracing,CSV,,2018-08-15,2019-02-27,DCLP3
MD-198,DEXCOM G6,,,DCLP3-003-023,cgm_tracing,CSV,,2018-08-15,2019-02-28,DCLP3
MD-199,DEXCOM G6,,,DCLP3-003-024,cgm_tracing,CSV,,2018-08-23,2019-03-08,DCLP3
MD-200,DEXCOM G6,,,DCLP3-004-001,cgm_tracing,CSV,,2018-07-03,2019-01-22,DCLP3
MD-201,DEXCOM G6,,,DCLP3-004-002,cgm_tracing,CSV,,2018-07-05,2019-01-24,DCLP3
MD-202,DEXCOM G6,,,DCLP3-004-003,cgm_tracing,CSV,,2018-07-17,2019-02-05,DCLP3
MD-203,DEXCOM G6,,,DCLP3-004-004,cgm_tracing,CSV,,2018-07-08,2019-01-25,DCLP3
MD-204,DEXCOM G6,,,DCLP3-004-005,cgm_tracing,CSV,,2018-07-16,2019-01-29,DCLP3
MD-205,DEXCOM G6,,,DCLP3-004-006,cgm_tracing,CSV,,2018-07-11,2019-01-30,DCLP3
MD-206,DEXCOM G6,,,DCLP3-004-007,cgm_tracing,CSV,,2018-08-20,2019-03-04,DCLP3
MD-207,DEXCOM G6,,,DCLP3-004-008,cgm_tracing,CSV,,2018-07-17,2019-02-01,DCLP3
MD-208,DEXCOM G6,,,DCLP3-004-009,cgm_tracing,CSV,,2018-07-26,2019-02-05,DCLP3
MD-209,DEXCOM G6,,,DCLP3-004-010,cgm_tracing,CSV,,2018-07-18,2019-01-30,DCLP3
MD-210,DEXCOM G6,,,DCLP3-004-011,cgm_tracing,CSV,,2018-07-23,2019-01-28,DCLP3
MD-211,DEXCOM G6,,,DCLP3-004-012,cgm_tracing,CSV,,2018-07-13,2019-01-18,DCLP3
MD-212,DEXCOM G6,,,DCLP3-004-013,cgm_tracing,CSV,,2018-07-16,2019-01-31,DCLP3
MD-213,DEXCOM G6,,,DCLP3-004-014,cgm_tracing,CSV,,2018-07-16,2019-01-24,DCLP3
MD-214,DEXCOM G6,,,DCLP3-004-015,cgm_tracing,CSV,,2018-07-24,2019-02-04,DCLP3
MD-215,DEXCOM G6,,,DCLP3-004-017,cgm_tracing,CSV,,2018-07-27,2019-02-08,DCLP3
MD-216,DEXCOM G6,,,DCLP3-004-018,cgm_tracing,CSV,,2018-08-14,2019-02-28,DCLP3
MD-217,DEXCOM G6,,,DCLP3-004-019,cgm_tracing,CSV,,2018-07-31,2019-02-06,DCLP3
MD-218,DEXCOM G6,,,DCLP3-004-020,cgm_tracing,CSV,,2018-08-03,2019-02-11,DCLP3
MD-219,DEXCOM G6,,,DCLP3-004-021,cgm_tracing,CSV,,2018-08-26,2019-03-18,DCLP3
MD-220,DEXCOM G6,,,DCLP3-004-022,cgm_tracing,CSV,,2018-08-09,2019-02-13,DCLP3
MD-221,DEXCOM G6,,,DCLP3-004-023,cgm_tracing,CSV,,2018-08-15,2019-03-05,DCLP3
MD-222,DEXCOM G6,,,DCLP3-004-024,cgm_tracing,CSV,,2018-08-17,2019-02-28,DCLP3
MD-223,DEXCOM G6,,,DCLP3-004-025,cgm_tracing,CSV,,2018-08-27,2019-03-08,DCLP3
MD-224,DEXCOM G6,,,DCLP3-005-001,cgm_tracing,CSV,,2018-07-25,2019-02-06,DCLP3
MD-225,DEXCOM G6,,,DCLP3-005-002,cgm_tracing,CSV,,2018-07-14,2019-01-24,DCLP3
MD-226,DEXCOM G6,,,DCLP3-005-003,cgm_tracing,CSV,,2018-07-14,2019-01-31,DCLP3
MD-227,DEXCOM G6,,,DCLP3-005-004,cgm_tracing,CSV,,2018-07-14,2019-02-01,DCLP3
MD-228,DEXCOM G6,,,DCLP3-005-005,cgm_tracing,CSV,,2018-07-17,2019-01-25,DCLP3
MD-229,DEXCOM G6,,,DCLP3-005-006,cgm_tracing,CSV,,2018-07-19,2019-02-06,DCLP3
MD-230,DEXCOM G6,,,DCLP3-005-007,cgm_tracing,CSV,,2018-07-19,2019-02-05,DCLP3
MD-231,DEXCOM G6,,,DCLP3-005-008,cgm_tracing,CSV,,2018-08-08,2019-02-17,DCLP3
MD-232,DEXCOM G6,,,DCLP3-005-009,cgm_tracing,CSV,,2018-08-05,2019-02-21,DCLP3
MD-233,DEXCOM G6,,,DCLP3-005-010,cgm_tracing,CSV,,2018-07-25,2019-02-12,DCLP3
MD-234,DEXCOM G6,,,DCLP3-005-011,cgm_tracing,CSV,,2018-07-18,2019-02-05,DCLP3
MD-235,DEXCOM G6,,,DCLP3-005-012,cgm_tracing,CSV,,2018-08-03,2019-02-14,DCLP3
MD-236,DEXCOM G6,,,DCLP3-005-013,cgm_tracing,CSV,,2018-07-20,2019-02-07,DCLP3
MD-237,DEXCOM G6,,,DCLP3-005-014,cgm_tracing,CSV,,2018-07-26,2019-02-07,DCLP3
MD-238,DEXCOM G6,,,DCLP3-005-015,cgm_tracing,CSV,,2018-08-10,2019-02-22,DCLP3
MD-239,DEXCOM G6,,,DCLP3-005-016,cgm_tracing,CSV,,2018-07-29,2019-02-08,DCLP3
MD-240,DEXCOM G6,,,DCLP3-005-017,cgm_tracing,CSV,,2018-08-27,2019-03-19,DCLP3
MD-241,DEXCOM G6,,,DCLP3-005-018,cgm_tracing,CSV,,2018-08-17,2019-03-01,DCLP3
MD-242,DEXCOM G6,,,DCLP3-005-019,cgm_tracing,CSV,,2018-08-08,2019-02-20,DCLP3
MD-243,DEXCOM G6,,,DCLP3-005-020,cgm_tracing,CSV,,2018-08-22,2019-03-11,DCLP3
MD-244,DEXCOM G6,,,DCLP3-005-021,cgm_tracing,CSV,,2018-08-23,2019-03-13,DCLP3
MD-245,DEXCOM G6,,,DCLP3-005-022,cgm_tracing,CSV,,2018-08-10,2019-02-22,DCLP3
MD-246,DEXCOM G6,,,DCLP3-005-023,cgm_tracing,CSV,,2018-08-16,2019-02-28,DCLP3
MD-247,DEXCOM G6,,,DCLP3-005-024,cgm_tracing,CSV,,2018-09-07,2019-03-20,DCLP3
MD-248,DEXCOM G6,,,DCLP3-006-001,cgm_tracing,CSV,,2018-06-29,2019-01-17,DCLP3
MD-249,DEXCOM G6,,,DCLP3-006-002,cgm_tracing,CSV,,2018-07-09,2019-01-18,DCLP3
MD-250,DEXCOM G6,,,DCLP3-006-004,cgm_tracing,CSV,,2018-07-06,2019-01-17,DCLP3
MD-251,DEXCOM G6,,,DCLP3-006-005,cgm_tracing,CSV,,2018-07-07,2019-01-18,DCLP3
MD-252,DEXCOM G6,,,DCLP3-006-006,cgm_tracing,CSV,,2018-07-08,2019-01-17,DCLP3
MD-253,DEXCOM G6,,,DCLP3-006-007,cgm_tracing,CSV,,2018-08-14,2019-03-05,DCLP3
MD-254,DEXCOM G6,,,DCLP3-006-008,cgm_tracing,CSV,,2018-07-18,2019-01-31,DCLP3
MD-255,DEXCOM G6,,,DCLP3-006-009,cgm_tracing,CSV,,2018-07-20,2019-02-08,DCLP3
MD-256,DEXCOM G6,,,DCLP3-006-010,cgm_tracing,CSV,,2018-08-09,2019-02-28,DCLP3
MD-257,DEXCOM G6,,,DCLP3-006-011,cgm_tracing,CSV,,2018-08-08,2019-02-22,DCLP3
MD-258,DEXCOM G6,,,DCLP3-006-012,cgm_tracing,CSV,,2018-08-03,2019-02-15,DCLP3
MD-259,DEXCOM G6,,,DCLP3-006-013,cgm_tracing,CSV,,2018-07-31,2019-02-07,DCLP3
MD-260,DEXCOM G6,,,DCLP3-006-014,cgm_tracing,CSV,,2018-08-16,2019-03-01,DCLP3
MD-261,DEXCOM G6,,,DCLP3-006-015,cgm_tracing,CSV,,2018-08-03,2019-02-11,DCLP3
MD-262,DEXCOM G6,,,DCLP3-006-016,cgm_tracing,CSV,,2018-08-02,2019-02-08,DCLP3
MD-263,DEXCOM G6,,,DCLP3-006-017,cgm_tracing,CSV,,2018-08-22,2019-03-05,DCLP3
MD-264,DEXCOM G6,,,DCLP3-006-018,cgm_tracing,CSV,,2018-08-09,2019-02-14,DCLP3
MD-265,DEXCOM G6,,,DCLP3-006-019,cgm_tracing,CSV,,2018-08-29,2019-03-15,DCLP3
MD-266,DEXCOM G6,,,DCLP3-006-020,cgm_tracing,CSV,,2018-08-17,2019-03-04,DCLP3
MD-267,DEXCOM G6,,,DCLP3-006-021,cgm_tracing,CSV,,2018-09-05,2019-03-22,DCLP3
MD-268,DEXCOM G6,,,DCLP3-006-022,cgm_tracing,CSV,,2018-09-19,2019-04-04,DCLP3
MD-269,DEXCOM G6,,,DCLP3-006-023,cgm_tracing,CSV,,2018-08-25,2019-03-01,DCLP3
MD-270,DEXCOM G6,,,DCLP3-006-024,cgm_tracing,CSV,,2018-09-12,2019-03-22,DCLP3
MD-271,DEXCOM G6,,,DCLP3-006-025,cgm_tracing,CSV,,2018-09-24,2019-04-08,DCLP3
MD-272,DEXCOM G6,,,DCLP3-007-001,cgm_tracing,CSV,,2018-07-18,2019-02-05,DCLP3
MD-273,DEXCOM G6,,,DCLP3-007-002,cgm_tracing,CSV,,2018-07-18,2019-02-05,DCLP3
MD-274,DEXCOM G6,,,DCLP3-007-003,cgm_tracing,CSV,,2018-07-19,2019-02-06,DCLP3
MD-275,DEXCOM G6,,,DCLP3-007-004,cgm_tracing,CSV,,2016-10-14,2019-02-07,DCLP3
MD-276,DEXCOM G6,,,DCLP3-007-005,cgm_tracing,CSV,,2018-07-19,2019-02-07,DCLP3
MD-277,DEXCOM G6,,,DCLP3-007-006,cgm_tracing,CSV,,2018-07-23,2019-02-07,DCLP3
MD-278,DEXCOM G6,,,DCLP3-007-007,cgm_tracing,CSV,,2018-08-08,2019-02-25,DCLP3
MD-279,DEXCOM G6,,,DCLP3-007-008,cgm_tracing,CSV,,2018-07-27,2019-02-06,DCLP3
MD-280,DEXCOM G6,,,DCLP3-007-009,cgm_tracing,CSV,,2018-08-11,2019-02-27,DCLP3
MD-281,DEXCOM G6,,,DCLP3-007-010,cgm_tracing,CSV,,2018-09-24,2019-04-08,DCLP3
MD-282,DEXCOM G6,,,DCLP3-007-011,cgm_tracing,CSV,,2018-09-09,2019-04-01,DCLP3
MD-283,DEXCOM G6,,,DCLP3-007-012,cgm_tracing,CSV,,2018-08-07,2019-02-25,DCLP3
MD-284,DEXCOM G6,,,DCLP3-007-013,cgm_tracing,CSV,,2018-09-18,2019-03-29,DCLP3
MD-285,DEXCOM G6,,,DCLP3-007-014,cgm_tracing,CSV,,2018-08-22,2019-03-01,DCLP3
MD-286,DEXCOM G6,,,DCLP3-007-015,cgm_tracing,CSV,,2018-08-23,2019-03-13,DCLP3
MD-287,DEXCOM G6,,,DCLP3-007-016,cgm_tracing,CSV,,2018-09-19,2019-04-04,DCLP3
MD-288,DEXCOM G6,,,DCLP3-007-017,cgm_tracing,CSV,,2018-09-19,2019-04-03,DCLP3
MD-289,DEXCOM G6,,,DCLP3-007-018,cgm_tracing,CSV,,2018-09-20,2019-04-05,DCLP3
MD-290,DEXCOM G6,,,DCLP3-007-019,cgm_tracing,CSV,,2018-09-07,2019-03-20,DCLP3
MD-291,DEXCOM G6,,,DCLP3-007-020,cgm_tracing,CSV,,2018-09-10,2019-03-28,DCLP3
MD-292,DEXCOM G6,,,DCLP3-007-021,cgm_tracing,CSV,,2018-09-12,2019-03-26,DCLP3
MD-293,DEXCOM G6,,,DCLP3-007-022,cgm_tracing,CSV,,2018-09-14,2019-04-04,DCLP3
MD-294,DEXCOM G6,,,DCLP3-007-023,cgm_tracing,CSV,,2018-09-16,2019-04-03,DCLP3
MD-295,DEXCOM G6,,,DCLP3-007-024,cgm_tracing,CSV,,2018-09-21,2019-04-09,DCLP3
