investigator_id,investigator_name,email,institution_id,study_id
INV-011,S.A. Brown,sue_a_brown_011@example.com,INST-001,DCLP3
INV-001,B.P. Kovatchev,boris_kovatchev_001@example.com,INST-001,DCLP3
INV-003,D. Raghinaru,dan_raghinaru_003@example.com,INST-001,DCLP3
INV-019,J.W. Lum,john_lum_019@example.com,INST-001,DCLP3
INV-009,B.A. Buckingham,bruce_buckingham_009@example.com,INST-001,DCLP3
INV-004,Y.C. Kudva,yogish_c_kudva_004@example.com,INST-001,DCLP3
INV-005,L.M. Laffel,lori_m_laffel_005@example.com,INST-001,DCLP3
INV-006,C.J. Levy,carol_levy_006@example.com,INST-001,DCLP3
INV-006,J.E. Pinsker,jordan_e_pinsker_007@example.com,INST-001,DCLP3
INV-008,R.P. Wadwa,r_paul_wadwa_008@example.com,INST-001,DCLP3
INV-014,E. Dassau,eyal_dassau_014@example.com,INST-001,DCLP3
INV-010,F.J. Doyle III,francis_j_doyle_010@example.com,INST-001,DCLP3
INV-002,S.M. Anderson,stacey_m_anderson_002@example.com,INST-001,DCLP3
INV-012,M.M. Church,mei_mei_church_012@example.com,INST-001,DCLP3
INV-013,V. Dadlani,vikash_dadlani_013@example.com,INST-001,DCLP3
INV-015,L. Ekhlaspour,laya_ekhlaspour_015@example.com,INST-001,DCLP3
INV-016,G.P. Forlenza,gregory_p_forlenza_016@example.com,INST-001,DCLP3
INV-017,E. Isganaitis,elvira_isganaitis_017@example.com,INST-001,DCLP3
INV-018,D.W. Lam,david_w_lam_018@example.com,INST-001,DCLP3
INV-021,C. Kollman,c_kollman@example.com,INST-001,DCLP3
INV-020,R.W. Beck,roy_w_beck_020@example.com,INST-001,DCLP3
