metadata_id,devicename,device_id,source_platform,patient_id,file_name,file_format,file_upload_date,data_start_date,data_end_date,study_id
MD-381,Dexcom G6,,,NTLT-44101,cgm_tracing,CSV,,2016-07-20,2017-03-25,NTLT
MD-382,Dexcom G6,,,NTLT-44102,cgm_tracing,CSV,,2016-06-01,2017-02-24,NTLT
MD-383,Dexcom G6,,,NTLT-44103,cgm_tracing,CSV,,2016-06-01,2017-02-24,NTLT
MD-384,Dexcom G6,,,NTLT-44104,cgm_tracing,CSV,,2016-06-02,2017-02-25,NTLT
MD-385,Dexcom G6,,,NTLT-44105,cgm_tracing,CSV,,2016-08-11,2017-05-17,NTLT
MD-386,Dexcom G6,,,NTLT-44106,cgm_tracing,CSV,,2016-07-05,2017-04-06,NTLT
MD-387,Dexcom G6,,,NTLT-44107,cgm_tracing,CSV,,2016-06-02,2017-03-18,NTLT
MD-388,Dexcom G6,,,NTLT-44108,cgm_tracing,CSV,,2016-07-16,2017-04-07,NTLT
MD-389,Dexcom G6,,,NTLT-44109,cgm_tracing,CSV,,2016-07-05,2017-04-05,NTLT
MD-390,Dexcom G6,,,NTLT-44110,cgm_tracing,CSV,,2016-07-05,2017-04-10,NTLT
MD-391,Dexcom G6,,,NTLT-44111,cgm_tracing,CSV,,2016-07-05,2017-03-31,NTLT
MD-392,Dexcom G6,,,NTLT-44114,cgm_tracing,CSV,,2016-10-19,2017-07-10,NTLT
MD-393,Dexcom G6,,,NTLT-44116,cgm_tracing,CSV,,2016-11-03,2017-05-18,NTLT
MD-394,Dexcom G6,,,NTLT-44117,cgm_tracing,CSV,,2016-12-11,2017-09-05,NTLT
MD-395,Dexcom G6,,,NTLT-44118,cgm_tracing,CSV,,2016-11-18,2017-08-24,NTLT
MD-396,Dexcom G6,,,NTLT-44123,cgm_tracing,CSV,,2016-12-15,2017-09-12,NTLT
MD-397,Dexcom G6,,,NTLT-44125,cgm_tracing,CSV,,2017-03-02,2017-03-14,NTLT
MD-398,Dexcom G6,,,NTLT-44126,cgm_tracing,CSV,,2017-02-09,2017-11-29,NTLT
MD-399,Dexcom G6,,,NTLT-44127,cgm_tracing,CSV,,2017-02-08,2017-11-25,NTLT
MD-400,Dexcom G6,,,NTLT-44128,cgm_tracing,CSV,,2017-02-17,2017-12-06,NTLT
MD-401,Dexcom G6,,,NTLT-44129,cgm_tracing,CSV,,2017-01-27,2017-11-22,NTLT
MD-402,Dexcom G6,,,NTLT-44130,cgm_tracing,CSV,,2017-03-16,2017-12-23,NTLT
MD-403,Dexcom G6,,,NTLT-44131,cgm_tracing,CSV,,2017-04-07,2018-02-23,NTLT
MD-404,Dexcom G6,,,NTLT-44132,cgm_tracing,CSV,,2017-03-22,2018-01-14,NTLT
MD-405,Dexcom G6,,,NTLT-44133,cgm_tracing,CSV,,2017-05-31,2017-12-21,NTLT
MD-406,Dexcom G6,,,NTLT-44134,cgm_tracing,CSV,,2017-04-13,2018-03-02,NTLT
MD-407,Dexcom G6,,,NTLT-44136,cgm_tracing,CSV,,2017-06-01,2018-03-06,NTLT
MD-408,Dexcom G6,,,NTLT-44137,cgm_tracing,CSV,,2017-06-01,2018-03-03,NTLT
MD-409,Dexcom G6,,,NTLT-44138,cgm_tracing,CSV,,2017-05-19,2018-03-24,NTLT
MD-410,Dexcom G6,,,NTLT-44139,cgm_tracing,CSV,,2017-06-06,2017-12-25,NTLT
MD-411,Dexcom G6,,,NTLT-44140,cgm_tracing,CSV,,2017-07-28,2018-04-17,NTLT
MD-412,Dexcom G6,,,NTLT-44141,cgm_tracing,CSV,,2017-10-27,2018-10-06,NTLT
MD-413,Dexcom G6,,,NTLT-44143,cgm_tracing,CSV,,2017-08-04,2018-05-09,NTLT
MD-414,Dexcom G6,,,NTLT-44144,cgm_tracing,CSV,,2017-07-14,2018-04-17,NTLT
MD-415,Dexcom G6,,,NTLT-44145,cgm_tracing,CSV,,2017-05-18,2018-03-19,NTLT
MD-416,Dexcom G6,,,NTLT-44146,cgm_tracing,CSV,,2017-09-07,2018-06-01,NTLT
MD-417,Dexcom G6,,,NTLT-44147,cgm_tracing,CSV,,2017-10-27,2018-09-11,NTLT
MD-418,Dexcom G6,,,NTLT-44148,cgm_tracing,CSV,,2017-09-07,2018-05-28,NTLT
MD-419,Dexcom G6,,,NTLT-44150,cgm_tracing,CSV,,2017-09-07,2018-05-21,NTLT
MD-420,Dexcom G6,,,NTLT-44151,cgm_tracing,CSV,,2017-07-21,2018-05-21,NTLT
MD-421,Dexcom G6,,,NTLT-44154,cgm_tracing,CSV,,2017-10-12,2018-07-07,NTLT
MD-422,Dexcom G6,,,NTLT-44156,cgm_tracing,CSV,,2017-11-06,2018-08-24,NTLT
MD-423,Dexcom G6,,,NTLT-44159,cgm_tracing,CSV,,2017-11-05,2018-09-25,NTLT
MD-424,Dexcom G6,,,NTLT-44160,cgm_tracing,CSV,,2017-10-27,2018-11-01,NTLT
MD-425,Dexcom G6,,,NTLT-44161,cgm_tracing,CSV,,2017-10-27,2018-09-18,NTLT
MD-426,Dexcom G6,,,NTLT-44163,cgm_tracing,CSV,,2017-11-18,2018-09-20,NTLT
MD-427,Dexcom G6,,,NTLT-44164,cgm_tracing,CSV,,2017-11-10,2018-10-26,NTLT
MD-428,Dexcom G6,,,NTLT-44165,cgm_tracing,CSV,,2017-11-10,2018-09-04,NTLT
MD-429,Dexcom G6,,,NTLT-44168,cgm_tracing,CSV,,2018-02-27,2018-11-22,NTLT
MD-430,Dexcom G6,,,NTLT-44169,cgm_tracing,CSV,,2017-12-14,2018-09-11,NTLT
MD-431,Dexcom G6,,,NTLT-44170,cgm_tracing,CSV,,2018-03-13,2018-12-11,NTLT
MD-432,Dexcom G6,,,NTLT-44171,cgm_tracing,CSV,,2017-11-17,2018-09-10,NTLT
MD-433,Dexcom G6,,,NTLT-44172,cgm_tracing,CSV,,2017-12-01,2018-09-10,NTLT
MD-434,Dexcom G6,,,NTLT-44173,cgm_tracing,CSV,,2017-12-14,2018-09-25,NTLT
MD-435,Dexcom G6,,,NTLT-44174,cgm_tracing,CSV,,2017-12-01,2018-10-10,NTLT
MD-436,Dexcom G6,,,NTLT-44175,cgm_tracing,CSV,,2018-03-22,2018-12-11,NTLT
MD-437,Dexcom G6,,,NTLT-44178,cgm_tracing,CSV,,2018-03-08,2018-12-06,NTLT
MD-438,Dexcom G6,,,NTLT-44179,cgm_tracing,CSV,,2017-11-30,2018-09-10,NTLT
MD-439,Dexcom G6,,,NTLT-44180,cgm_tracing,CSV,,2018-02-28,2018-11-23,NTLT
MD-440,Dexcom G6,,,NTLT-44181,cgm_tracing,CSV,,2018-02-10,2018-11-01,NTLT
MD-441,Dexcom G6,,,NTLT-44182,cgm_tracing,CSV,,2018-02-28,2018-11-28,NTLT
MD-442,Dexcom G6,,,NTLT-44183,cgm_tracing,CSV,,2018-02-27,2018-11-23,NTLT
MD-443,Dexcom G6,,,NTLT-44184,cgm_tracing,CSV,,2018-03-08,2018-12-06,NTLT
MD-444,Dexcom G6,,,NTLT-44185,cgm_tracing,CSV,,2018-05-10,2019-02-09,NTLT
MD-445,Dexcom G6,,,NTLT-44186,cgm_tracing,CSV,,2018-07-10,2019-03-27,NTLT
MD-446,Dexcom G6,,,NTLT-44187,cgm_tracing,CSV,,2018-06-08,2019-02-27,NTLT
MD-447,Dexcom G6,,,NTLT-44188,cgm_tracing,CSV,,2018-07-12,2019-04-17,NTLT
MD-448,Dexcom G6,,,NTLT-44189,cgm_tracing,CSV,,2018-06-26,2019-04-06,NTLT
MD-449,Dexcom G6,,,NTLT-44190,cgm_tracing,CSV,,2018-07-17,2019-04-10,NTLT
MD-450,Dexcom G6,,,NTLT-44191,cgm_tracing,CSV,,2018-06-26,2019-03-22,NTLT
MD-451,Dexcom G6,,,NTLT-44192,cgm_tracing,CSV,,2018-07-13,2019-04-09,NTLT
MD-452,Dexcom G6,,,NTLT-44193,cgm_tracing,CSV,,2018-06-26,2019-03-22,NTLT
MD-453,Dexcom G6,,,NTLT-44194,cgm_tracing,CSV,,2018-07-17,2019-04-12,NTLT
MD-454,Dexcom G6,,,NTLT-44195,cgm_tracing,CSV,,2018-06-08,2019-02-27,NTLT
MD-455,Dexcom G6,,,NTLT-44197,cgm_tracing,CSV,,2018-07-17,2019-04-12,NTLT
MD-456,Dexcom G6,,,NTLT-44198,cgm_tracing,CSV,,2018-07-19,2019-04-10,NTLT
MD-457,Dexcom G6,,,NTLT-44199,cgm_tracing,CSV,,2018-06-22,2019-03-04,NTLT
MD-458,Dexcom G6,,,NTLT-44200,cgm_tracing,CSV,,2018-07-16,2019-04-12,NTLT
MD-459,Dexcom G6,,,NTLT-44201,cgm_tracing,CSV,,2018-07-12,2019-04-10,NTLT
MD-460,Dexcom G6,,,NTLT-44202,cgm_tracing,CSV,,2018-07-10,2019-04-10,NTLT
MD-461,Dexcom G6,,,NTLT-44203,cgm_tracing,CSV,,2018-07-12,2019-04-23,NTLT
