investigator_id,investigator_name,email,institution_id,study_id
INV-001,Boris P Kovatchev,boris_kovatchev_001@example.com,INST-001,NTLT
INV-022,Laura Kollar,laura_kollar_022@example.com,INST-001,NTLT
INV-002,Stacey M Anderson,stacey_m_anderson_002@example.com,INST-001,NTLT
INV-023,Charlotte Barnett,charlotte_barnett_023@example.com,INST-001,NTLT
INV-024,Marc D Breton,marc_d_breton_024@example.com,INST-001,NTLT
INV-025,Kelly Carr,kelly_carr_025@example.com,INST-001,NTLT
INV-026,Rachel Gildersleeve,rachel_glidersleeve_026@example.com,INST-001,NTLT
INV-027,Mary C Oliveri,mary_c_oliveri_027@example.com,INST-001,NTLT
INV-028,Christian A Wakeman,christain_a_wakeman@example.com,INST-001,NTLT
INV-011,Sue A Brown,sue_a_brown_011@example.com,INST-001,NTLT
