study_id,study_name,start_date,end_date,treatment_modalities,funding_source,nct_number,study_description
NTLT,"Evening and overnight closed-loop control versus 
24/7 continuous closed-loop control for type 1 diabetes: 
a randomised crossover trial",2016-04-21,2018-06-01,,"National Institutes of Health/National 
Institute of Diabetes and Digestive and Kidney Disease (grant no 
RO1 DK 085623) Roche, 
Tandem Diabetes Care, and  Dexcom R&D Charlottesville",NCT02679287,"Automated closed-loop control delivery of insulin  also known as the artificial pancreas is emerging as a 
treatment option for type 1 diabetes which is considered generally superior to sensor-augmented insulin pump 
therapy. Evening and overnight closed-loop control might account for most of the benefits of 24/7 continuous closed loop control; however, to our knowledge, no direct comparison of these systems has yet been done. In this study, we 
sought to compare different configurations of a closed-loop control system with activation of automated insulin 
delivery during the evening and overnight hours compared with continuous 24/7 closed-loop control, and both 
treatment modalities compared with sensor-augmented insulin pump use.
Methods In this randomised crossover trial at the University of Virginia (Charlottesville, VA, USA), we randomly 
assigned (1:1) participants aged 18 to up to 70 years with a diagnosis of type 1 diabetes for at least 1 year to one of two 
sequences of four 8-week treatment sessions: sensor-augmented insulin pump therapy, evening and overnight closed loop control, continuous 24/7 closed-loop control, and evening and overnight closed-loop control (group A) or evening 
and overnight closed-loop control, continuous 24/7 closed-loop control, evening and overnight closed-loop control, 
and sensor-augmented pump therapy (group B). Randomisation was done by non-clinical study staff using a 
computer-generated sequence of Bernoulli trials. The primary outcome of the study was the difference in the 
percentage of time continuous glucose monitored glucose was less than 3 9 mmol/L (70 mg/dL) during sensor augmented pump therapy compared with evening and overnight closed-loop control. Our overall analysis followed a 
modified intention-to-treat approach, with all available data for participants who had completed at least two study 
sessions included in the analysis, regardless of actual use of a closed-loop control device."
